N,P,K,pH,Organic_Carbon,Temperature,Humidity,Rainfall,Crop,Soil_Type,Fertilizer
43.0,39.0,54.0,5.12,1.42,28.0,72.0,1100.0,Wheat,Loamy,Organic Compost
56.0,59.0,55.0,6.78,0.52,25.0,68.0,1400.0,Wheat,Clay,Organic Compost
33.0,44.0,23.0,5.33,0.99,27.0,75.0,1200.0,Rice,Loamy,NPK 20-10-10
19.0,56.0,25.0,4.85,1.95,30.0,82.0,1600.0,Cassava,Sandy,NPK 15-15-15
47.0,20.0,9.0,5.35,2.48,29.0,70.0,950.0,Maize,Loamy,DAP
12.0,17.0,22.0,7.03,0.7,26.0,65.0,800.0,Sorghum,Silt,NPK 20-10-10
25.0,54.0,32.0,7.49,1.3,31.0,60.0,700.0,Tomato,Loamy,NPK 15-15-15
43.0,46.0,46.0,7.41,2.1,24.0,74.0,1300.0,Tomato,Clay,Superphosphate
23.0,34.0,26.0,5.89,0.91,28.0,78.0,1500.0,Maize,Loamy,NPK 20-10-10
27.0,23.0,25.0,6.84,1.61,27.0,72.0,1100.0,Wheat,Loamy,Potash
15.0,21.0,10.0,5.22,1.97,32.0,85.0,1800.0,Beans,Sandy,NPK 20-10-10
15.0,23.0,5.0,5.53,1.73,26.0,79.0,1400.0,Rice,Silt,Organic Compost
28.0,32.0,9.0,7.64,0.88,25.0,64.0,900.0,Wheat,Loamy,NPK 15-15-15
57.0,59.0,45.0,4.55,1.21,33.0,88.0,1900.0,Tomato,Sandy,DAP
40.0,30.0,16.0,4.8,2.07,29.0,80.0,1600.0,Millet,Loamy,DAP
44.0,41.0,30.0,5.23,1.61,27.0,73.0,1200.0,Beans,Clay,NPK 15-15-15
28.0,30.0,50.0,4.59,0.51,34.0,90.0,2000.0,Tomato,Sandy,Organic Compost
7.0,57.0,38.0,5.14,2.02,28.0,76.0,1300.0,Millet,Loamy,Urea
26.0,27.0,53.0,6.54,0.57,26.0,68.0,1000.0,Wheat,Silt,NPK 20-10-10
57.0,13.0,18.0,5.97,1.99,31.0,83.0,1700.0,Maize,Sandy,Organic Compost
6.0,16.0,30.0,7.62,0.9,27.0,71.0,1100.0,Maize,Loamy,Potash
28.0,57.0,49.0,7.36,2.42,24.0,75.0,1350.0,Beans,Clay,Superphosphate
48.0,5.0,31.0,5.7,1.24,30.0,80.0,1500.0,Tomato,Loamy,NPK 15-15-15
34.0,5.0,13.0,5.41,1.15,33.0,86.0,1850.0,Cassava,Sandy,NPK 20-10-10
42.0,51.0,30.0,5.83,0.8,28.0,78.0,1450.0,Millet,Loamy,DAP
6.0,38.0,51.0,6.57,1.11,26.0,67.0,980.0,Rice,Silt,Superphosphate
25.0,36.0,26.0,5.44,2.25,27.0,74.0,1250.0,Tomato,Loamy,Urea
37.0,58.0,51.0,6.68,2.49,24.0,72.0,1300.0,Rice,Clay,Potash
16.0,52.0,34.0,5.93,1.24,30.0,82.0,1650.0,Tomato,Sandy,DAP
26.0,29.0,47.0,6.43,1.4,28.0,77.0,1400.0,Cassava,Loamy,NPK 15-15-15
48.0,44.0,52.0,6.03,1.94,25.0,70.0,1200.0,Cassava,Clay,NPK 20-10-10
29.0,49.0,21.0,5.53,2.27,27.0,75.0,1300.0,Beans,Loamy,NPK 15-15-15
53.0,57.0,30.0,7.82,1.69,24.0,63.0,850.0,Beans,Silt,Superphosphate
31.0,5.0,40.0,7.17,1.28,32.0,84.0,1750.0,Cassava,Sandy,NPK 20-10-10
46.0,20.0,5.0,4.99,1.33,29.0,79.0,1450.0,Sorghum,Loamy,Organic Compost
32.0,43.0,12.0,7.54,1.89,25.0,71.0,1100.0,Cassava,Clay,Urea
20.0,9.0,53.0,6.21,0.51,27.0,76.0,1350.0,Maize,Silt,Organic Compost
19.0,26.0,39.0,7.63,1.74,26.0,73.0,1250.0,Maize,Loamy,Organic Compost
51.0,33.0,56.0,7.3,1.21,24.0,68.0,1050.0,Sorghum,Clay,NPK 15-15-15
55.0,59.0,19.0,5.99,2.09,29.0,80.0,1550.0,Wheat,Loamy,Superphosphate
48.0,7.0,51.0,4.58,0.69,34.0,90.0,2000.0,Millet,Sandy,Urea
59.0,16.0,26.0,5.44,1.68,27.0,73.0,1200.0,Wheat,Loamy,NPK 20-10-10
56.0,30.0,18.0,6.4,1.46,26.0,71.0,1100.0,Rice,Silt,NPK 20-10-10
7.0,20.0,30.0,6.72,1.78,28.0,78.0,1450.0,Wheat,Loamy,Potash
41.0,55.0,32.0,5.4,0.63,31.0,85.0,1800.0,Tomato,Clay,DAP
55.0,41.0,27.0,4.99,1.66,33.0,88.0,1900.0,Wheat,Sandy,Potash
11.0,26.0,18.0,7.42,1.62,26.0,72.0,1150.0,Tomato,Loamy,Potash
25.0,33.0,28.0,7.95,1.62,25.0,65.0,900.0,Sorghum,Silt,NPK 20-10-10
13.0,18.0,6.0,6.34,1.71,32.0,86.0,1800.0,Maize,Sandy,NPK 15-15-15
43.0,32.0,49.0,5.1,1.85,28.0,77.0,1400.0,Beans,Loamy,Organic Compost
22.0,9.0,30.0,5.45,2.11,27.0,74.0,1250.0,Tomato,Silt,Superphosphate
8.0,51.0,18.0,4.56,1.04,31.0,84.0,1750.0,Maize,Clay,Organic Compost
29.0,53.0,55.0,7.7,2.15,24.0,70.0,1150.0,Millet,Loamy,Organic Compost
18.0,34.0,11.0,4.91,1.5,34.0,91.0,2000.0,Rice,Sandy,Urea
54.0,50.0,7.0,6.52,0.65,25.0,67.0,950.0,Millet,Clay,NPK 20-10-10
13.0,56.0,51.0,5.46,0.62,30.0,82.0,1650.0,Sorghum,Loamy,Superphosphate
30.0,9.0,27.0,6.44,1.17,27.0,73.0,1200.0,Wheat,Silt,NPK 15-15-15
57.0,16.0,50.0,6.78,2.07,28.0,78.0,1450.0,Wheat,Loamy,Urea
6.0,20.0,47.0,7.4,1.92,31.0,83.0,1700.0,Cassava,Sandy,DAP
24.0,30.0,51.0,5.22,2.08,29.0,80.0,1550.0,Cassava,Loamy,NPK 15-15-15
32.0,30.0,49.0,4.54,1.53,26.0,72.0,1150.0,Cassava,Clay,Potash
51.0,52.0,22.0,4.98,1.38,33.0,87.0,1900.0,Millet,Sandy,NPK 15-15-15
11.0,25.0,42.0,7.65,0.79,27.0,74.0,1300.0,Tomato,Loamy,NPK 15-15-15
48.0,43.0,39.0,7.56,1.16,25.0,68.0,1050.0,Rice,Silt,Organic Compost
12.0,40.0,55.0,6.59,1.37,29.0,80.0,1550.0,Cassava,Loamy,NPK 15-15-15
51.0,37.0,19.0,6.6,0.68,24.0,71.0,1150.0,Sorghum,Clay,Potash
39.0,34.0,29.0,6.83,0.94,27.0,76.0,1350.0,Sorghum,Loamy,Potash
18.0,41.0,59.0,5.11,1.7,32.0,85.0,1800.0,Cassava,Sandy,NPK 20-10-10
21.0,27.0,41.0,7.7,1.97,26.0,72.0,1200.0,Wheat,Loamy,NPK 15-15-15
40.0,14.0,32.0,5.97,2.5,28.0,77.0,1400.0,Cassava,Silt,Organic Compost
54.0,58.0,14.0,5.84,2.37,24.0,70.0,1150.0,Rice,Clay,NPK 15-15-15
44.0,9.0,43.0,6.32,1.79,29.0,80.0,1500.0,Cassava,Loamy,DAP
8.0,40.0,21.0,4.66,1.34,33.0,88.0,1900.0,Rice,Sandy,DAP
6.0,38.0,43.0,5.08,1.77,28.0,78.0,1450.0,Sorghum,Loamy,Organic Compost
10.0,56.0,26.0,7.08,2.07,25.0,70.0,1200.0,Cassava,Clay,NPK 20-10-10
58.0,35.0,30.0,4.79,0.74,34.0,90.0,2000.0,Millet,Sandy,NPK 20-10-10
46.0,14.0,48.0,6.61,1.32,27.0,74.0,1300.0,Beans,Loamy,Potash
8.0,23.0,29.0,5.36,2.18,26.0,71.0,1100.0,Millet,Silt,Potash
58.0,36.0,21.0,5.86,1.27,28.0,78.0,1450.0,Sorghum,Loamy,Urea
33.0,5.0,17.0,5.51,1.64,32.0,86.0,1800.0,Rice,Sandy,Organic Compost
22.0,9.0,24.0,5.74,1.68,27.0,74.0,1300.0,Millet,Loamy,NPK 15-15-15
30.0,49.0,29.0,7.02,0.87,24.0,68.0,1050.0,Rice,Clay,Superphosphate
48.0,8.0,8.0,5.54,1.22,33.0,87.0,1900.0,Millet,Sandy,Organic Compost
38.0,20.0,14.0,6.48,1.17,27.0,75.0,1350.0,Millet,Loamy,Urea
14.0,28.0,7.0,6.17,0.55,26.0,72.0,1200.0,Rice,Silt,Potash
40.0,20.0,45.0,6.82,0.55,28.0,78.0,1450.0,Tomato,Loamy,Organic Compost
18.0,59.0,49.0,7.78,2.16,24.0,70.0,1150.0,Millet,Clay,Organic Compost
35.0,6.0,22.0,7.06,1.05,29.0,80.0,1500.0,Cassava,Loamy,Potash
52.0,53.0,51.0,5.25,1.54,34.0,91.0,2000.0,Beans,Sandy,Urea
19.0,32.0,40.0,4.61,1.1,27.0,74.0,1300.0,Sorghum,Silt,Potash
12.0,36.0,51.0,5.42,2.38,28.0,78.0,1450.0,Tomato,Loamy,NPK 20-10-10
18.0,31.0,26.0,6.58,1.02,25.0,70.0,1200.0,Rice,Clay,NPK 15-15-15
27.0,24.0,38.0,4.68,1.36,33.0,88.0,1900.0,Tomato,Sandy,Potash
44.0,28.0,51.0,6.24,2.25,27.0,75.0,1350.0,Maize,Loamy,Urea
25.0,16.0,12.0,6.59,2.18,26.0,72.0,1200.0,Maize,Silt,DAP
20.0,54.0,44.0,5.67,0.87,31.0,84.0,1750.0,Millet,Clay,NPK 20-10-10
49.0,39.0,53.0,7.2,2.11,34.0,90.0,2000.0,Millet,Sandy,DAP
22.0,37.0,48.0,4.87,1.42,28.0,78.0,1450.0,Cassava,Loamy,Superphosphate
51.0,37.0,23.0,4.76,1.47,25.0,70.0,1200.0,Beans,Clay,Potash
57.0,55.0,46.0,7.05,0.77,32.0,85.0,1800.0,Sorghum,Sandy,NPK 20-10-10
28.0,47.0,45.0,6.23,0.66,27.0,74.0,1300.0,Tomato,Loamy,NPK 15-15-15
30.0,41.0,41.0,6.91,1.96,26.0,72.0,1200.0,Maize,Silt,Potash
29.0,16.0,10.0,6.02,1.49,28.0,78.0,1450.0,Millet,Loamy,NPK 15-15-15
18.2,30.8,25.9,4.85,2.55,33.2,83.2,605.0,Millet,Sandy,NPK 20-10-10
58.9,47.0,54.6,6.14,0.9,29.1,43.5,1724.0,Maize,Clay,Organic Compost
15.6,34.1,31.8,7.38,0.83,27.3,42.4,647.0,Millet,Sandy,NPK 20-10-10
48.6,21.7,23.6,6.24,0.82,20.6,66.2,763.0,Tomato,Silt,Potash
43.0,37.4,21.1,7.58,2.17,25.7,55.9,1492.0,Cassava,Silt,Potash
8.3,41.1,35.9,7.11,2.12,27.2,71.3,624.0,Rice,Silt,Urea
32.3,36.3,44.9,6.85,1.62,29.2,56.7,449.0,Tomato,Loamy,NPK 15-15-15
25.2,43.8,17.8,4.72,1.02,23.9,76.4,1291.0,Rice,Silt,Potash
25.1,42.2,15.0,4.58,0.6,32.4,65.4,658.0,Tomato,Silt,Potash
37.2,26.7,24.0,5.62,1.79,25.2,44.8,589.0,Rice,Silt,NPK 15-15-15
42.1,23.4,53.7,7.38,1.98,27.0,55.0,554.0,Beans,Loamy,NPK 20-10-10
11.1,14.2,22.4,5.15,2.28,33.2,79.6,1091.0,Cassava,Sandy,NPK 20-10-10
24.5,7.5,17.5,4.65,1.49,24.6,47.9,565.0,Sorghum,Sandy,Superphosphate
46.9,32.4,22.6,6.69,0.45,37.2,66.5,1652.0,Rice,Silt,NPK 20-10-10
52.3,36.6,32.4,5.49,1.13,28.4,64.1,435.0,Tomato,Loamy,Potash
18.0,35.8,16.7,6.99,1.02,31.2,80.0,1630.0,Wheat,Loamy,NPK 20-10-10
17.7,9.6,31.3,5.87,2.23,34.2,57.4,1925.0,Sorghum,Silt,NPK 20-10-10
18.8,47.3,14.9,4.67,1.36,37.8,89.0,1598.0,Sorghum,Silt,NPK 20-10-10
41.8,33.3,52.4,6.95,1.22,19.9,81.1,820.0,Rice,Clay,Organic Compost
13.2,42.9,14.4,5.16,1.72,35.5,50.8,897.0,Beans,Silt,NPK 20-10-10
20.0,9.3,5.4,5.35,0.69,31.6,46.7,1210.0,Maize,Sandy,Superphosphate
16.4,41.8,38.0,7.23,0.69,20.5,91.0,1036.0,Millet,Silt,Urea
47.8,60.1,32.0,7.92,0.45,29.1,74.9,569.0,Rice,Clay,Organic Compost
53.5,37.6,52.1,7.48,1.43,33.7,41.0,575.0,Tomato,Loamy,NPK 20-10-10
22.0,34.8,38.1,7.71,1.73,26.3,60.6,1081.0,Maize,Loamy,NPK 15-15-15
27.1,18.4,17.9,7.26,2.2,20.1,43.7,1351.0,Beans,Silt,Superphosphate
21.0,14.0,46.7,5.11,1.03,21.1,46.4,434.0,Rice,Silt,Superphosphate
6.6,22.7,25.4,5.96,1.1,28.1,88.1,1762.0,Rice,Sandy,DAP
12.5,22.1,17.5,4.68,1.22,28.5,45.6,1734.0,Beans,Sandy,NPK 20-10-10
16.3,48.3,50.8,8.12,2.16,33.6,75.3,1646.0,Beans,Loamy,Urea
29.6,44.0,27.4,5.92,1.81,23.3,47.7,1165.0,Sorghum,Silt,NPK 20-10-10
35.4,35.4,33.8,5.9,1.91,23.9,92.2,1866.0,Rice,Clay,Organic Compost
30.5,43.6,35.4,7.48,1.57,30.7,55.8,1576.0,Maize,Silt,NPK 20-10-10
56.2,25.5,45.8,4.85,2.0,19.7,91.5,620.0,Tomato,Clay,Organic Compost
22.8,28.5,28.9,8.0,0.96,29.8,45.2,1386.0,Millet,Sandy,NPK 15-15-15
22.2,19.0,20.7,7.33,2.16,27.8,73.0,1890.0,Sorghum,Sandy,DAP
11.7,35.6,25.6,7.36,1.88,24.7,89.4,1620.0,Wheat,Silt,Urea
21.2,14.6,14.2,7.96,1.36,25.7,80.1,1285.0,Maize,Silt,Superphosphate
32.6,28.2,54.4,7.16,2.49,20.4,86.8,1419.0,Millet,Loamy,NPK 15-15-15
41.5,12.5,31.5,7.55,1.05,27.2,64.3,883.0,Sorghum,Loamy,DAP
24.6,61.9,56.9,5.55,2.24,20.1,95.0,1465.0,Millet,Clay,Organic Compost
57.7,21.2,30.1,5.03,2.11,22.0,90.1,1450.0,Wheat,Clay,NPK 15-15-15
23.2,29.0,12.2,7.64,0.53,34.0,91.0,1635.0,Rice,Sandy,Potash
6.2,11.1,8.7,6.37,2.04,30.6,86.8,648.0,Millet,Sandy,NPK 15-15-15
19.4,37.8,49.2,6.76,0.52,30.3,42.3,1815.0,Wheat,Silt,Urea
7.8,10.5,34.4,6.2,2.12,30.7,71.5,632.0,Cassava,Sandy,NPK 20-10-10
22.3,26.0,24.5,7.98,0.73,28.2,62.2,1159.0,Sorghum,Sandy,NPK 15-15-15
24.0,25.1,30.4,6.76,1.8,26.2,62.5,748.0,Beans,Loamy,NPK 15-15-15
6.1,17.6,19.2,5.33,1.66,29.3,78.6,1437.0,Sorghum,Sandy,NPK 15-15-15
45.9,35.6,30.6,6.82,1.19,28.3,80.5,1818.0,Sorghum,Loamy,Potash
34.4,46.4,25.5,7.6,1.49,20.3,44.0,1747.0,Millet,Loamy,DAP
15.0,10.2,14.4,7.25,0.43,34.5,87.1,996.0,Maize,Sandy,NPK 15-15-15
8.6,15.9,33.8,8.18,2.1,24.2,77.8,1529.0,Sorghum,Sandy,NPK 20-10-10
8.5,16.8,30.1,5.11,0.76,34.7,94.4,1290.0,Tomato,Silt,NPK 20-10-10
13.9,26.8,24.5,4.8,2.06,26.7,65.8,641.0,Beans,Silt,Urea
6.3,12.0,13.8,6.31,1.69,27.9,44.6,790.0,Beans,Sandy,NPK 15-15-15
35.3,36.1,40.0,4.72,1.21,28.8,58.6,1751.0,Tomato,Silt,NPK 15-15-15
55.8,41.2,58.2,6.67,2.27,24.8,67.4,1250.0,Millet,Clay,Organic Compost
32.5,23.9,10.3,5.75,0.82,18.5,91.0,1117.0,Cassava,Sandy,Potash
5.2,13.3,26.1,6.84,2.56,30.4,66.3,1618.0,Sorghum,Sandy,NPK 20-10-10
60.5,52.8,56.4,4.92,2.01,26.8,70.4,1447.0,Tomato,Clay,Organic Compost
13.6,27.0,27.5,5.78,0.67,18.8,82.8,1184.0,Beans,Sandy,NPK 20-10-10
49.1,25.3,41.3,4.81,1.62,34.0,90.9,1716.0,Cassava,Silt,NPK 15-15-15
16.7,41.0,42.7,7.36,2.3,32.8,84.0,478.0,Beans,Loamy,Urea
30.7,5.1,20.4,7.01,0.47,26.0,89.3,1475.0,Wheat,Sandy,DAP
34.6,55.8,32.6,6.68,1.27,23.5,88.8,700.0,Cassava,Clay,Superphosphate
50.1,53.9,61.9,5.6,1.3,20.7,71.6,1996.0,Maize,Clay,Organic Compost
36.5,58.4,40.9,5.0,1.2,19.3,51.1,428.0,Sorghum,Clay,Organic Compost
22.4,25.7,48.3,7.28,1.59,23.7,89.3,776.0,Tomato,Silt,NPK 15-15-15
30.2,39.2,32.8,6.92,1.06,22.8,57.7,649.0,Beans,Silt,NPK 15-15-15
21.8,28.8,28.5,6.12,1.45,37.9,77.1,1703.0,Maize,Sandy,NPK 15-15-15
20.0,36.2,16.4,6.92,2.5,28.3,63.8,457.0,Millet,Loamy,NPK 20-10-10
21.7,30.3,22.8,6.18,1.54,24.3,42.8,579.0,Wheat,Clay,Organic Compost
37.3,16.7,20.7,5.96,1.32,18.0,46.2,1780.0,Wheat,Silt,NPK 15-15-15
34.0,38.1,52.8,7.61,0.97,24.4,53.3,1168.0,Maize,Clay,Organic Compost
26.2,52.0,14.1,6.2,1.97,21.0,42.6,621.0,Maize,Loamy,Potash
10.6,5.9,8.3,6.79,0.93,29.4,72.5,1759.0,Wheat,Sandy,NPK 15-15-15
38.6,19.0,45.2,7.67,0.96,36.4,65.0,1365.0,Millet,Loamy,DAP
29.4,14.6,29.0,6.72,0.88,26.3,57.5,525.0,Maize,Sandy,Superphosphate
19.1,43.2,42.4,7.23,1.1,35.8,72.7,602.0,Cassava,Loamy,Urea
10.2,20.2,34.8,4.51,0.44,37.9,72.2,603.0,Tomato,Sandy,NPK 20-10-10
42.5,46.1,31.5,4.69,1.71,23.9,76.5,1738.0,Wheat,Clay,Organic Compost
11.9,31.2,12.6,6.76,1.62,25.9,77.3,1561.0,Sorghum,Sandy,NPK 20-10-10
54.3,30.0,34.1,4.55,2.15,28.4,62.4,551.0,Millet,Loamy,Potash
48.7,26.3,60.4,5.16,0.84,35.2,90.2,739.0,Cassava,Clay,Organic Compost
44.9,23.9,29.7,7.24,2.01,33.7,71.3,567.0,Tomato,Silt,Potash
53.5,24.2,28.6,7.25,0.45,37.6,60.7,1551.0,Millet,Clay,Organic Compost
33.4,45.6,44.4,6.01,1.72,36.7,65.7,715.0,Cassava,Clay,Organic Compost
17.6,19.0,41.4,5.76,2.5,22.9,45.4,1606.0,Cassava,Loamy,NPK 20-10-10
20.7,20.0,34.4,6.23,0.97,18.9,66.5,1935.0,Maize,Loamy,DAP
24.6,30.6,32.4,7.33,2.33,36.0,94.2,1972.0,Cassava,Clay,Organic Compost
25.8,32.8,43.2,4.86,2.26,30.3,69.8,664.0,Wheat,Clay,Organic Compost
48.6,37.1,43.6,5.6,1.22,26.1,81.8,1636.0,Rice,Loamy,NPK 20-10-10
25.1,57.6,24.2,5.48,2.26,21.6,62.7,1120.0,Beans,Clay,Organic Compost
43.8,44.7,22.3,6.46,0.95,22.9,48.9,1904.0,Tomato,Silt,Potash
20.5,19.7,20.9,6.49,1.36,20.6,46.9,1924.0,Millet,Sandy,DAP
14.9,31.3,16.7,5.44,0.47,20.4,90.4,914.0,Beans,Silt,NPK 20-10-10
17.0,21.0,10.6,8.16,2.2,32.8,65.8,645.0,Cassava,Sandy,NPK 20-10-10
22.1,34.4,53.4,6.8,2.05,33.9,51.7,1878.0,Maize,Clay,Organic Compost
12.1,54.7,24.1,4.73,1.41,20.6,48.4,1412.0,Tomato,Loamy,Urea
14.6,26.8,18.8,6.94,1.72,27.5,92.3,948.0,Beans,Sandy,NPK 20-10-10
30.4,6.2,18.5,7.8,2.05,37.8,69.2,1456.0,Tomato,Sandy,Superphosphate
27.8,43.8,29.3,6.58,1.98,28.2,89.9,1071.0,Beans,Loamy,NPK 20-10-10
29.6,30.9,17.4,4.84,1.87,31.1,76.5,432.0,Maize,Loamy,Potash
40.7,44.1,18.4,6.97,0.68,23.5,47.6,854.0,Rice,Silt,Potash
16.5,30.8,37.5,8.03,1.74,23.1,74.4,913.0,Beans,Silt,Urea
48.8,21.0,36.8,7.74,1.74,26.9,91.5,1766.0,Cassava,Clay,Organic Compost
28.6,34.6,22.0,5.4,2.41,36.5,86.4,1965.0,Sorghum,Silt,NPK 15-15-15
40.0,28.2,27.2,5.39,1.82,23.8,54.2,1338.0,Millet,Silt,Potash
47.1,49.0,19.2,4.53,1.14,34.0,86.2,621.0,Rice,Loamy,Potash
36.4,61.9,28.1,5.07,1.33,30.4,91.3,1969.0,Wheat,Clay,Organic Compost
13.1,31.5,24.9,4.91,2.23,21.5,63.3,1283.0,Sorghum,Sandy,NPK 20-10-10
35.4,49.7,50.0,6.41,0.61,32.6,93.7,909.0,Maize,Silt,NPK 20-10-10
22.2,48.2,34.8,7.41,2.23,34.4,62.9,914.0,Rice,Clay,Organic Compost
33.1,50.4,18.2,7.75,0.61,21.1,69.4,508.0,Tomato,Loamy,Superphosphate
18.1,28.2,6.0,6.91,2.21,21.4,48.1,1777.0,Wheat,Sandy,NPK 20-10-10
54.4,23.9,36.6,7.23,0.97,33.0,67.7,1600.0,Sorghum,Clay,Organic Compost
21.4,21.0,44.3,4.94,0.59,21.5,49.6,1717.0,Maize,Loamy,NPK 15-15-15
25.8,47.4,38.8,5.95,2.33,37.5,88.0,708.0,Beans,Clay,Organic Compost
24.4,43.6,36.4,6.54,2.22,32.2,41.5,479.0,Tomato,Loamy,NPK 20-10-10
23.2,30.0,44.6,7.56,1.63,25.7,54.9,1235.0,Cassava,Loamy,NPK 15-15-15
41.1,14.8,12.0,5.29,2.37,30.9,49.5,1824.0,Sorghum,Loamy,Superphosphate
47.3,10.5,17.0,6.67,0.83,31.6,51.8,559.0,Cassava,Silt,Superphosphate
10.3,9.0,30.8,5.69,1.19,19.1,59.7,824.0,Cassava,Sandy,NPK 20-10-10
50.2,52.0,16.3,4.9,0.65,30.4,46.7,1764.0,Rice,Loamy,Potash
20.8,34.9,6.3,5.98,1.11,37.0,71.7,1690.0,Millet,Sandy,Potash
28.9,28.7,48.8,5.91,1.27,29.7,47.0,914.0,Beans,Silt,NPK 15-15-15
44.4,32.8,23.1,6.01,1.35,30.7,91.0,1892.0,Wheat,Silt,Potash
26.9,31.9,27.4,6.94,1.62,24.4,59.0,1006.0,Maize,Silt,Urea
16.7,11.4,21.9,7.3,0.97,34.5,91.0,1356.0,Sorghum,Sandy,NPK 20-10-10
59.7,36.5,58.8,6.64,0.41,18.8,77.4,1300.0,Beans,Clay,NPK 15-15-15
48.6,33.3,32.0,4.52,2.13,24.6,88.3,997.0,Tomato,Loamy,Potash
9.8,28.2,19.9,6.49,2.52,37.3,87.1,700.0,Maize,Sandy,NPK 20-10-10
23.7,12.2,42.1,6.28,1.64,37.6,73.4,1080.0,Beans,Silt,DAP
8.6,28.8,30.1,5.55,1.07,35.5,41.3,1233.0,Cassava,Sandy,NPK 20-10-10
19.0,40.7,28.2,6.79,0.49,27.2,68.7,743.0,Tomato,Loamy,Urea
34.5,24.1,59.8,6.0,2.18,37.5,44.4,1443.0,Rice,Clay,Organic Compost
26.0,26.1,9.5,6.48,2.59,37.2,42.2,1529.0,Tomato,Silt,Potash
21.9,59.3,55.2,4.93,0.53,34.7,48.6,1256.0,Beans,Clay,Organic Compost
24.7,26.7,10.7,8.08,1.08,21.8,55.7,1943.0,Sorghum,Silt,Potash
42.9,49.0,43.4,7.99,0.68,33.9,70.0,1270.0,Rice,Silt,Organic Compost
49.6,40.3,39.2,5.93,1.2,25.8,44.9,524.0,Rice,Clay,Organic Compost
47.1,33.7,9.5,5.08,0.85,37.5,52.0,1225.0,Tomato,Silt,Potash
22.2,14.1,18.6,4.73,0.83,29.4,90.2,1260.0,Millet,Loamy,Superphosphate
41.6,33.9,44.3,8.01,1.17,19.8,52.4,1101.0,Millet,Silt,NPK 20-10-10
28.1,21.2,10.5,5.69,1.84,31.5,63.9,766.0,Millet,Sandy,Potash
52.3,20.1,16.6,6.34,1.54,28.2,64.0,1992.0,Beans,Loamy,Potash
17.7,7.0,22.8,5.34,1.8,19.0,94.0,1150.0,Sorghum,Sandy,NPK 20-10-10
14.6,47.4,39.9,7.39,1.34,30.8,87.1,1410.0,Maize,Loamy,Urea
40.9,53.3,27.9,6.07,2.19,28.1,80.5,1136.0,Cassava,Loamy,Potash
25.5,28.3,46.3,7.26,2.37,23.5,46.1,1930.0,Sorghum,Clay,Organic Compost
32.2,42.2,57.1,7.31,1.96,21.5,59.7,1165.0,Maize,Clay,Organic Compost
14.2,8.8,21.5,7.11,0.55,27.6,83.0,1597.0,Cassava,Sandy,NPK 20-10-10
47.3,22.4,27.5,5.15,1.43,25.8,53.3,1603.0,Rice,Loamy,Potash
17.6,30.9,25.0,5.87,0.92,33.3,91.2,1197.0,Rice,Loamy,Urea
54.9,38.4,50.3,7.86,2.14,27.2,44.5,425.0,Wheat,Loamy,NPK 20-10-10
25.1,31.9,31.2,7.6,0.64,22.5,83.6,1757.0,Cassava,Silt,NPK 15-15-15
50.3,25.5,29.3,5.49,1.73,36.8,59.0,1291.0,Tomato,Loamy,Potash
16.2,10.4,47.9,5.99,2.24,31.6,50.6,681.0,Rice,Silt,NPK 20-10-10
32.4,9.2,25.3,7.51,0.92,23.5,93.0,823.0,Beans,Sandy,DAP
22.9,45.4,45.2,5.9,2.24,22.3,40.2,1314.0,Beans,Loamy,NPK 20-10-10
20.9,34.3,46.8,4.83,1.27,32.9,60.4,702.0,Beans,Loamy,NPK 15-15-15
19.4,30.9,24.3,7.05,2.56,26.2,62.2,1877.0,Sorghum,Sandy,NPK 20-10-10
44.4,16.2,32.1,5.24,0.81,27.3,55.9,1674.0,Beans,Loamy,DAP
31.2,31.5,30.7,5.0,2.48,26.0,52.4,1755.0,Sorghum,Clay,Organic Compost
14.8,34.8,40.9,5.28,2.42,35.0,86.7,764.0,Maize,Silt,NPK 15-15-15
20.8,34.0,39.9,4.97,2.12,36.8,80.1,1106.0,Millet,Silt,NPK 15-15-15
27.3,29.6,27.5,5.57,0.66,22.8,67.7,1208.0,Sorghum,Sandy,NPK 15-15-15
41.0,46.4,18.4,7.23,1.89,28.5,50.4,1672.0,Cassava,Silt,Potash
32.5,34.5,15.6,6.86,1.44,37.7,45.2,1060.0,Tomato,Sandy,Potash
28.6,16.5,34.4,7.77,1.06,33.4,58.5,1370.0,Maize,Sandy,DAP
9.0,17.2,37.9,6.59,1.49,19.1,59.2,1784.0,Millet,Silt,Superphosphate
14.2,44.2,23.1,7.71,2.04,35.7,51.9,1250.0,Cassava,Loamy,Urea
17.7,9.1,48.3,7.13,1.8,32.9,69.2,1162.0,Millet,Silt,NPK 20-10-10
11.0,31.6,29.4,5.79,1.67,20.8,93.5,1845.0,Wheat,Sandy,NPK 20-10-10
27.1,28.9,23.8,4.94,0.56,37.8,44.1,612.0,Millet,Clay,Organic Compost
45.3,39.1,49.9,6.86,1.55,32.3,64.6,954.0,Tomato,Loamy,NPK 20-10-10
53.5,30.9,26.4,5.41,2.25,24.6,77.7,1770.0,Wheat,Clay,NPK 20-10-10
20.9,17.1,36.9,7.87,1.05,29.4,55.9,1287.0,Millet,Silt,DAP
38.8,17.8,41.8,7.0,1.9,19.5,64.6,1054.0,Sorghum,Loamy,Organic Compost
27.3,12.1,29.9,6.52,2.07,27.5,67.5,1392.0,Maize,Sandy,DAP
34.7,37.9,43.7,4.77,1.53,27.6,90.7,1190.0,Beans,Loamy,NPK 15-15-15
31.4,19.8,21.3,4.85,0.4,26.6,82.3,1574.0,Beans,Loamy,Organic Compost
9.6,33.2,10.0,6.82,1.12,30.8,62.7,1615.0,Sorghum,Sandy,NPK 20-10-10
20.0,27.7,30.5,8.2,0.89,23.7,53.8,821.0,Beans,Sandy,NPK 15-15-15
49.6,30.1,34.8,7.68,2.45,22.1,69.1,1733.0,Beans,Silt,Potash
49.4,49.4,46.1,7.45,0.99,24.4,70.1,1297.0,Cassava,Silt,Organic Compost
37.1,51.5,34.0,5.72,0.68,21.8,86.8,1114.0,Tomato,Clay,Organic Compost
21.6,5.6,14.5,5.15,1.84,23.5,43.6,488.0,Millet,Sandy,Superphosphate
43.6,14.5,33.5,6.15,1.37,19.4,84.2,1829.0,Wheat,Silt,DAP
21.5,9.5,11.1,6.94,1.99,30.0,92.4,1191.0,Sorghum,Sandy,Superphosphate
23.1,17.4,9.9,5.8,1.97,18.4,64.2,1430.0,Beans,Silt,Superphosphate
46.9,42.6,16.4,6.26,1.73,22.9,42.3,758.0,Tomato,Loamy,Potash
15.4,42.6,46.9,5.24,2.45,18.4,90.9,1923.0,Rice,Silt,Urea
48.7,46.0,48.8,6.54,0.57,35.0,73.8,1384.0,Millet,Silt,Organic Compost
26.5,51.1,23.2,7.2,2.27,27.4,68.0,900.0,Sorghum,Clay,Organic Compost
16.1,10.2,11.6,6.22,2.47,32.7,51.8,1775.0,Tomato,Sandy,NPK 15-15-15
12.3,23.6,32.8,5.45,1.92,37.7,48.3,541.0,Millet,Sandy,NPK 20-10-10
11.0,28.0,39.7,5.55,1.14,34.9,68.6,1748.0,Maize,Silt,Urea
35.3,12.9,45.2,6.31,0.71,21.1,77.8,476.0,Beans,Silt,DAP
31.0,29.8,34.4,5.53,0.47,30.3,60.6,1442.0,Rice,Loamy,NPK 15-15-15
22.7,31.6,28.9,7.5,1.23,28.6,72.6,435.0,Wheat,Loamy,NPK 15-15-15
25.7,12.2,40.9,7.99,0.45,30.0,82.0,856.0,Maize,Silt,DAP
59.0,61.2,21.8,6.15,1.6,20.9,58.5,1980.0,Tomato,Clay,NPK 15-15-15
25.9,32.6,54.1,6.26,0.69,19.0,92.0,825.0,Wheat,Loamy,NPK 15-15-15
25.8,47.1,29.1,8.09,0.97,28.1,87.3,1117.0,Wheat,Silt,NPK 20-10-10
16.7,20.9,34.3,5.19,1.06,18.6,61.6,720.0,Cassava,Sandy,NPK 20-10-10
36.3,19.1,22.9,5.79,1.98,27.3,59.9,1764.0,Cassava,Silt,DAP
32.0,15.3,6.2,6.33,0.67,22.8,81.1,609.0,Maize,Sandy,Superphosphate
23.2,26.3,26.4,8.17,1.15,21.3,68.6,1253.0,Beans,Sandy,NPK 15-15-15
8.6,47.0,19.1,4.65,0.64,22.8,55.1,452.0,Cassava,Silt,NPK 20-10-10
35.9,36.2,34.2,5.71,0.6,18.5,51.1,1611.0,Maize,Clay,Organic Compost
20.1,21.0,14.4,7.36,2.08,34.9,89.3,1095.0,Maize,Sandy,Potash
21.0,47.0,12.0,8.18,2.09,19.9,76.1,455.0,Tomato,Silt,Potash
33.3,44.0,12.1,5.52,1.31,18.8,64.7,824.0,Tomato,Silt,Potash
44.9,19.4,45.5,6.08,1.12,28.1,63.0,812.0,Millet,Silt,DAP
27.1,36.3,29.8,7.55,0.96,37.4,83.2,1948.0,Wheat,Loamy,NPK 15-15-15
20.8,10.1,29.5,6.66,0.98,36.6,46.3,1302.0,Rice,Sandy,DAP
22.9,29.5,7.0,6.4,0.97,31.3,46.5,1899.0,Maize,Sandy,Potash
14.7,22.6,26.5,6.14,0.74,20.1,95.0,1129.0,Maize,Sandy,NPK 20-10-10
32.7,7.6,8.4,7.94,2.48,24.3,59.5,1124.0,Maize,Sandy,Superphosphate
50.6,22.9,42.3,4.75,0.49,31.1,58.6,1449.0,Maize,Loamy,NPK 20-10-10
39.4,44.8,13.7,5.68,1.21,28.7,56.3,497.0,Beans,Silt,Potash
36.2,28.3,31.0,6.82,1.25,24.9,69.4,1635.0,Maize,Clay,Organic Compost
53.5,34.4,51.1,7.44,0.53,26.6,78.4,1979.0,Sorghum,Loamy,NPK 20-10-10
21.9,8.8,27.5,6.38,1.99,35.4,74.6,1380.0,Wheat,Sandy,DAP
56.5,21.5,43.4,5.3,2.29,31.0,63.1,701.0,Millet,Clay,Organic Compost
28.6,23.9,57.3,7.33,0.84,23.8,93.5,1533.0,Tomato,Clay,Organic Compost
14.0,6.2,26.9,4.66,0.41,32.6,92.2,1610.0,Maize,Sandy,NPK 20-10-10
18.1,14.7,20.7,6.1,1.72,36.0,94.7,526.0,Cassava,Sandy,NPK 20-10-10
15.6,13.6,10.2,7.33,1.49,36.4,41.8,507.0,Rice,Sandy,NPK 15-15-15
31.0,61.4,28.8,5.23,1.66,28.0,71.9,1003.0,Wheat,Clay,Organic Compost
30.4,41.7,49.3,5.87,1.65,19.4,49.4,511.0,Rice,Loamy,NPK 20-10-10
38.4,10.8,44.2,7.59,0.6,18.5,43.1,1766.0,Maize,Silt,DAP
30.3,46.2,33.0,6.35,2.58,21.0,85.7,483.0,Sorghum,Loamy,NPK 20-10-10
25.0,25.6,12.9,6.05,1.21,28.4,65.4,923.0,Beans,Sandy,Potash
23.3,14.3,44.6,6.73,0.69,31.9,86.6,780.0,Maize,Silt,DAP
22.0,52.0,61.5,4.67,2.05,19.4,72.6,1610.0,Wheat,Clay,Organic Compost
45.0,61.6,30.8,5.2,0.67,29.1,72.8,1668.0,Wheat,Clay,Organic Compost
46.6,22.6,35.9,5.6,1.13,36.6,77.5,1959.0,Beans,Loamy,Potash
19.6,8.2,12.1,6.45,0.55,36.6,46.8,717.0,Sorghum,Sandy,NPK 15-15-15
45.8,38.5,10.9,7.06,1.79,33.1,85.6,1549.0,Wheat,Silt,Potash
42.0,53.1,37.3,6.96,1.36,33.1,94.9,657.0,Maize,Loamy,Potash
40.2,44.0,22.1,6.0,1.68,29.7,76.2,1552.0,Sorghum,Clay,Organic Compost
38.9,35.1,38.1,4.87,1.0,28.5,88.0,1486.0,Millet,Loamy,Urea
50.8,54.8,44.9,6.69,1.14,26.9,87.5,1557.0,Rice,Clay,Organic Compost
6.5,9.3,10.8,5.88,2.48,28.1,52.9,569.0,Maize,Sandy,NPK 15-15-15
28.5,45.2,46.5,4.91,1.74,37.2,62.1,482.0,Wheat,Loamy,NPK 20-10-10
29.9,31.2,16.9,7.53,1.5,18.7,77.6,1921.0,Beans,Silt,Potash
10.2,47.5,47.4,6.47,1.81,27.3,63.1,591.0,Tomato,Silt,NPK 20-10-10
55.1,26.1,29.5,6.53,0.87,21.3,71.0,989.0,Rice,Clay,Organic Compost
18.5,51.3,50.8,7.57,1.79,30.4,75.2,1505.0,Beans,Loamy,NPK 15-15-15
40.8,23.8,8.5,6.39,1.52,26.7,58.7,800.0,Beans,Silt,Potash
60.7,27.3,33.4,5.59,1.6,28.0,75.4,1920.0,Beans,Clay,Organic Compost
13.1,23.3,31.9,4.61,1.76,31.6,81.1,1227.0,Sorghum,Loamy,Urea
21.7,24.2,47.5,8.18,0.43,29.2,81.3,1723.0,Maize,Clay,Organic Compost
42.0,48.9,17.3,7.93,0.46,34.7,44.2,711.0,Rice,Loamy,Potash
34.0,27.0,38.9,5.99,2.09,35.9,75.9,599.0,Cassava,Clay,Organic Compost
23.7,37.1,59.6,8.02,1.3,31.3,65.1,1606.0,Beans,Clay,NPK 15-15-15
12.0,25.0,15.5,7.78,2.2,27.9,82.5,834.0,Cassava,Sandy,NPK 20-10-10
56.2,54.6,57.9,7.75,2.51,22.6,91.3,1314.0,Maize,Clay,Organic Compost
15.3,13.7,12.2,4.8,1.49,35.8,74.7,1234.0,Tomato,Sandy,NPK 15-15-15
28.8,54.6,28.3,7.15,2.07,29.5,87.5,866.0,Rice,Clay,Organic Compost
46.3,40.6,48.4,8.17,1.32,34.3,81.0,1125.0,Maize,Loamy,Organic Compost
43.7,24.4,29.5,7.61,1.27,25.9,53.5,1187.0,Rice,Clay,Organic Compost
15.0,36.7,32.1,6.77,1.38,26.0,66.0,1331.0,Cassava,Loamy,Urea
42.3,39.3,22.3,7.46,2.28,21.1,72.0,856.0,Wheat,Silt,Potash
40.9,23.0,34.0,8.01,1.24,35.5,94.3,1800.0,Maize,Loamy,Potash
6.0,16.8,31.1,7.05,1.57,25.8,84.7,1535.0,Millet,Sandy,NPK 20-10-10
17.7,15.2,35.0,8.1,0.94,23.0,47.7,1777.0,Sorghum,Silt,NPK 20-10-10
49.6,8.5,31.4,6.4,2.18,25.1,62.6,669.0,Maize,Silt,DAP
25.7,36.5,57.5,4.51,1.06,29.1,58.4,835.0,Millet,Clay,Organic Compost
30.2,37.7,32.2,4.84,2.26,21.5,82.1,977.0,Millet,Silt,NPK 15-15-15
10.6,19.9,6.0,5.33,1.99,34.7,44.4,1811.0,Rice,Sandy,NPK 15-15-15
26.0,25.2,20.8,6.92,2.42,20.0,57.4,516.0,Beans,Sandy,NPK 15-15-15
36.4,43.3,49.6,5.1,2.16,35.7,42.7,1607.0,Sorghum,Silt,NPK 20-10-10
34.1,23.2,17.8,4.93,0.63,30.8,59.3,747.0,Tomato,Loamy,Potash
42.6,59.3,36.2,7.59,0.57,32.8,94.4,1755.0,Rice,Clay,Organic Compost
34.8,48.5,52.4,8.19,1.48,19.2,72.8,590.0,Sorghum,Clay,Organic Compost
50.7,27.7,27.0,4.67,2.32,31.9,42.2,445.0,Tomato,Clay,Organic Compost
37.7,30.7,51.7,5.56,1.89,19.1,92.6,1969.0,Sorghum,Loamy,NPK 15-15-15
21.5,46.9,43.7,5.32,1.39,27.3,85.5,1494.0,Wheat,Loamy,NPK 20-10-10
23.6,28.0,14.0,7.41,1.35,26.8,53.5,735.0,Beans,Loamy,Potash
22.7,52.2,35.8,5.91,1.35,34.3,57.6,1613.0,Beans,Clay,Organic Compost
18.0,27.4,18.7,6.03,1.56,24.4,45.7,1064.0,Cassava,Sandy,NPK 20-10-10
43.4,59.1,21.5,6.8,1.41,18.4,53.7,590.0,Millet,Clay,Organic Compost
29.3,34.7,12.0,5.1,0.61,29.0,58.1,1277.0,Wheat,Loamy,Potash
52.5,16.7,17.5,5.04,2.56,30.4,73.6,1979.0,Cassava,Loamy,NPK 15-15-15
20.8,38.8,30.1,5.92,2.45,21.0,94.8,1007.0,Beans,Loamy,NPK 15-15-15
14.5,51.7,36.4,7.11,0.73,28.7,77.0,1130.0,Beans,Loamy,Urea
43.9,9.4,37.8,8.2,0.42,21.2,77.1,496.0,Rice,Silt,DAP
37.3,27.7,42.0,6.7,0.86,29.3,88.5,1467.0,Tomato,Loamy,NPK 15-15-15
23.6,30.3,20.5,8.15,0.89,34.3,49.3,854.0,Maize,Clay,Organic Compost
29.0,33.7,31.3,5.07,2.11,21.0,90.2,1229.0,Maize,Sandy,NPK 15-15-15
20.5,30.4,58.4,7.45,2.53,20.0,72.6,811.0,Rice,Clay,Organic Compost
24.2,36.7,19.9,6.24,1.83,20.6,91.2,1209.0,Maize,Loamy,Potash
26.3,26.5,31.3,6.77,1.01,20.0,73.3,506.0,Tomato,Sandy,NPK 15-15-15
35.6,18.9,38.2,7.43,2.21,24.2,70.2,1301.0,Wheat,Loamy,DAP
16.8,49.1,12.1,7.57,1.71,22.9,81.0,535.0,Tomato,Silt,NPK 20-10-10
24.7,23.3,51.5,5.58,2.36,33.2,78.4,846.0,Sorghum,Clay,Organic Compost
11.8,21.7,17.9,5.96,2.03,27.5,71.4,903.0,Beans,Silt,NPK 20-10-10
49.0,37.9,28.3,7.42,0.54,23.1,52.7,1977.0,Maize,Loamy,Potash
20.2,27.7,46.7,5.9,2.43,33.3,64.6,1599.0,Sorghum,Clay,Organic Compost
24.3,32.6,12.5,7.78,0.61,31.0,83.1,1383.0,Cassava,Sandy,Potash
18.5,21.3,23.6,6.71,1.37,22.9,88.6,998.0,Sorghum,Loamy,Urea
15.6,38.7,26.8,4.56,2.52,34.3,79.8,1791.0,Cassava,Silt,Urea
45.7,45.6,31.2,5.32,0.65,31.2,83.0,1618.0,Maize,Clay,Organic Compost
27.1,31.0,46.6,7.74,2.42,35.0,93.1,1145.0,Rice,Silt,NPK 20-10-10
12.7,10.1,33.6,5.22,2.51,33.2,75.3,1482.0,Maize,Sandy,NPK 20-10-10
20.0,52.3,25.0,5.44,1.96,31.1,64.8,1412.0,Tomato,Loamy,NPK 20-10-10
31.4,31.5,26.8,5.73,1.13,27.1,50.5,709.0,Millet,Clay,Organic Compost
48.9,59.6,37.9,7.83,0.62,18.9,79.7,1618.0,Maize,Clay,Organic Compost
28.3,16.3,14.1,5.14,2.59,19.3,85.5,1423.0,Sorghum,Sandy,Superphosphate
30.8,10.5,5.0,6.71,1.18,20.5,50.2,931.0,Wheat,Sandy,Potash
46.5,21.1,49.3,8.07,0.71,32.3,73.0,1505.0,Wheat,Silt,NPK 15-15-15
23.1,34.6,25.2,7.13,2.57,31.6,42.2,1787.0,Sorghum,Sandy,NPK 15-15-15
20.2,33.1,12.7,6.32,0.78,19.2,44.4,1563.0,Tomato,Sandy,Potash
13.6,10.9,5.8,6.55,1.94,31.0,61.3,1288.0,Rice,Sandy,NPK 20-10-10
59.1,52.0,58.8,7.89,1.83,36.6,62.9,406.0,Rice,Clay,NPK 20-10-10
15.6,26.0,28.7,6.68,0.72,33.0,59.5,421.0,Beans,Sandy,NPK 20-10-10
13.2,29.4,27.8,7.07,0.71,34.2,77.2,712.0,Wheat,Sandy,NPK 20-10-10
30.9,16.8,34.3,4.87,0.76,20.7,92.5,856.0,Maize,Loamy,DAP
50.6,36.2,51.5,5.61,0.65,29.1,59.0,1683.0,Tomato,Loamy,NPK 20-10-10
53.8,35.8,23.6,6.31,0.48,34.1,45.6,894.0,Maize,Loamy,Potash
15.4,41.9,15.1,6.27,1.15,22.6,50.4,1621.0,Rice,Loamy,NPK 20-10-10
33.8,22.8,24.2,7.13,1.95,34.4,66.6,1253.0,Maize,Sandy,NPK 15-15-15
24.9,6.0,13.3,4.85,0.82,30.8,74.6,1074.0,Beans,Sandy,NPK 15-15-15
15.6,26.6,22.4,6.32,1.47,37.3,81.6,1195.0,Cassava,Sandy,NPK 20-10-10
33.3,14.6,12.7,8.2,1.98,18.9,43.4,441.0,Wheat,Sandy,Superphosphate
52.1,52.3,35.5,6.78,1.04,19.3,80.6,563.0,Wheat,Loamy,Superphosphate
30.7,42.4,46.5,6.74,2.26,26.1,86.7,1210.0,Maize,Loamy,NPK 20-10-10
13.2,5.8,12.3,5.86,1.17,28.5,88.6,868.0,Wheat,Sandy,NPK 15-15-15
42.5,14.6,12.3,6.36,1.88,33.9,72.4,1638.0,Rice,Silt,Superphosphate
17.0,13.7,26.1,6.33,1.18,29.2,66.4,1485.0,Beans,Loamy,NPK 20-10-10
15.4,22.6,22.9,5.66,1.13,31.9,75.6,616.0,Millet,Sandy,NPK 20-10-10
13.6,48.8,19.0,6.38,1.33,18.2,90.3,1128.0,Wheat,Loamy,NPK 20-10-10
44.4,46.7,31.4,5.25,1.91,29.0,91.9,1103.0,Wheat,Silt,Potash
42.0,53.9,13.2,7.24,2.44,19.5,46.1,1507.0,Beans,Loamy,Potash
30.0,20.7,32.2,7.75,2.19,28.3,53.8,1210.0,Millet,Sandy,NPK 15-15-15
9.0,20.3,6.6,5.61,0.91,30.4,83.3,492.0,Millet,Sandy,NPK 20-10-10
34.4,47.7,36.9,5.07,1.56,19.7,88.3,1879.0,Maize,Clay,Organic Compost
31.4,49.4,18.4,4.78,1.64,24.6,57.7,411.0,Tomato,Silt,Potash
27.9,21.7,35.3,7.75,1.14,31.6,81.6,925.0,Maize,Clay,Organic Compost
36.0,12.0,13.5,8.17,2.12,36.8,89.6,433.0,Wheat,Loamy,Superphosphate
53.2,20.3,32.1,7.28,2.14,30.4,56.6,897.0,Maize,Clay,Organic Compost
31.2,35.8,29.6,6.54,1.35,34.5,90.0,1891.0,Millet,Loamy,NPK 15-15-15
42.3,48.0,36.2,7.09,2.05,31.5,81.0,734.0,Maize,Loamy,Potash
12.1,48.8,38.2,4.98,2.2,32.3,81.7,1027.0,Maize,Loamy,Urea
44.0,20.0,47.1,7.16,1.65,27.9,84.5,1490.0,Beans,Clay,Organic Compost
42.4,54.5,53.8,7.9,2.06,30.2,49.5,1269.0,Sorghum,Loamy,Organic Compost
44.5,12.6,24.0,6.37,1.35,20.2,48.4,1740.0,Sorghum,Silt,DAP
20.7,39.9,26.9,7.11,2.15,22.6,72.6,647.0,Cassava,Clay,Organic Compost
21.3,31.6,11.8,5.72,1.44,27.6,94.9,583.0,Maize,Sandy,Potash
31.2,22.4,29.8,5.58,2.16,28.0,90.9,1396.0,Cassava,Silt,NPK 15-15-15
29.2,46.0,15.7,8.1,2.19,35.2,66.6,1740.0,Sorghum,Silt,Potash
25.9,32.9,38.7,5.69,1.25,34.4,54.1,1592.0,Rice,Clay,Superphosphate
28.8,17.1,26.7,7.89,2.16,25.8,66.6,1647.0,Millet,Sandy,DAP
26.1,46.7,15.7,4.66,2.59,35.4,88.6,1922.0,Millet,Loamy,Potash
25.5,41.1,29.2,7.96,0.41,20.9,53.6,718.0,Maize,Clay,Organic Compost
26.1,38.4,50.3,6.73,1.93,25.3,48.8,913.0,Tomato,Loamy,NPK 15-15-15
31.7,38.9,55.1,6.97,1.63,35.7,77.0,1428.0,Sorghum,Clay,Organic Compost
34.0,23.0,17.5,6.68,0.54,34.4,51.9,1687.0,Wheat,Sandy,Potash
21.3,54.3,27.4,4.69,2.06,25.0,61.4,795.0,Maize,Clay,Organic Compost
16.8,21.0,16.5,5.68,0.58,21.2,62.9,1807.0,Maize,Silt,NPK 20-10-10
31.7,25.4,12.2,6.05,0.86,20.6,60.9,1321.0,Beans,Sandy,Potash
20.4,22.5,41.2,7.75,1.11,29.4,55.3,485.0,Millet,Silt,NPK 15-15-15
37.9,40.5,27.7,4.85,1.17,37.0,73.8,1010.0,Wheat,Clay,NPK 20-10-10
7.8,21.3,27.6,6.07,1.06,18.9,41.4,1088.0,Sorghum,Sandy,NPK 20-10-10
22.2,25.5,6.8,5.07,1.13,31.4,64.1,1575.0,Rice,Sandy,Potash
34.8,27.6,30.6,7.58,2.01,34.0,91.4,1160.0,Millet,Sandy,NPK 15-15-15
55.7,38.1,54.4,7.46,2.52,23.0,79.0,1611.0,Sorghum,Clay,Organic Compost
22.2,22.4,10.0,8.11,0.96,32.5,83.8,1106.0,Beans,Sandy,Potash
48.8,34.0,15.9,7.15,0.95,35.5,57.0,720.0,Rice,Loamy,Superphosphate
51.6,39.5,34.4,5.47,1.01,36.6,49.1,1981.0,Millet,Clay,Organic Compost
22.7,14.5,46.0,6.4,1.14,31.2,74.7,1904.0,Cassava,Loamy,DAP
29.5,28.8,19.7,7.11,0.57,33.2,92.9,536.0,Cassava,Sandy,Potash
29.5,42.0,59.0,8.05,0.68,25.0,78.4,754.0,Maize,Clay,Organic Compost
14.4,31.6,35.4,6.9,2.11,26.3,55.0,425.0,Wheat,Silt,Urea
10.3,5.6,9.7,6.96,1.79,36.7,83.9,1308.0,Wheat,Sandy,NPK 15-15-15
14.6,30.5,28.8,6.08,1.02,31.7,86.3,1630.0,Beans,Loamy,Urea
21.3,50.4,42.9,5.5,1.12,36.7,74.3,1161.0,Wheat,Clay,Organic Compost
39.7,32.2,38.5,7.04,0.49,33.9,55.6,1492.0,Millet,Clay,Organic Compost
38.1,53.2,33.9,7.21,1.95,22.7,55.6,1078.0,Sorghum,Loamy,NPK 20-10-10
36.4,45.4,29.2,7.48,1.36,32.1,44.5,1152.0,Beans,Clay,Urea
22.4,47.9,21.6,6.59,0.97,30.4,65.7,993.0,Tomato,Silt,NPK 20-10-10
8.6,35.0,17.4,4.51,2.5,18.4,63.0,1548.0,Wheat,Sandy,NPK 20-10-10
31.9,53.9,13.7,8.15,2.27,36.6,54.0,628.0,Tomato,Loamy,Potash
34.5,51.8,38.7,5.65,1.28,20.7,50.6,629.0,Sorghum,Loamy,NPK 20-10-10
30.3,23.7,36.1,7.51,2.34,28.9,85.1,1218.0,Tomato,Silt,NPK 15-15-15
24.2,24.6,20.8,6.42,1.6,31.2,63.7,749.0,Millet,Silt,NPK 15-15-15
32.7,11.2,21.8,6.49,2.22,20.8,90.0,1250.0,Maize,Sandy,DAP
6.1,19.9,12.9,5.77,1.83,28.0,45.1,517.0,Sorghum,Sandy,NPK 15-15-15
33.5,15.5,45.0,5.28,0.6,35.5,56.2,1081.0,Rice,Silt,DAP
50.0,22.9,44.9,8.16,2.48,20.1,61.8,905.0,Beans,Clay,Organic Compost
13.2,15.3,7.7,6.34,0.75,26.6,47.9,1926.0,Tomato,Sandy,NPK 15-15-15
16.3,11.2,16.5,4.7,0.71,27.9,75.8,540.0,Sorghum,Silt,NPK 15-15-15
12.0,16.2,7.2,5.31,1.43,37.8,94.8,1967.0,Sorghum,Sandy,NPK 15-15-15
33.6,30.0,20.6,4.85,1.4,24.8,49.9,1546.0,Wheat,Clay,Organic Compost
18.1,30.6,15.7,6.33,0.74,21.2,73.7,822.0,Millet,Silt,NPK 20-10-10
6.3,22.0,21.4,5.43,1.4,19.8,79.7,755.0,Beans,Sandy,NPK 20-10-10
50.8,46.2,52.7,6.91,1.86,27.6,89.8,1217.0,Maize,Loamy,Organic Compost
30.9,13.2,24.5,5.66,2.26,25.6,85.2,1108.0,Tomato,Silt,DAP
58.8,40.2,30.9,5.39,0.98,25.3,79.5,1919.0,Rice,Clay,Organic Compost
18.5,29.8,30.5,5.58,2.5,25.9,84.0,1947.0,Sorghum,Sandy,NPK 20-10-10
32.6,13.0,41.1,5.54,1.93,36.2,50.0,1029.0,Rice,Silt,DAP
27.3,21.2,37.1,6.9,1.66,21.1,64.8,991.0,Cassava,Clay,Organic Compost
25.3,35.2,51.7,6.5,1.76,19.5,49.8,562.0,Tomato,Loamy,NPK 15-15-15
27.8,29.2,33.6,6.69,1.77,31.7,89.8,872.0,Millet,Clay,Organic Compost
25.2,51.0,16.1,7.13,2.0,36.3,68.5,915.0,Sorghum,Loamy,Potash
29.0,40.3,19.3,6.68,2.3,24.4,66.6,1922.0,Millet,Silt,Potash
36.2,61.9,26.4,6.42,1.45,34.0,90.0,1570.0,Beans,Clay,Organic Compost
20.3,20.3,5.6,6.36,2.28,32.2,83.8,1025.0,Cassava,Sandy,Potash
24.1,27.9,18.7,4.62,1.92,26.7,62.9,800.0,Wheat,Silt,Potash
32.4,37.0,12.3,7.86,0.56,27.0,51.4,1238.0,Cassava,Loamy,Potash
36.6,46.8,30.5,4.57,1.29,28.7,65.3,1939.0,Millet,Clay,Organic Compost
24.7,45.9,35.9,6.76,2.57,31.1,89.4,1561.0,Beans,Loamy,NPK 20-10-10
28.3,46.6,41.9,4.89,0.69,19.4,67.1,529.0,Tomato,Silt,NPK 20-10-10
43.1,19.8,29.8,4.93,2.35,21.5,45.6,728.0,Sorghum,Silt,DAP
33.8,39.3,39.5,5.2,0.54,27.0,51.1,1519.0,Wheat,Silt,NPK 15-15-15
8.4,22.0,10.6,7.01,0.56,37.5,77.6,691.0,Cassava,Sandy,Superphosphate
21.4,49.5,37.9,5.15,1.62,23.1,93.7,452.0,Cassava,Loamy,NPK 20-10-10
7.0,10.2,16.5,7.71,1.58,31.1,83.1,1725.0,Cassava,Sandy,NPK 15-15-15
38.2,19.1,43.9,4.58,0.83,34.0,58.7,640.0,Cassava,Silt,DAP
55.5,23.0,21.3,6.22,2.5,23.6,92.8,1820.0,Cassava,Clay,Organic Compost
48.8,41.5,37.8,7.52,2.14,33.1,94.9,1166.0,Sorghum,Clay,Organic Compost
16.9,9.8,25.0,7.67,1.04,32.0,40.4,969.0,Tomato,Silt,NPK 20-10-10
45.7,14.6,46.2,5.3,2.59,30.1,44.6,504.0,Millet,Silt,NPK 15-15-15
42.0,24.9,26.7,6.68,1.57,31.8,65.9,1542.0,Sorghum,Silt,Potash
12.5,17.4,35.8,5.77,2.47,30.5,68.6,1677.0,Maize,Loamy,NPK 20-10-10
8.1,34.0,47.3,7.42,2.28,25.9,85.3,1281.0,Millet,Silt,Urea
28.5,43.1,22.5,7.24,2.25,36.4,45.6,1904.0,Wheat,Clay,Organic Compost
15.0,12.8,13.1,6.39,2.19,20.5,46.9,1310.0,Wheat,Loamy,NPK 15-15-15
47.9,40.2,44.8,6.42,2.23,21.7,43.8,1450.0,Sorghum,Silt,Superphosphate
41.7,52.9,25.5,6.3,2.03,22.9,69.8,1455.0,Beans,Loamy,Potash
13.0,28.0,32.7,5.04,1.35,23.7,46.5,1219.0,Tomato,Silt,Urea
15.1,38.4,16.2,7.82,0.46,28.4,57.6,760.0,Sorghum,Silt,NPK 20-10-10
32.5,14.1,9.6,7.16,1.68,22.0,81.8,1230.0,Millet,Sandy,Superphosphate
18.2,10.4,27.7,5.08,2.11,34.0,81.1,431.0,Maize,Sandy,NPK 20-10-10
33.0,46.6,23.8,7.74,0.76,25.4,42.9,1588.0,Cassava,Silt,NPK 20-10-10
52.6,42.5,20.6,4.51,1.52,24.1,49.9,1382.0,Maize,Clay,Organic Compost
28.3,20.0,17.9,5.38,0.47,24.2,89.6,1730.0,Sorghum,Loamy,Potash
43.8,54.8,29.9,5.6,1.06,18.8,57.3,1805.0,Sorghum,Clay,Organic Compost
39.2,36.0,40.6,6.55,0.44,34.8,93.6,1445.0,Wheat,Clay,Organic Compost
26.4,18.4,37.1,4.67,2.21,26.4,62.8,923.0,Sorghum,Loamy,DAP
26.4,27.0,47.7,8.17,0.92,36.1,55.3,1437.0,Rice,Clay,Organic Compost
35.1,22.2,47.6,8.09,1.41,30.7,83.5,786.0,Wheat,Loamy,NPK 15-15-15
52.6,24.7,32.1,6.47,1.55,35.0,94.8,572.0,Sorghum,Clay,Organic Compost
32.6,33.2,48.8,7.35,0.44,27.1,74.0,1137.0,Wheat,Loamy,NPK 15-15-15
29.7,20.1,44.5,5.69,1.7,28.3,88.3,595.0,Cassava,Loamy,NPK 15-15-15
30.5,24.8,44.8,5.41,0.59,26.3,82.5,1761.0,Rice,Loamy,NPK 15-15-15
43.1,41.3,22.1,6.54,2.1,24.3,76.0,1170.0,Wheat,Loamy,Potash
48.0,56.4,25.9,5.85,0.51,18.6,94.4,1190.0,Wheat,Clay,Organic Compost
34.4,12.6,26.8,5.55,0.56,31.7,40.1,1481.0,Sorghum,Sandy,DAP
45.1,43.1,13.1,7.1,2.58,22.9,55.1,1702.0,Rice,Loamy,Potash
51.7,21.6,43.3,6.63,1.07,35.5,49.0,983.0,Sorghum,Clay,Organic Compost
54.5,23.3,40.5,4.78,1.89,33.8,86.7,1970.0,Millet,Clay,Organic Compost
20.2,32.4,24.3,7.77,0.92,27.9,80.1,724.0,Sorghum,Sandy,NPK 15-15-15
26.3,15.6,21.9,5.97,1.77,36.5,94.3,1443.0,Rice,Silt,DAP
44.0,17.1,12.5,8.1,2.3,24.1,77.1,1147.0,Tomato,Silt,Superphosphate
17.8,35.6,31.2,6.4,0.87,36.8,75.1,1839.0,Sorghum,Loamy,Urea
48.5,26.2,20.4,5.48,1.0,26.9,57.9,834.0,Tomato,Loamy,Potash
34.3,49.0,27.4,5.32,0.84,18.0,66.1,462.0,Beans,Clay,Organic Compost
32.6,11.5,14.3,6.22,2.26,34.1,46.9,599.0,Sorghum,Sandy,Superphosphate
45.0,12.5,32.1,5.08,1.91,36.3,65.0,533.0,Millet,Silt,DAP
42.1,22.3,44.7,5.51,0.75,24.1,41.9,850.0,Wheat,Silt,NPK 20-10-10
16.8,17.7,15.3,7.74,2.48,18.9,81.8,1579.0,Tomato,Loamy,NPK 15-15-15
13.6,18.6,30.7,7.2,1.44,22.9,80.0,1767.0,Maize,Sandy,NPK 20-10-10
29.2,32.6,34.6,7.37,2.55,26.9,58.8,998.0,Cassava,Loamy,NPK 15-15-15
23.6,38.0,27.0,5.78,2.15,22.9,73.7,1842.0,Millet,Clay,Organic Compost
26.8,37.4,33.8,5.05,1.38,28.9,54.7,1380.0,Wheat,Loamy,NPK 20-10-10
41.8,18.9,33.4,6.02,1.1,36.3,58.9,779.0,Maize,Silt,DAP
41.3,14.1,17.6,6.86,0.86,22.5,82.9,857.0,Tomato,Loamy,NPK 20-10-10
23.5,31.1,8.3,5.23,1.57,25.3,66.5,1879.0,Sorghum,Sandy,Potash
54.5,14.8,52.1,6.36,1.51,36.4,67.9,1101.0,Cassava,Loamy,DAP
36.5,21.2,42.5,6.88,1.27,18.1,64.6,410.0,Sorghum,Loamy,Potash
15.5,23.9,40.2,5.64,2.59,36.3,72.2,1947.0,Cassava,Loamy,Urea
27.5,9.1,25.5,6.32,0.44,23.5,92.5,905.0,Maize,Sandy,DAP
28.1,43.4,39.8,6.12,0.86,18.9,65.4,1704.0,Rice,Silt,NPK 20-10-10
22.8,18.1,22.4,6.41,1.9,28.2,91.7,1085.0,Cassava,Sandy,NPK 20-10-10
21.2,21.6,26.4,5.52,1.86,32.1,62.6,1043.0,Tomato,Sandy,NPK 15-15-15
53.0,58.2,44.9,5.61,1.9,32.8,58.3,1722.0,Beans,Clay,Urea
17.3,18.7,49.8,6.07,1.0,26.6,61.7,882.0,Wheat,Loamy,NPK 20-10-10
9.1,28.3,11.1,7.21,2.17,20.5,44.8,1919.0,Tomato,Sandy,NPK 20-10-10
21.0,31.7,41.2,7.78,1.0,33.5,76.4,584.0,Tomato,Clay,Organic Compost
31.0,39.3,30.6,5.4,1.93,29.7,68.6,1287.0,Rice,Loamy,NPK 15-15-15
36.3,35.3,26.3,6.71,1.73,24.8,87.3,1753.0,Tomato,Clay,Organic Compost
16.8,35.0,11.8,5.54,1.37,23.4,78.1,1169.0,Tomato,Sandy,NPK 20-10-10
45.3,41.3,29.0,5.57,0.8,35.6,79.1,1315.0,Sorghum,Silt,Potash
48.7,29.1,25.1,6.22,1.25,36.8,57.8,1704.0,Wheat,Clay,Organic Compost
32.6,17.2,16.7,5.1,1.01,35.6,66.1,946.0,Tomato,Sandy,Superphosphate
50.1,32.0,51.8,6.83,2.13,23.0,74.7,646.0,Cassava,Clay,Organic Compost
34.5,15.9,44.1,4.7,1.71,37.7,69.2,1681.0,Tomato,Silt,DAP
40.2,41.7,21.8,7.24,0.92,37.6,52.5,779.0,Millet,Loamy,Potash
35.2,50.0,26.7,5.09,1.47,22.9,53.0,415.0,Rice,Clay,Organic Compost
5.9,23.6,23.8,4.76,1.1,35.5,72.0,1059.0,Maize,Sandy,NPK 20-10-10
54.1,58.4,58.2,5.33,1.08,21.2,56.9,932.0,Rice,Clay,Organic Compost
58.6,24.3,20.3,7.66,1.95,25.1,72.8,758.0,Rice,Clay,Organic Compost
22.8,33.8,17.2,6.95,2.09,21.3,42.4,1103.0,Cassava,Silt,Potash
49.5,36.9,29.9,6.47,0.85,32.5,50.8,866.0,Tomato,Clay,Organic Compost
33.2,26.4,46.6,7.61,2.33,30.6,74.9,1375.0,Cassava,Silt,NPK 15-15-15
37.5,13.1,12.3,7.65,0.5,28.5,73.8,717.0,Maize,Loamy,Superphosphate
45.1,40.0,18.1,5.06,1.1,26.0,53.5,1998.0,Rice,Silt,Potash
14.7,49.2,17.5,6.06,1.63,20.4,84.9,839.0,Millet,Silt,NPK 20-10-10
45.3,22.3,27.1,5.1,1.06,20.9,90.7,1221.0,Sorghum,Clay,Organic Compost
13.3,20.1,13.8,5.77,1.4,28.1,94.1,757.0,Maize,Sandy,NPK 20-10-10
27.0,42.8,19.5,6.65,1.32,19.0,91.3,1062.0,Rice,Loamy,Potash
47.4,20.2,25.3,7.31,1.16,25.3,94.7,1289.0,Cassava,Silt,Potash
42.8,44.2,31.7,5.59,0.45,30.3,85.4,1121.0,Tomato,Silt,Potash
29.4,43.1,15.2,6.76,2.06,36.7,46.4,1882.0,Maize,Silt,Potash
10.3,29.3,34.2,5.64,1.35,29.1,70.4,467.0,Millet,Silt,Urea
32.5,34.3,14.0,5.15,0.88,27.6,88.1,1200.0,Rice,Sandy,NPK 20-10-10
30.3,23.6,21.9,5.68,2.44,24.6,85.9,1833.0,Millet,Sandy,NPK 15-15-15
13.3,24.8,7.6,6.25,0.88,19.3,40.2,920.0,Sorghum,Sandy,NPK 20-10-10
20.7,49.6,47.5,4.96,1.31,31.0,80.3,986.0,Maize,Silt,NPK 20-10-10
26.3,42.8,38.9,7.6,0.5,21.5,42.7,707.0,Rice,Loamy,NPK 15-15-15
20.8,24.7,16.5,4.51,1.88,19.1,87.6,436.0,Sorghum,Sandy,Potash
36.6,38.2,41.3,4.95,1.88,35.6,93.6,1109.0,Beans,Loamy,NPK 15-15-15
42.8,30.8,27.2,5.13,1.41,21.4,41.1,483.0,Millet,Clay,Organic Compost
7.2,18.5,12.4,8.06,2.4,26.1,64.7,1000.0,Wheat,Sandy,Urea
16.4,36.1,16.2,4.88,1.46,26.8,47.6,407.0,Wheat,Loamy,NPK 20-10-10
29.0,32.5,17.2,6.0,1.97,30.5,50.1,572.0,Wheat,Sandy,Potash
9.2,13.8,14.2,5.47,1.41,31.1,68.0,722.0,Tomato,Sandy,NPK 15-15-15
40.1,22.6,30.8,7.47,2.05,35.5,73.1,1077.0,Tomato,Clay,Organic Compost
35.3,32.6,14.5,7.78,1.21,19.0,58.0,1792.0,Sorghum,Silt,Potash
33.7,31.3,29.8,7.68,1.24,33.1,71.8,1551.0,Rice,Sandy,NPK 15-15-15
53.2,25.0,54.4,5.9,0.84,20.2,83.2,1288.0,Sorghum,Loamy,NPK 20-10-10
33.9,38.8,56.2,6.97,2.08,29.7,94.5,786.0,Sorghum,Clay,Organic Compost
43.3,45.8,50.5,5.74,0.43,30.6,94.9,871.0,Millet,Clay,Organic Compost
17.8,12.5,15.4,6.86,1.16,25.9,42.2,1869.0,Beans,Sandy,NPK 15-15-15
15.7,39.3,49.1,4.65,0.72,20.9,73.1,1874.0,Millet,Loamy,Urea
44.9,43.9,22.6,5.1,1.19,33.5,78.2,1465.0,Rice,Loamy,Potash
26.6,13.8,49.4,6.65,1.06,19.4,79.8,1598.0,Rice,Loamy,DAP
51.3,44.4,40.3,6.91,2.39,36.6,72.8,1067.0,Millet,Loamy,Organic Compost
24.3,7.3,9.3,7.83,2.35,37.0,63.5,1654.0,Maize,Sandy,Superphosphate
14.1,49.9,9.3,6.71,1.83,31.6,54.1,1555.0,Wheat,Silt,NPK 20-10-10
21.4,42.0,45.7,5.2,0.92,33.6,44.7,705.0,Sorghum,Loamy,NPK 20-10-10
31.6,24.3,49.1,6.22,1.35,26.2,57.2,921.0,Maize,Silt,NPK 15-15-15
36.6,16.5,24.1,5.04,1.62,32.6,59.5,661.0,Wheat,Silt,DAP
13.0,28.2,14.9,5.2,2.0,27.4,41.7,1936.0,Sorghum,Sandy,NPK 20-10-10
24.2,28.6,41.0,4.52,2.45,30.9,92.3,1708.0,Wheat,Silt,NPK 15-15-15
27.4,31.0,40.3,6.08,2.01,19.8,85.6,727.0,Rice,Loamy,NPK 15-15-15
25.4,54.1,54.4,7.23,2.51,23.4,85.5,963.0,Millet,Clay,Organic Compost
5.2,22.2,27.4,5.15,2.45,28.6,49.8,1434.0,Tomato,Sandy,NPK 20-10-10
41.5,16.8,16.6,7.24,0.52,34.2,83.8,626.0,Rice,Loamy,Superphosphate
24.0,6.9,33.3,5.27,1.9,20.6,51.5,1122.0,Tomato,Sandy,DAP
5.8,5.0,15.5,5.85,2.34,36.3,88.4,629.0,Tomato,Sandy,NPK 15-15-15
21.1,35.9,18.0,5.7,2.29,23.0,93.0,890.0,Tomato,Silt,Superphosphate
27.2,41.3,24.7,6.82,2.32,25.3,49.3,1040.0,Maize,Clay,Organic Compost
8.0,21.1,19.0,5.71,0.64,37.6,49.7,708.0,Sorghum,Sandy,NPK 20-10-10
38.6,30.5,38.0,6.99,1.02,36.3,56.8,717.0,Sorghum,Clay,Organic Compost
22.4,43.3,29.8,5.78,2.25,33.0,56.4,1371.0,Millet,Silt,NPK 20-10-10
60.4,43.1,45.1,6.72,1.61,23.8,93.4,1395.0,Wheat,Clay,Organic Compost
13.6,6.9,15.5,5.15,1.86,35.6,56.7,933.0,Cassava,Sandy,NPK 15-15-15
52.0,27.6,16.4,5.15,2.45,22.9,76.4,650.0,Rice,Loamy,Potash
26.2,20.8,41.1,7.69,1.12,20.6,94.0,1483.0,Beans,Clay,Organic Compost
49.3,36.2,33.6,7.15,1.98,37.0,71.3,871.0,Millet,Clay,Organic Compost
25.9,41.2,32.6,4.53,1.65,30.7,90.3,1062.0,Sorghum,Silt,NPK 20-10-10
42.3,22.8,57.7,7.87,1.61,29.1,43.2,1357.0,Cassava,Clay,Organic Compost
14.0,42.6,24.3,6.91,1.78,22.5,64.2,1737.0,Tomato,Loamy,Urea
26.6,21.1,34.9,6.77,0.42,30.2,80.4,1630.0,Wheat,Silt,Potash
19.7,30.1,15.1,4.92,1.87,23.3,79.1,477.0,Rice,Loamy,NPK 20-10-10
46.3,45.7,28.1,6.8,0.9,29.6,44.5,1095.0,Rice,Loamy,Potash
31.1,37.4,27.5,5.57,0.85,36.2,84.0,613.0,Beans,Loamy,NPK 15-15-15
8.6,30.2,13.5,5.28,1.93,23.1,89.1,1451.0,Tomato,Silt,NPK 20-10-10
49.4,27.6,35.6,6.41,2.39,21.3,71.8,1607.0,Beans,Loamy,Potash
35.7,27.3,44.5,6.06,0.43,19.4,50.7,1631.0,Millet,Clay,Organic Compost
12.4,30.4,43.9,7.27,1.04,20.5,89.5,1767.0,Maize,Silt,DAP
16.2,14.7,44.6,6.48,1.31,36.1,86.2,492.0,Millet,Loamy,NPK 20-10-10
43.1,61.3,48.8,4.89,0.84,34.5,94.8,557.0,Millet,Clay,Organic Compost
22.7,22.9,57.3,7.46,2.34,31.0,57.7,1850.0,Millet,Clay,Organic Compost
31.6,25.4,31.9,5.08,2.5,30.3,76.7,1862.0,Maize,Sandy,NPK 15-15-15
24.2,28.6,31.9,7.02,0.55,21.7,92.5,1950.0,Tomato,Sandy,NPK 15-15-15
16.5,27.8,27.6,4.82,1.74,20.9,67.1,783.0,Wheat,Sandy,Potash
27.3,33.0,19.1,6.03,1.19,30.3,59.3,1594.0,Rice,Sandy,Potash
18.2,30.1,17.4,4.64,1.96,29.0,79.8,540.0,Rice,Silt,NPK 20-10-10
27.5,44.4,18.2,7.23,2.33,34.3,84.6,1141.0,Millet,Silt,Potash
13.6,12.8,40.4,6.81,1.54,36.1,76.3,1034.0,Wheat,Silt,NPK 20-10-10
51.9,43.7,41.4,7.19,1.95,34.6,43.4,1608.0,Millet,Clay,Organic Compost
48.5,50.1,42.0,7.44,1.06,22.0,59.3,1056.0,Millet,Clay,Organic Compost
26.6,10.2,16.0,5.09,1.91,23.0,68.9,1667.0,Maize,Sandy,Superphosphate
22.0,35.4,31.1,4.86,2.32,28.3,66.0,718.0,Beans,Silt,NPK 15-15-15
23.6,36.4,31.9,7.79,2.47,22.4,45.5,1657.0,Beans,Loamy,NPK 15-15-15
13.0,22.8,13.9,7.54,1.68,28.3,70.5,804.0,Millet,Loamy,NPK 20-10-10
35.1,38.8,36.3,5.73,2.22,32.3,47.1,712.0,Sorghum,Silt,NPK 15-15-15
8.6,9.6,10.0,6.27,1.74,21.5,79.2,850.0,Sorghum,Sandy,NPK 15-15-15
45.8,53.3,33.2,4.66,0.97,21.2,86.4,536.0,Rice,Loamy,Potash
20.5,30.4,5.8,7.38,0.66,34.8,69.1,498.0,Millet,Sandy,Potash
25.8,53.5,39.5,7.76,1.8,30.5,56.1,614.0,Sorghum,Clay,Organic Compost
20.9,13.2,12.9,6.7,2.16,33.5,87.8,869.0,Sorghum,Sandy,Superphosphate
27.4,14.1,21.8,5.13,2.2,34.3,88.3,473.0,Tomato,Sandy,DAP
14.3,12.5,13.0,6.54,0.93,25.9,76.1,1738.0,Tomato,Sandy,NPK 15-15-15
9.4,29.5,6.1,5.48,0.53,31.3,60.3,1443.0,Tomato,Sandy,NPK 20-10-10
39.2,21.9,38.1,6.87,1.6,19.5,76.7,894.0,Rice,Clay,DAP
19.9,14.3,25.8,5.39,2.1,23.7,74.1,1679.0,Rice,Sandy,NPK 20-10-10
35.0,54.8,53.7,5.32,2.06,24.9,48.8,1465.0,Wheat,Loamy,NPK 20-10-10
29.8,15.1,25.0,5.85,0.49,25.6,92.3,1173.0,Sorghum,Sandy,DAP
53.4,51.0,36.6,5.89,1.68,34.3,87.4,1710.0,Tomato,Loamy,Potash
22.1,9.7,6.8,6.35,1.84,35.1,83.1,1772.0,Wheat,Sandy,Superphosphate
8.4,34.3,13.1,4.72,0.74,34.5,80.9,1918.0,Tomato,Silt,NPK 20-10-10
25.6,56.9,55.2,7.72,0.73,20.3,90.8,678.0,Beans,Clay,Organic Compost
8.7,5.6,34.8,7.74,2.41,23.7,52.1,1081.0,Cassava,Sandy,NPK 20-10-10
40.7,49.9,30.2,5.94,1.26,19.9,54.6,1203.0,Wheat,Silt,Potash
30.5,11.8,5.8,4.64,0.7,29.4,84.5,1819.0,Sorghum,Sandy,Superphosphate
14.5,24.9,22.0,7.72,1.47,22.5,55.9,618.0,Cassava,Silt,Urea
5.4,10.5,29.3,6.44,1.78,25.2,43.8,1770.0,Wheat,Sandy,NPK 20-10-10
22.2,7.5,7.9,7.46,1.48,22.8,59.2,1567.0,Wheat,Sandy,NPK 15-15-15
23.2,34.2,16.2,4.74,1.58,30.8,47.7,1285.0,Wheat,Sandy,Potash
55.1,38.0,60.6,8.13,0.68,25.4,73.0,536.0,Sorghum,Clay,Organic Compost
48.0,25.3,40.0,5.93,0.69,35.3,40.0,490.0,Cassava,Silt,NPK 20-10-10
26.7,14.9,25.7,5.41,0.41,28.7,46.4,860.0,Rice,Loamy,DAP
31.1,33.8,30.4,8.04,0.82,21.7,64.5,703.0,Maize,Clay,Organic Compost
46.9,45.7,47.3,7.36,1.12,36.4,80.3,1688.0,Millet,Clay,Organic Compost
13.5,17.7,7.9,6.17,0.49,18.1,91.2,1503.0,Rice,Sandy,NPK 15-15-15
36.5,50.3,40.1,6.73,1.41,24.9,78.4,1970.0,Beans,Loamy,NPK 20-10-10
30.4,30.3,54.6,7.12,1.19,25.4,63.7,459.0,Sorghum,Loamy,NPK 15-15-15
40.4,20.5,43.3,7.16,0.98,30.5,73.6,1744.0,Cassava,Loamy,NPK 20-10-10
28.4,9.9,25.5,7.42,0.73,27.2,94.4,1209.0,Beans,Silt,DAP
10.6,9.4,25.3,5.96,1.04,18.6,86.5,452.0,Maize,Sandy,NPK 20-10-10
45.1,30.4,26.5,6.47,1.93,21.9,64.0,1111.0,Maize,Clay,Organic Compost
18.3,33.9,16.9,6.3,1.09,27.0,63.9,1853.0,Maize,Loamy,NPK 20-10-10
29.5,34.8,23.2,6.06,1.87,34.8,71.1,1424.0,Beans,Clay,Organic Compost
41.3,15.0,11.8,7.97,2.52,30.3,60.8,1733.0,Cassava,Silt,Superphosphate
15.7,32.4,32.6,6.91,0.64,27.6,53.5,1816.0,Cassava,Sandy,NPK 20-10-10
42.3,31.5,48.0,4.78,2.16,18.7,41.5,1138.0,Tomato,Loamy,NPK 20-10-10
5.8,6.1,26.8,5.28,1.84,33.0,43.3,1632.0,Sorghum,Sandy,NPK 20-10-10
23.6,55.2,43.6,6.37,2.53,24.7,89.0,1552.0,Millet,Clay,Organic Compost
54.6,17.7,46.2,7.48,1.82,23.6,93.1,727.0,Millet,Loamy,DAP
14.8,38.3,11.7,7.06,2.27,25.0,79.0,651.0,Millet,Silt,NPK 20-10-10
26.4,49.1,41.2,6.47,1.95,27.8,73.0,769.0,Wheat,Clay,Organic Compost
12.6,33.1,15.7,7.63,1.67,26.1,53.7,1099.0,Tomato,Silt,NPK 20-10-10
27.7,39.3,23.9,6.08,1.14,21.0,79.3,1797.0,Maize,Silt,NPK 15-15-15
39.0,31.9,46.8,8.03,2.0,27.9,77.9,1636.0,Wheat,Clay,Organic Compost
26.2,19.5,29.0,5.71,2.47,28.2,66.0,957.0,Wheat,Silt,DAP
13.4,44.5,23.1,6.1,0.85,29.1,78.6,1810.0,Beans,Silt,DAP
42.3,24.2,20.8,5.6,2.33,23.8,65.5,1529.0,Beans,Loamy,Potash
44.4,19.5,49.7,5.52,0.68,37.5,51.1,619.0,Tomato,Loamy,DAP
13.6,33.2,39.9,7.43,0.74,29.1,84.8,658.0,Maize,Silt,Urea
20.7,10.8,26.7,8.06,0.86,31.0,51.7,429.0,Wheat,Sandy,DAP
59.8,42.4,26.6,6.16,0.85,35.6,78.0,946.0,Cassava,Clay,Organic Compost
52.9,23.4,20.9,4.92,1.27,27.3,47.5,1058.0,Tomato,Clay,Organic Compost
51.4,37.8,28.7,6.38,1.09,35.1,71.6,1192.0,Wheat,Loamy,Potash
54.1,29.5,26.4,7.05,1.43,31.7,81.8,873.0,Millet,Clay,Organic Compost
19.5,36.0,39.4,6.25,1.99,28.2,79.2,760.0,Cassava,Silt,Urea
23.5,35.9,48.8,5.42,2.02,37.1,87.6,1042.0,Tomato,Loamy,NPK 15-15-15
31.9,12.8,9.9,7.42,1.33,22.9,59.1,1612.0,Beans,Silt,Superphosphate
38.9,48.9,45.3,5.44,1.85,18.4,94.5,818.0,Millet,Silt,NPK 20-10-10
18.9,48.5,12.5,6.14,1.44,25.5,72.3,1864.0,Millet,Loamy,NPK 20-10-10
49.7,45.2,13.8,7.99,0.5,29.8,71.6,1658.0,Sorghum,Loamy,Potash
39.6,14.3,27.7,7.21,1.83,22.2,56.7,1950.0,Rice,Silt,DAP
21.4,26.7,55.0,5.62,0.46,28.3,44.6,839.0,Wheat,Loamy,NPK 15-15-15
14.2,31.3,19.4,4.95,1.69,28.1,80.9,1828.0,Tomato,Loamy,NPK 20-10-10
20.5,12.8,30.4,4.63,1.63,32.4,55.4,1782.0,Beans,Sandy,DAP
7.4,9.8,16.4,7.66,0.72,35.5,52.6,1124.0,Millet,Sandy,NPK 15-15-15
33.3,18.1,25.7,6.63,1.5,30.3,89.4,1519.0,Wheat,Sandy,DAP
33.5,26.2,34.2,6.14,2.07,37.4,92.8,1713.0,Tomato,Silt,NPK 15-15-15
27.5,40.1,30.8,4.51,2.53,35.3,68.3,807.0,Tomato,Clay,Organic Compost
46.5,55.0,27.0,5.4,0.99,19.9,61.7,428.0,Cassava,Loamy,Potash
14.7,38.8,12.4,7.7,0.89,20.2,40.6,1544.0,Maize,Silt,NPK 20-10-10
16.8,54.4,17.4,6.02,2.27,22.9,54.7,1694.0,Sorghum,Loamy,NPK 20-10-10
17.8,5.4,32.3,6.87,1.68,22.0,78.5,1484.0,Wheat,Sandy,Potash
41.3,19.0,13.1,7.1,2.15,25.7,41.3,1709.0,Tomato,Silt,Superphosphate
46.4,24.2,23.0,4.6,2.42,24.2,76.3,1983.0,Tomato,Clay,Organic Compost
34.4,28.2,37.8,8.05,2.13,26.5,58.3,1814.0,Sorghum,Loamy,NPK 15-15-15
30.7,50.1,53.9,6.26,0.82,34.9,60.2,913.0,Millet,Clay,Organic Compost
36.7,13.8,26.3,7.8,0.48,27.1,76.3,1820.0,Cassava,Silt,DAP
21.6,27.2,52.5,7.78,1.63,27.5,64.8,494.0,Wheat,Loamy,NPK 15-15-15
27.2,19.7,22.4,4.96,1.99,29.1,52.9,1397.0,Beans,Silt,DAP
27.3,28.8,15.0,6.47,1.73,21.1,48.5,1770.0,Wheat,Silt,Potash
23.8,30.2,27.2,7.61,1.78,27.0,61.6,1006.0,Wheat,Sandy,NPK 15-15-15
37.8,36.4,21.5,5.52,2.05,29.6,84.3,1268.0,Wheat,Clay,Organic Compost
7.9,34.3,5.4,6.71,2.14,24.6,72.9,979.0,Rice,Sandy,Superphosphate
12.0,12.1,33.7,6.45,1.4,31.8,40.9,834.0,Wheat,Silt,NPK 20-10-10
38.4,23.4,53.5,7.78,1.31,22.9,42.4,1346.0,Beans,Clay,Organic Compost
21.3,35.0,42.9,6.26,2.2,25.8,59.2,1333.0,Tomato,Silt,NPK 15-15-15
29.7,24.2,24.6,6.53,1.18,32.5,60.9,1015.0,Beans,Silt,NPK 15-15-15
40.2,33.7,31.5,7.16,2.07,34.9,60.6,923.0,Wheat,Loamy,Potash
46.5,43.3,52.5,5.2,1.62,21.2,62.4,1462.0,Sorghum,Clay,Organic Compost
45.2,40.5,30.1,8.02,1.33,33.8,49.2,857.0,Cassava,Silt,Potash
20.1,10.8,24.0,5.2,0.67,37.4,76.2,1898.0,Wheat,Sandy,DAP
36.7,36.0,12.6,7.69,1.76,32.9,67.2,1389.0,Wheat,Loamy,Potash
24.8,14.8,10.3,6.85,2.56,35.9,78.6,1985.0,Beans,Silt,Superphosphate
23.0,7.4,11.7,6.04,0.84,37.1,94.8,993.0,Maize,Sandy,Superphosphate
18.0,26.5,22.0,5.71,0.87,20.2,52.0,1849.0,Cassava,Loamy,NPK 15-15-15
27.2,34.3,13.9,6.9,1.64,31.6,71.2,1101.0,Cassava,Loamy,Potash
41.0,21.1,33.8,7.01,0.64,19.3,75.9,1036.0,Rice,Clay,Organic Compost
33.7,17.8,12.9,6.75,1.78,30.4,57.7,502.0,Tomato,Sandy,Superphosphate
13.2,46.9,8.6,6.73,2.48,25.2,69.0,1513.0,Rice,Silt,NPK 20-10-10
29.5,27.4,29.3,8.15,1.21,32.9,73.2,1467.0,Wheat,Sandy,NPK 15-15-15
50.1,27.0,40.1,5.54,1.71,33.0,83.5,1072.0,Wheat,Loamy,NPK 20-10-10
27.1,30.9,58.3,5.64,2.54,22.8,79.8,1318.0,Sorghum,Clay,Organic Compost
42.4,50.9,36.2,4.75,1.0,32.2,67.2,1278.0,Tomato,Loamy,Potash
52.5,50.4,50.0,7.15,2.36,29.9,93.2,591.0,Beans,Clay,Organic Compost
32.5,24.4,35.7,5.85,2.4,25.1,49.7,1322.0,Cassava,Loamy,NPK 15-15-15
43.7,42.6,27.3,6.71,1.65,33.5,59.9,798.0,Tomato,Clay,Organic Compost
5.8,29.6,10.9,7.41,1.95,37.4,93.1,839.0,Maize,Sandy,NPK 20-10-10
46.4,45.1,22.3,4.52,0.53,20.6,54.2,1851.0,Beans,Clay,Organic Compost
48.0,43.6,28.8,7.7,2.03,32.9,89.6,1358.0,Millet,Loamy,Potash
27.1,42.1,10.3,4.5,1.56,19.5,93.7,409.0,Wheat,Silt,Potash
48.6,24.0,9.1,4.6,1.62,37.7,93.9,940.0,Tomato,Silt,Potash
20.7,23.0,12.5,6.76,2.38,18.0,52.6,736.0,Sorghum,Sandy,Potash
23.8,8.1,27.2,7.78,2.44,31.2,50.9,536.0,Sorghum,Sandy,DAP
33.9,16.5,14.8,6.39,1.04,37.6,52.2,991.0,Wheat,Sandy,Superphosphate
24.1,44.0,13.9,6.66,1.29,21.4,40.7,837.0,Wheat,Silt,NPK 15-15-15
46.8,42.9,52.7,6.08,1.96,31.3,51.9,886.0,Cassava,Loamy,Organic Compost
18.9,11.8,34.8,4.93,2.5,34.2,86.1,1672.0,Millet,Sandy,NPK 20-10-10
39.8,39.3,19.4,5.17,1.12,27.6,71.6,1739.0,Tomato,Silt,Potash
19.1,28.1,22.1,5.37,0.42,24.8,54.1,1315.0,Tomato,Silt,Superphosphate
39.6,36.4,26.5,5.05,2.51,29.7,77.4,1250.0,Maize,Loamy,NPK 15-15-15
16.5,25.7,11.9,6.91,1.28,18.1,92.6,1790.0,Sorghum,Sandy,NPK 20-10-10
21.3,27.3,43.8,5.63,1.39,31.3,47.2,1076.0,Beans,Silt,NPK 15-15-15
13.7,17.8,37.9,5.08,1.33,32.3,82.1,552.0,Cassava,Silt,NPK 20-10-10
34.3,52.1,50.6,6.72,1.63,32.7,95.0,1326.0,Sorghum,Clay,Organic Compost
55.9,60.1,28.1,5.11,1.69,27.0,71.4,1677.0,Rice,Clay,Organic Compost
50.2,28.3,42.5,4.58,1.51,28.9,80.4,1439.0,Wheat,Clay,Organic Compost
17.0,53.8,51.7,5.7,0.97,26.7,77.9,971.0,Rice,Loamy,NPK 15-15-15
12.8,14.7,9.9,6.94,1.56,23.4,70.5,1188.0,Cassava,Sandy,NPK 15-15-15
17.6,50.0,42.3,7.06,1.22,24.9,40.3,1972.0,Beans,Loamy,Urea
30.8,9.7,15.3,6.81,1.53,33.7,76.2,1362.0,Cassava,Silt,Superphosphate
37.0,38.1,19.6,5.22,0.87,22.0,68.8,617.0,Wheat,Silt,Potash
21.1,33.4,28.1,8.16,1.07,22.4,50.8,998.0,Wheat,Clay,Organic Compost
35.3,46.3,40.2,7.63,1.65,23.8,78.7,1712.0,Millet,Clay,Organic Compost
56.9,28.3,53.0,6.72,1.58,28.3,86.9,1377.0,Beans,Clay,Organic Compost
38.8,58.1,49.9,4.69,2.34,34.5,70.1,436.0,Wheat,Clay,Organic Compost
14.6,23.9,32.4,5.82,2.29,36.4,41.2,783.0,Wheat,Sandy,NPK 20-10-10
16.8,24.7,23.4,7.24,1.98,19.7,48.7,612.0,Millet,Sandy,NPK 20-10-10
28.9,8.5,22.2,5.19,1.21,23.3,85.6,631.0,Beans,Sandy,DAP
48.9,23.3,58.1,6.88,1.4,31.2,88.3,1163.0,Beans,Clay,Organic Compost
11.0,41.1,13.3,5.96,1.25,23.6,62.1,1389.0,Cassava,Silt,NPK 20-10-10
56.5,60.8,39.3,5.71,0.5,18.7,61.6,1888.0,Rice,Clay,Organic Compost
60.7,38.0,31.6,6.08,0.87,35.7,59.9,1453.0,Maize,Clay,Organic Compost
35.0,28.5,13.6,7.84,1.6,23.7,88.3,487.0,Beans,Silt,Potash
34.3,40.0,31.1,4.98,0.48,21.2,92.4,1321.0,Sorghum,Clay,Organic Compost
37.8,13.9,19.6,6.93,1.45,33.4,89.3,1717.0,Cassava,Silt,Superphosphate
10.1,28.5,32.4,7.92,1.06,34.8,69.5,1716.0,Wheat,Sandy,NPK 20-10-10
23.3,60.2,37.9,5.8,1.18,25.6,92.0,500.0,Rice,Clay,Organic Compost
21.5,8.9,6.0,5.33,0.97,18.3,51.9,1581.0,Millet,Sandy,Superphosphate
24.4,21.4,50.0,7.35,1.58,23.1,57.7,1225.0,Beans,Silt,NPK 15-15-15
48.3,32.2,32.7,5.28,2.08,32.7,45.2,1352.0,Wheat,Silt,Potash
20.9,49.7,31.8,4.86,0.63,22.0,55.6,1194.0,Millet,Loamy,NPK 20-10-10
54.7,18.9,37.8,7.94,2.23,31.0,79.4,615.0,Rice,Loamy,Urea
27.4,21.6,51.4,7.76,2.2,32.3,48.5,477.0,Beans,Loamy,NPK 15-15-15
16.1,19.2,19.7,5.39,1.09,26.4,73.2,1929.0,Millet,Sandy,NPK 15-15-15
53.9,24.8,47.4,6.28,1.66,18.8,89.8,1924.0,Sorghum,Clay,Superphosphate
27.6,52.8,45.1,5.16,2.19,25.1,65.3,1020.0,Rice,Clay,Organic Compost
13.2,17.7,32.3,6.36,2.42,29.0,82.3,870.0,Cassava,Sandy,NPK 20-10-10
12.8,18.9,12.9,8.0,2.6,33.2,45.9,1838.0,Maize,Loamy,NPK 15-15-15
29.1,35.8,9.0,6.36,2.01,21.8,64.4,1252.0,Maize,Silt,Potash
48.5,38.7,37.1,6.73,1.6,19.2,78.4,1546.0,Beans,Loamy,Potash
25.2,15.9,5.6,4.72,1.17,27.2,49.2,703.0,Millet,Sandy,Superphosphate
52.4,36.1,27.2,4.91,0.59,25.8,42.5,934.0,Millet,Clay,Organic Compost
54.6,25.4,31.3,8.0,1.24,31.0,93.7,1281.0,Sorghum,Clay,Organic Compost
14.3,16.8,12.3,7.77,1.88,24.0,52.2,1493.0,Sorghum,Loamy,NPK 15-15-15
14.6,30.6,31.8,7.88,1.04,20.4,64.2,873.0,Maize,Sandy,NPK 20-10-10
34.6,46.1,49.0,6.91,2.49,19.5,59.8,414.0,Wheat,Silt,NPK 20-10-10
21.2,20.8,35.4,5.46,2.26,21.2,83.5,1287.0,Beans,Clay,Organic Compost
34.9,23.5,18.2,5.87,2.39,34.4,84.6,1386.0,Rice,Sandy,Potash
49.6,37.0,45.2,8.19,2.57,28.3,71.6,1836.0,Maize,Clay,Organic Compost
22.7,33.6,57.7,7.34,2.03,31.4,62.8,1045.0,Millet,Clay,Organic Compost
41.4,43.2,48.3,5.68,2.03,20.1,47.6,1068.0,Maize,Loamy,NPK 20-10-10
10.1,43.2,29.4,7.1,2.35,29.5,46.4,404.0,Sorghum,Silt,Urea
32.1,23.7,9.3,7.89,1.12,32.1,78.2,806.0,Millet,Silt,Organic Compost
25.6,42.1,47.3,5.32,1.56,18.8,51.8,1619.0,Cassava,Loamy,NPK 20-10-10
14.0,31.1,25.8,8.17,1.84,36.7,48.0,1121.0,Millet,Silt,Urea
39.2,34.0,54.7,5.14,2.46,26.0,65.7,1246.0,Maize,Loamy,NPK 15-15-15
58.3,60.9,61.9,6.98,1.39,35.0,41.3,1735.0,Beans,Clay,Organic Compost
28.1,27.9,13.4,6.07,1.3,22.5,53.6,1335.0,Tomato,Loamy,Potash
24.7,44.3,26.7,6.45,1.62,30.8,63.5,1215.0,Millet,Clay,Organic Compost
35.7,48.0,38.3,7.38,1.34,22.7,55.1,472.0,Cassava,Clay,Organic Compost
28.1,18.1,10.9,7.69,0.52,26.0,87.1,1029.0,Millet,Sandy,Superphosphate
37.8,18.5,40.2,6.12,1.14,22.8,85.3,1035.0,Maize,Loamy,DAP
7.8,18.2,20.2,6.19,2.2,36.2,83.3,1332.0,Cassava,Sandy,NPK 20-10-10
20.1,42.1,44.0,5.49,2.39,35.0,63.3,1854.0,Tomato,Silt,NPK 20-10-10
34.6,43.7,34.8,7.99,0.96,23.6,74.9,406.0,Wheat,Clay,Organic Compost
34.3,25.7,6.6,4.84,0.59,37.1,77.6,1084.0,Cassava,Sandy,Potash
20.7,42.4,44.8,5.59,1.51,22.5,60.8,1944.0,Millet,Loamy,NPK 20-10-10
30.7,18.0,37.9,6.35,0.79,26.2,74.9,1577.0,Millet,Silt,DAP
23.9,19.4,16.2,7.48,1.18,27.7,52.3,1498.0,Beans,Silt,Superphosphate
59.7,21.3,25.6,6.68,1.94,23.0,70.5,909.0,Maize,Clay,Organic Compost
53.8,31.6,39.9,6.64,1.1,23.1,94.3,731.0,Tomato,Loamy,Potash
46.6,20.0,53.6,7.04,0.6,31.9,73.2,940.0,Rice,Loamy,DAP
43.9,26.1,49.7,5.49,0.55,30.0,45.9,843.0,Tomato,Loamy,NPK 20-10-10
17.0,37.5,31.0,7.61,1.68,27.7,54.4,1667.0,Maize,Silt,Urea
48.2,43.9,38.4,4.64,0.68,28.0,81.0,1143.0,Rice,Loamy,Organic Compost
25.8,6.0,6.3,5.47,0.58,28.8,46.8,1437.0,Millet,Sandy,Superphosphate
59.8,31.5,21.2,5.72,1.96,19.2,59.8,877.0,Wheat,Clay,Organic Compost
35.7,30.5,46.3,4.88,0.73,25.7,76.1,1335.0,Maize,Silt,Potash
20.8,23.1,34.2,8.0,1.86,37.1,50.3,1390.0,Beans,Silt,NPK 15-15-15
15.9,34.5,9.2,6.02,2.32,36.0,93.9,1816.0,Sorghum,Sandy,Superphosphate
35.4,24.6,42.2,6.63,2.26,21.9,50.2,1105.0,Maize,Silt,Urea
13.9,21.7,7.1,5.13,1.77,24.1,51.8,766.0,Tomato,Sandy,NPK 20-10-10
10.0,15.9,25.6,6.4,1.71,23.0,91.3,1062.0,Sorghum,Sandy,NPK 20-10-10
40.2,38.4,50.1,4.72,2.24,31.6,59.8,810.0,Beans,Loamy,NPK 20-10-10
18.1,23.2,41.7,7.13,0.75,34.3,68.1,1758.0,Beans,Loamy,Urea
9.5,20.7,5.4,7.39,2.38,34.8,92.7,1845.0,Cassava,Sandy,NPK 20-10-10
57.6,58.9,60.9,7.34,0.84,36.9,92.1,1466.0,Tomato,Clay,Organic Compost
52.6,16.0,49.2,4.71,1.15,20.7,66.4,772.0,Rice,Loamy,DAP
57.7,31.7,21.1,7.37,1.95,28.9,84.8,1744.0,Beans,Clay,Organic Compost
50.2,48.4,35.2,4.51,0.93,33.3,79.0,930.0,Maize,Clay,Organic Compost
19.1,47.8,25.4,5.41,1.47,25.7,80.1,1939.0,Tomato,Silt,Urea
15.9,21.9,14.6,4.5,2.31,26.6,67.1,534.0,Wheat,Sandy,NPK 20-10-10
37.2,55.3,39.2,7.95,0.86,32.3,93.8,1279.0,Sorghum,Clay,Organic Compost
27.5,32.3,26.1,7.96,1.7,29.5,56.8,1535.0,Beans,Sandy,NPK 15-15-15
22.0,35.4,44.5,7.98,0.74,20.5,62.7,601.0,Wheat,Loamy,NPK 15-15-15
42.4,29.5,38.9,8.14,1.48,18.2,53.3,1966.0,Wheat,Clay,Organic Compost
38.5,15.3,36.8,4.97,2.2,36.8,49.5,1140.0,Sorghum,Loamy,DAP
7.0,12.9,34.7,4.67,2.29,19.5,69.1,1123.0,Rice,Sandy,NPK 20-10-10
19.7,44.2,43.2,7.09,0.46,23.2,86.2,1361.0,Millet,Loamy,Urea
12.8,33.4,26.8,4.97,2.46,29.6,58.3,1035.0,Sorghum,Sandy,NPK 20-10-10
36.9,42.6,20.4,7.99,1.18,26.4,78.4,1374.0,Maize,Loamy,NPK 20-10-10
50.8,46.4,47.4,5.46,1.32,29.1,42.4,1632.0,Beans,Loamy,Organic Compost
30.9,31.9,34.2,6.74,1.68,23.1,51.4,1722.0,Rice,Clay,NPK 20-10-10
41.9,44.1,57.2,6.81,2.54,35.4,51.8,786.0,Sorghum,Clay,Organic Compost
43.2,29.8,29.3,5.91,1.88,31.8,93.7,724.0,Cassava,Clay,Organic Compost
37.0,32.9,30.7,4.78,2.37,30.5,71.4,1263.0,Beans,Silt,NPK 15-15-15
39.7,29.4,9.4,5.98,2.44,25.5,62.7,1398.0,Maize,Silt,Potash
30.5,8.4,32.7,7.84,1.54,30.5,51.7,1117.0,Tomato,Sandy,DAP
54.2,23.1,37.5,5.61,1.22,26.0,58.4,1420.0,Wheat,Loamy,Potash
60.9,48.0,45.5,5.38,0.54,35.0,71.6,1063.0,Cassava,Clay,Organic Compost
40.9,21.8,46.7,5.49,0.7,32.0,49.0,1919.0,Maize,Silt,NPK 20-10-10
11.3,32.7,23.2,7.81,0.64,36.5,68.6,1469.0,Rice,Sandy,NPK 20-10-10
48.2,49.8,23.3,7.99,0.77,21.1,44.0,1026.0,Wheat,Silt,DAP
43.4,47.8,41.6,5.24,2.09,23.0,81.8,1308.0,Rice,Loamy,Organic Compost
29.8,33.2,25.0,8.07,2.46,21.9,80.2,959.0,Wheat,Sandy,NPK 15-15-15
34.2,26.8,13.0,5.87,1.33,33.0,90.9,914.0,Cassava,Sandy,Potash
16.8,20.1,8.2,5.12,1.28,36.3,59.2,800.0,Wheat,Sandy,NPK 20-10-10
39.3,20.4,48.9,6.04,1.88,23.6,40.1,951.0,Beans,Clay,Organic Compost
17.2,27.5,39.6,4.94,1.92,31.3,60.4,1953.0,Rice,Silt,Urea
13.3,25.3,20.8,6.52,2.42,35.4,56.8,1086.0,Maize,Loamy,Urea
6.9,33.2,31.0,5.29,1.94,29.4,84.1,1161.0,Sorghum,Sandy,NPK 20-10-10
7.4,22.5,11.4,7.03,2.22,20.2,62.0,1574.0,Tomato,Sandy,NPK 20-10-10
25.2,15.6,30.0,6.39,1.78,20.8,41.3,481.0,Sorghum,Sandy,DAP
46.7,20.6,34.6,7.45,1.88,20.3,89.3,657.0,Beans,Loamy,Potash
40.4,35.7,43.3,8.13,0.66,33.1,58.4,587.0,Beans,Clay,Organic Compost
20.9,29.4,39.3,6.63,1.99,34.7,62.5,1077.0,Sorghum,Loamy,NPK 15-15-15
8.2,14.4,10.2,5.93,2.54,29.7,63.6,1305.0,Sorghum,Sandy,NPK 15-15-15
18.4,26.0,6.8,6.5,1.6,33.1,94.0,1673.0,Cassava,Sandy,NPK 20-10-10
44.7,55.0,59.2,7.55,0.82,32.3,88.4,1490.0,Rice,Clay,Organic Compost
24.1,13.8,7.7,7.56,2.47,35.1,58.4,550.0,Sorghum,Sandy,Superphosphate
24.7,34.0,15.3,6.54,2.14,22.7,93.0,1348.0,Millet,Sandy,NPK 20-10-10
24.4,27.9,28.5,6.06,2.16,36.8,49.5,1623.0,Cassava,Sandy,NPK 15-15-15
25.3,44.3,8.9,6.11,1.9,20.2,83.6,1907.0,Wheat,Silt,Urea
48.9,16.3,11.3,8.02,2.36,31.1,70.3,1871.0,Rice,Silt,Superphosphate
55.4,47.4,41.2,5.94,1.51,28.4,59.8,1117.0,Tomato,Clay,Organic Compost
9.1,19.9,17.7,7.44,1.39,23.6,84.6,431.0,Cassava,Silt,NPK 15-15-15
43.1,52.5,55.2,7.99,0.54,34.0,79.0,731.0,Millet,Clay,Organic Compost
45.3,33.4,30.1,5.09,2.41,29.1,40.3,429.0,Cassava,Silt,Potash
33.1,36.6,19.7,6.61,0.93,36.9,87.3,861.0,Rice,Silt,Potash
48.3,24.5,31.6,7.94,0.76,29.0,45.8,1388.0,Sorghum,Silt,Potash
37.4,25.7,55.0,7.54,1.93,33.0,54.6,1427.0,Beans,Clay,Organic Compost
27.2,11.9,8.3,8.01,0.65,23.1,50.0,412.0,Beans,Sandy,Superphosphate
22.4,29.2,39.3,6.54,2.04,31.2,73.5,1439.0,Beans,Silt,NPK 15-15-15
41.3,14.1,36.5,7.23,1.06,35.5,56.8,790.0,Sorghum,Silt,DAP
37.5,35.5,57.7,6.18,1.93,33.9,74.5,1910.0,Rice,Clay,Organic Compost
33.5,20.7,5.7,5.46,1.77,21.1,72.1,979.0,Sorghum,Sandy,Potash
48.5,27.6,18.0,6.12,1.47,30.7,68.9,470.0,Maize,Loamy,Potash
7.3,28.2,24.8,6.9,1.34,26.2,69.5,481.0,Maize,Sandy,NPK 20-10-10
40.5,30.0,21.6,7.26,0.97,21.2,48.5,1567.0,Maize,Loamy,Potash
12.8,34.6,32.0,7.04,0.79,32.5,91.5,1362.0,Millet,Silt,Urea
15.3,6.5,14.1,7.85,1.3,35.3,68.0,1227.0,Tomato,Sandy,Potash
12.5,28.1,18.9,5.95,1.58,18.3,55.7,1983.0,Tomato,Silt,NPK 20-10-10
28.3,41.4,22.7,6.2,1.82,24.4,92.2,1967.0,Rice,Loamy,NPK 20-10-10
20.9,20.0,33.1,6.59,1.34,23.5,55.3,1987.0,Rice,Loamy,NPK 15-15-15
40.2,31.6,41.6,6.71,2.36,19.3,59.2,1977.0,Millet,Loamy,NPK 20-10-10
26.9,28.3,25.2,7.37,1.93,20.7,73.5,1643.0,Maize,Sandy,NPK 15-15-15
8.8,28.4,12.7,4.62,2.22,28.1,58.0,418.0,Cassava,Sandy,NPK 20-10-10
19.7,9.5,15.8,5.11,0.65,23.5,70.2,736.0,Millet,Sandy,NPK 15-15-15
30.1,17.5,13.7,4.63,1.17,32.4,47.2,1659.0,Cassava,Loamy,Superphosphate
13.2,20.4,14.4,6.47,0.49,34.1,67.1,1565.0,Wheat,Loamy,NPK 20-10-10
58.9,61.6,35.1,4.97,1.2,22.5,69.2,1005.0,Sorghum,Clay,Organic Compost
19.5,30.6,22.1,7.4,1.81,18.2,76.3,672.0,Millet,Silt,Urea
24.9,37.2,44.0,7.38,1.6,32.5,62.8,1662.0,Sorghum,Silt,NPK 15-15-15
22.2,23.6,19.1,5.95,0.82,29.9,45.6,832.0,Rice,Loamy,Potash
25.7,41.5,49.3,6.59,0.57,20.1,93.3,1487.0,Cassava,Silt,NPK 20-10-10
10.4,18.5,28.9,7.71,0.92,29.9,48.6,1933.0,Tomato,Sandy,NPK 20-10-10
21.9,38.5,40.3,5.72,2.2,35.7,87.0,929.0,Tomato,Loamy,NPK 15-15-15
44.9,40.1,45.2,5.0,1.3,21.6,55.4,605.0,Sorghum,Clay,Organic Compost
35.6,13.0,45.9,7.87,2.34,34.5,94.6,1338.0,Millet,Loamy,DAP
33.2,56.3,53.3,7.37,2.37,25.7,62.0,1424.0,Beans,Clay,Organic Compost
44.8,38.3,48.2,5.16,2.49,19.3,70.6,544.0,Beans,Silt,NPK 20-10-10
11.4,35.2,38.7,5.14,1.93,21.6,47.6,636.0,Cassava,Silt,Urea
37.7,46.8,37.4,7.45,2.55,25.8,48.2,617.0,Millet,Loamy,NPK 20-10-10
19.9,49.9,53.1,5.44,0.86,22.3,61.3,1765.0,Sorghum,Loamy,Urea
19.2,7.7,17.2,5.99,1.83,29.0,88.1,426.0,Wheat,Sandy,NPK 15-15-15
25.1,49.8,41.7,5.14,1.48,32.4,91.6,1415.0,Wheat,Loamy,NPK 20-10-10
14.1,37.7,45.4,4.63,2.12,32.1,81.4,792.0,Millet,Loamy,Urea
12.2,14.1,14.6,5.15,0.82,36.0,83.1,951.0,Sorghum,Sandy,NPK 15-15-15
17.2,29.4,18.3,5.37,1.21,28.0,74.1,1049.0,Tomato,Sandy,NPK 20-10-10
21.1,11.6,31.0,7.27,1.3,32.9,40.4,951.0,Beans,Sandy,DAP
44.2,53.4,28.3,5.8,1.74,23.6,47.8,1938.0,Sorghum,Loamy,Potash
21.4,12.8,30.8,7.95,0.7,20.3,43.8,1624.0,Cassava,Loamy,DAP
10.2,38.4,26.8,5.08,1.05,28.0,58.1,1952.0,Cassava,Silt,Urea
48.3,47.3,20.1,6.79,0.94,25.5,78.8,1292.0,Tomato,Clay,Organic Compost
33.7,25.7,51.3,6.48,2.31,25.8,85.5,490.0,Rice,Loamy,NPK 15-15-15
5.9,32.6,26.5,6.81,1.57,29.4,75.1,1723.0,Millet,Sandy,NPK 20-10-10
13.4,34.3,6.0,5.93,2.34,21.6,47.8,985.0,Beans,Sandy,NPK 20-10-10
55.1,39.5,60.9,6.88,2.32,22.9,66.9,448.0,Millet,Clay,Organic Compost
13.0,31.0,37.2,4.62,1.39,31.7,88.9,879.0,Tomato,Silt,Urea
24.5,16.8,26.3,7.52,1.07,37.9,90.0,1177.0,Millet,Sandy,DAP
27.8,29.8,5.7,4.79,1.14,36.4,61.9,1820.0,Sorghum,Sandy,Potash
32.0,21.8,15.8,4.66,0.64,20.8,60.1,1372.0,Maize,Sandy,Potash
12.9,17.3,34.8,5.95,0.6,29.6,90.6,1659.0,Wheat,Sandy,NPK 20-10-10
39.4,54.8,13.4,7.59,2.29,36.3,66.3,1660.0,Beans,Loamy,Potash
27.4,37.6,41.0,5.78,0.88,24.4,76.5,1483.0,Sorghum,Loamy,NPK 15-15-15
54.4,48.9,21.3,5.74,1.43,25.2,46.5,732.0,Rice,Clay,NPK 15-15-15
29.6,20.8,17.7,6.95,1.59,20.6,52.2,756.0,Sorghum,Sandy,Potash
28.7,35.9,53.7,5.66,1.54,27.6,79.4,1568.0,Millet,Loamy,NPK 15-15-15
31.3,46.9,28.4,8.14,1.2,28.0,66.1,1094.0,Maize,Loamy,NPK 20-10-10
22.0,23.6,30.5,6.75,2.51,35.4,59.2,1776.0,Rice,Sandy,NPK 15-15-15
23.3,13.5,24.5,4.85,2.02,26.4,72.3,441.0,Tomato,Sandy,DAP
38.9,25.6,18.3,6.11,2.48,22.6,77.2,480.0,Wheat,Loamy,Potash
31.4,27.8,16.9,5.78,1.17,28.4,93.5,1152.0,Cassava,Loamy,Potash
8.2,11.9,17.2,5.7,2.3,31.6,71.8,1186.0,Tomato,Sandy,NPK 15-15-15
17.4,19.0,25.0,5.13,1.89,18.5,48.8,1844.0,Beans,Loamy,NPK 20-10-10
40.8,52.5,21.5,6.08,0.62,26.0,94.1,1606.0,Wheat,Clay,Organic Compost
38.1,44.4,40.3,6.22,1.04,28.4,54.2,1179.0,Cassava,Loamy,NPK 20-10-10
30.3,32.3,41.0,5.1,2.52,26.9,59.4,447.0,Cassava,Clay,Organic Compost
37.5,30.3,51.3,8.0,1.24,20.7,46.0,410.0,Beans,Clay,Organic Compost
61.7,52.9,26.8,8.12,1.12,24.7,77.8,478.0,Beans,Clay,Organic Compost
40.6,40.8,24.4,4.74,2.14,29.9,90.0,586.0,Beans,Silt,Potash
36.7,41.1,48.4,5.59,1.49,18.6,53.9,998.0,Maize,Silt,NPK 20-10-10
27.7,38.8,47.6,5.39,1.15,32.1,82.8,1721.0,Cassava,Loamy,NPK 15-15-15
50.7,28.9,30.5,8.14,0.65,32.1,86.8,641.0,Maize,Loamy,Potash
55.8,58.1,56.6,4.74,2.07,36.4,74.2,1361.0,Rice,Clay,DAP
21.9,33.2,58.9,8.01,2.58,27.5,49.8,1181.0,Millet,Clay,Organic Compost
43.5,37.0,23.3,6.0,2.31,32.1,44.5,656.0,Millet,Clay,Organic Compost
47.2,35.4,12.0,7.42,1.21,22.9,71.3,421.0,Wheat,Silt,Potash
59.0,34.4,47.0,5.34,1.63,23.1,71.4,675.0,Millet,Clay,Organic Compost
26.5,45.4,16.1,7.24,1.02,20.7,77.3,1152.0,Beans,Loamy,Potash
14.6,14.2,37.9,6.81,0.5,25.6,73.7,1451.0,Sorghum,Loamy,NPK 20-10-10
35.6,36.9,25.4,4.7,0.41,34.7,51.0,1408.0,Cassava,Loamy,NPK 15-15-15
30.0,26.0,5.7,7.37,1.52,24.9,80.0,1498.0,Cassava,Sandy,Potash
35.2,33.4,10.9,5.53,1.38,30.6,68.2,1621.0,Beans,Silt,Potash
47.1,44.9,45.1,7.79,0.59,31.9,93.3,1318.0,Tomato,Loamy,Organic Compost
27.3,34.1,27.2,6.22,1.32,27.8,91.0,1165.0,Beans,Clay,Organic Compost
42.3,18.1,8.5,6.83,2.26,29.1,51.6,1586.0,Beans,Silt,Superphosphate
49.1,45.7,40.7,6.96,1.86,28.5,65.5,1535.0,Sorghum,Loamy,Organic Compost
13.3,37.5,35.1,5.77,1.18,22.9,92.9,1776.0,Cassava,Silt,Urea
38.9,30.2,49.0,4.7,0.48,29.4,51.2,1367.0,Cassava,Silt,NPK 15-15-15
38.5,48.9,55.0,6.34,0.85,29.7,65.0,1635.0,Rice,Clay,Organic Compost
39.7,29.7,15.5,6.58,2.49,32.1,56.4,1537.0,Maize,Silt,Potash
20.8,12.4,15.4,7.99,0.95,34.0,76.7,1252.0,Sorghum,Sandy,Superphosphate
27.5,44.6,60.9,7.75,0.46,23.5,48.6,1961.0,Rice,Clay,Organic Compost
34.1,31.4,17.5,6.98,0.61,18.4,44.5,984.0,Rice,Silt,Potash
51.7,33.5,50.2,8.07,1.19,38.0,75.1,1598.0,Sorghum,Clay,Organic Compost
29.5,48.2,46.0,5.97,2.48,35.7,72.5,531.0,Tomato,Silt,NPK 20-10-10
12.5,49.0,16.9,7.06,1.8,30.6,51.4,1327.0,Wheat,Silt,NPK 20-10-10
20.0,43.1,15.1,6.69,1.36,23.0,84.4,681.0,Sorghum,Loamy,Potash
23.1,20.8,13.8,7.89,1.78,18.6,68.1,537.0,Beans,Silt,Potash
7.5,29.5,12.9,6.5,1.81,37.2,67.2,1868.0,Sorghum,Sandy,NPK 20-10-10
22.1,42.4,15.8,8.15,2.5,26.8,68.8,1356.0,Millet,Loamy,Potash
42.0,34.6,18.4,7.9,0.65,30.6,45.7,634.0,Tomato,Loamy,Potash
34.4,41.0,41.0,5.02,0.53,30.5,75.9,1291.0,Maize,Loamy,NPK 20-10-10
23.2,46.6,25.1,6.92,1.32,32.4,42.9,1288.0,Tomato,Clay,Organic Compost
13.0,11.1,38.0,4.74,0.89,34.5,84.5,1767.0,Rice,Silt,NPK 20-10-10
52.5,25.8,50.4,4.86,2.41,30.7,67.1,1176.0,Rice,Clay,Organic Compost
50.5,42.7,42.2,5.22,1.92,25.8,50.1,1910.0,Millet,Clay,Organic Compost
54.2,27.8,52.5,7.07,1.79,22.7,42.8,1100.0,Rice,Loamy,DAP
45.0,50.4,27.1,7.21,2.49,32.9,83.2,1521.0,Wheat,Clay,Organic Compost
33.5,24.8,28.7,8.08,0.91,24.4,75.5,439.0,Maize,Sandy,NPK 15-15-15
45.6,32.4,50.4,5.04,2.37,20.0,87.5,1196.0,Millet,Clay,Organic Compost
11.0,18.7,30.5,7.46,0.76,31.5,87.1,1712.0,Sorghum,Sandy,NPK 20-10-10
52.0,29.0,27.5,7.31,0.98,34.7,44.2,1585.0,Wheat,Loamy,Potash
46.8,44.6,19.7,8.08,2.44,28.7,62.1,575.0,Beans,Silt,Potash
17.1,17.2,22.2,4.6,2.51,23.8,47.7,409.0,Tomato,Sandy,NPK 20-10-10
24.0,26.4,38.8,5.19,2.02,19.2,70.2,1012.0,Millet,Clay,Organic Compost
9.6,11.6,6.9,4.93,2.55,23.6,56.9,603.0,Cassava,Sandy,NPK 15-15-15
53.2,45.7,54.2,6.0,2.29,34.0,40.1,1180.0,Beans,Clay,Organic Compost
55.5,20.3,50.7,8.16,1.46,25.4,73.3,1688.0,Wheat,Clay,Organic Compost
38.1,52.4,24.8,5.89,2.59,21.5,44.2,1344.0,Maize,Loamy,DAP
24.8,20.3,16.5,6.63,1.82,34.1,83.6,1464.0,Maize,Sandy,Potash
25.6,60.2,57.5,5.69,0.44,30.1,64.1,1599.0,Cassava,Clay,Organic Compost
18.3,45.1,9.6,7.23,1.04,27.1,69.2,800.0,Millet,Silt,NPK 20-10-10
7.6,16.2,27.3,7.17,1.6,33.6,45.9,589.0,Cassava,Sandy,NPK 20-10-10
54.2,27.6,41.7,6.95,0.89,28.3,75.1,743.0,Millet,Clay,Organic Compost
57.9,29.9,25.1,4.63,0.5,21.8,73.5,428.0,Cassava,Clay,Organic Compost
17.1,6.5,23.2,7.05,2.01,22.5,87.8,1504.0,Beans,Sandy,NPK 15-15-15
28.0,14.3,16.4,6.83,0.52,37.3,49.6,443.0,Cassava,Sandy,Potash
47.2,51.2,35.0,6.16,1.25,18.9,90.0,1194.0,Wheat,Loamy,Potash
41.4,17.4,37.8,7.13,2.27,18.2,49.4,1154.0,Tomato,Silt,DAP
45.0,28.9,27.8,6.87,0.86,29.1,85.9,1024.0,Sorghum,Clay,Organic Compost
18.7,37.3,23.1,5.09,0.63,19.9,76.3,1380.0,Wheat,Silt,Urea
9.6,20.0,6.8,7.93,0.53,26.5,40.0,1658.0,Rice,Sandy,NPK 20-10-10
21.8,54.5,47.6,5.42,0.85,25.2,85.6,1779.0,Wheat,Clay,Organic Compost
18.0,13.2,35.2,5.78,0.9,35.3,81.2,1638.0,Maize,Silt,Urea
22.2,20.1,5.3,7.82,1.6,34.5,76.1,1675.0,Beans,Sandy,Potash
21.7,20.7,42.6,6.36,1.72,32.2,70.1,1660.0,Beans,Loamy,NPK 15-15-15
12.5,34.6,45.4,5.43,1.12,24.1,71.0,1061.0,Millet,Silt,Urea
16.6,30.4,33.0,4.65,0.61,37.4,76.5,454.0,Beans,Silt,Urea
15.2,41.3,33.5,5.26,2.33,23.8,55.7,836.0,Sorghum,Loamy,Urea
50.8,21.9,45.8,6.62,1.08,18.7,85.0,786.0,Tomato,Loamy,NPK 20-10-10
5.1,34.8,29.4,6.3,1.9,27.5,81.0,615.0,Sorghum,Sandy,NPK 20-10-10
18.8,18.5,9.3,8.11,0.43,18.2,60.5,1393.0,Maize,Sandy,NPK 15-15-15
26.7,7.8,34.5,5.75,1.81,20.2,79.0,1745.0,Sorghum,Sandy,DAP
19.8,8.5,49.4,6.71,1.74,37.2,85.8,1703.0,Rice,Silt,NPK 20-10-10
32.3,34.6,35.5,5.02,1.18,26.9,57.0,665.0,Maize,Clay,Organic Compost
43.0,42.6,20.7,4.64,1.07,21.1,61.8,1967.0,Cassava,Loamy,Potash
50.5,41.4,21.8,5.1,2.46,20.1,74.9,1668.0,Maize,Clay,Organic Compost
27.1,32.0,33.1,8.19,0.87,20.6,90.9,659.0,Tomato,Clay,Organic Compost
22.3,27.5,26.8,4.91,2.6,36.8,89.3,1396.0,Tomato,Sandy,NPK 15-15-15
12.6,33.5,38.8,6.94,1.13,27.4,75.0,1085.0,Sorghum,Loamy,Urea
5.0,5.7,25.7,6.03,2.25,21.5,40.8,1021.0,Tomato,Sandy,NPK 20-10-10
50.0,32.8,47.0,4.76,1.66,36.5,61.8,1936.0,Beans,Loamy,NPK 20-10-10
34.6,51.0,25.4,7.46,0.77,32.9,70.6,680.0,Wheat,Loamy,NPK 20-10-10
41.6,29.5,25.6,8.04,1.84,34.2,78.3,1727.0,Tomato,Clay,Organic Compost
25.0,8.1,9.5,6.85,2.31,31.2,42.0,1953.0,Cassava,Sandy,Superphosphate
53.9,45.2,52.3,7.48,1.83,23.7,58.0,1916.0,Rice,Loamy,Organic Compost
28.1,24.8,26.0,7.68,0.42,26.7,91.9,1268.0,Maize,Loamy,NPK 15-15-15
15.2,21.7,15.9,4.97,0.76,24.0,40.6,1920.0,Maize,Loamy,NPK 20-10-10
49.8,16.6,32.8,7.63,1.63,22.2,80.5,1490.0,Cassava,Loamy,DAP
8.3,42.7,21.5,5.01,1.54,36.4,40.5,490.0,Wheat,Silt,Urea
40.0,57.7,21.9,5.76,1.17,24.8,66.8,1665.0,Tomato,Clay,Organic Compost
14.2,31.6,23.8,6.5,0.64,37.1,89.8,1722.0,Tomato,Silt,Urea
20.1,14.5,31.6,5.2,0.88,31.7,44.9,1572.0,Rice,Sandy,DAP
56.7,45.6,28.9,4.68,0.5,19.8,71.9,957.0,Tomato,Clay,Organic Compost
59.8,25.0,32.8,6.24,0.4,36.4,45.5,1492.0,Rice,Clay,Organic Compost
24.5,28.1,17.6,6.31,1.94,29.4,68.1,729.0,Millet,Sandy,Potash
5.3,17.5,5.1,6.59,1.95,29.2,78.1,400.0,Maize,Sandy,NPK 15-15-15
50.1,47.8,49.7,7.24,1.99,32.8,44.1,501.0,Cassava,Clay,Organic Compost
40.0,22.1,19.6,7.39,0.95,34.4,49.7,975.0,Cassava,Silt,Potash
20.1,29.9,34.2,5.66,2.13,18.9,61.4,460.0,Beans,Clay,Organic Compost
54.2,51.1,25.6,7.06,1.07,35.8,62.6,1001.0,Wheat,Loamy,Potash
48.6,10.8,18.2,5.61,1.33,27.5,56.0,1665.0,Sorghum,Silt,Superphosphate
43.8,33.4,22.9,5.2,0.7,32.9,65.8,474.0,Tomato,Silt,Potash
55.5,38.4,60.1,5.24,0.81,35.8,89.0,1198.0,Tomato,Clay,Organic Compost
51.7,55.5,34.6,4.73,1.86,32.8,63.3,1333.0,Rice,Clay,Organic Compost
36.6,38.3,35.6,7.72,1.73,28.2,46.8,1525.0,Millet,Loamy,NPK 15-15-15
19.7,22.2,35.0,7.14,2.27,24.9,68.0,1959.0,Wheat,Sandy,NPK 20-10-10
20.8,11.7,22.4,5.31,0.41,22.7,50.6,993.0,Beans,Sandy,DAP
43.5,31.3,8.3,5.2,2.45,30.1,91.1,896.0,Millet,Silt,Potash
54.0,12.8,52.9,5.95,2.24,28.9,71.1,975.0,Cassava,Loamy,DAP
28.7,31.5,39.2,6.25,1.9,27.7,76.3,1479.0,Cassava,Silt,NPK 15-15-15
35.3,20.3,41.2,4.79,0.88,33.8,63.9,1197.0,Cassava,Loamy,NPK 15-15-15
8.8,12.7,18.3,7.19,2.11,29.3,54.0,1235.0,Tomato,Silt,NPK 20-10-10
38.4,12.9,47.1,7.32,1.08,30.7,73.1,629.0,Tomato,Loamy,DAP
59.2,44.2,43.8,6.89,1.37,19.1,61.8,1840.0,Tomato,Clay,Organic Compost
26.4,41.3,44.6,5.28,0.84,33.6,77.0,1436.0,Beans,Clay,Organic Compost
9.0,13.5,29.8,5.65,2.52,27.4,44.6,429.0,Sorghum,Silt,NPK 20-10-10
15.9,25.8,19.1,6.78,1.47,20.2,83.2,1081.0,Rice,Silt,NPK 20-10-10
38.9,24.2,33.3,5.6,2.59,22.6,90.2,1869.0,Wheat,Loamy,NPK 15-15-15
16.4,34.7,23.6,6.52,0.48,35.0,44.6,475.0,Maize,Sandy,NPK 20-10-10
57.6,53.2,28.3,5.88,2.12,28.5,49.6,1034.0,Cassava,Clay,Organic Compost
35.8,8.7,37.6,5.43,2.3,25.7,51.0,1149.0,Beans,Silt,DAP
32.1,40.2,43.1,5.97,0.55,27.7,63.9,715.0,Rice,Silt,NPK 20-10-10
6.6,28.9,24.4,5.47,1.8,20.6,43.8,1990.0,Beans,Sandy,NPK 20-10-10
26.9,47.9,26.4,7.83,2.31,24.9,78.3,1457.0,Maize,Silt,NPK 20-10-10
6.6,10.1,23.5,7.37,2.06,29.7,44.7,428.0,Maize,Sandy,NPK 20-10-10
28.5,9.9,17.2,7.9,0.78,19.2,75.9,1351.0,Sorghum,Sandy,Superphosphate
44.2,12.8,32.7,7.82,1.35,37.2,75.9,575.0,Beans,Loamy,DAP
7.0,15.3,26.5,5.08,1.17,31.8,82.7,1230.0,Tomato,Sandy,NPK 20-10-10
39.9,26.7,52.5,5.4,2.25,29.7,61.7,1290.0,Beans,Clay,Organic Compost
29.0,59.0,21.3,7.35,2.42,25.9,44.0,1687.0,Beans,Clay,Organic Compost
34.3,46.8,20.3,6.83,1.35,21.5,85.7,919.0,Maize,Loamy,NPK 20-10-10
34.1,30.2,29.2,7.53,1.89,33.5,63.2,818.0,Sorghum,Loamy,NPK 20-10-10
29.4,27.7,26.1,7.03,1.74,37.4,47.6,1318.0,Millet,Silt,Urea
23.5,17.9,29.1,6.18,0.9,27.5,43.9,1837.0,Millet,Sandy,DAP
49.6,46.0,30.6,4.94,1.22,36.7,92.2,1629.0,Millet,Loamy,Potash
45.0,14.0,32.5,5.9,1.06,31.5,92.8,1644.0,Rice,Silt,DAP
58.1,44.3,40.9,7.03,0.92,19.3,87.0,1372.0,Cassava,Clay,Organic Compost
49.6,34.6,34.7,4.77,2.53,35.9,70.1,895.0,Maize,Silt,Potash
53.0,61.0,46.7,5.69,1.5,34.3,54.6,770.0,Millet,Clay,Organic Compost
47.1,18.2,26.4,5.49,1.94,33.2,65.1,1165.0,Cassava,Loamy,DAP
54.7,45.5,21.6,6.81,1.05,18.6,49.9,564.0,Tomato,Loamy,Potash
32.3,51.8,59.9,6.62,1.47,33.0,45.3,1085.0,Millet,Clay,Organic Compost
47.0,48.5,42.0,6.46,2.22,35.5,66.4,1977.0,Millet,Loamy,Organic Compost
22.9,29.4,52.6,4.91,1.43,30.1,88.3,1755.0,Sorghum,Clay,Organic Compost
14.0,36.1,15.6,6.58,2.56,29.0,75.5,1484.0,Cassava,Silt,NPK 20-10-10
28.9,15.4,33.8,5.59,1.52,33.3,41.0,1302.0,Cassava,Silt,DAP
13.5,19.3,54.4,8.19,1.98,30.2,82.7,1834.0,Maize,Loamy,NPK 20-10-10
49.8,61.4,30.8,6.21,1.19,25.8,79.7,1005.0,Wheat,Clay,Organic Compost
9.2,42.4,40.5,6.41,1.49,34.7,63.4,655.0,Millet,Silt,Urea
25.4,10.4,24.3,6.22,2.25,27.7,91.1,1841.0,Maize,Sandy,DAP
17.0,42.6,34.7,5.59,0.95,26.6,84.0,1674.0,Tomato,Silt,DAP
37.2,18.4,26.4,7.78,1.45,32.9,66.7,1144.0,Rice,Loamy,DAP
22.7,54.5,49.4,7.23,0.7,18.6,49.6,1900.0,Sorghum,Loamy,NPK 20-10-10
53.7,18.3,36.0,5.18,1.07,36.8,87.8,563.0,Beans,Loamy,DAP
22.6,43.1,44.5,5.58,1.04,22.6,91.5,1022.0,Wheat,Clay,Organic Compost
49.5,24.3,23.0,7.25,2.0,23.3,59.5,1932.0,Tomato,Clay,Organic Compost
30.5,24.1,39.9,7.06,1.56,30.2,63.8,1617.0,Rice,Loamy,NPK 20-10-10
25.5,14.9,7.4,5.78,1.97,20.4,79.9,1641.0,Maize,Sandy,Superphosphate
29.2,11.4,32.2,7.11,0.52,34.0,67.9,1124.0,Rice,Sandy,DAP
26.7,31.9,13.2,6.83,1.91,31.5,67.1,1026.0,Sorghum,Sandy,Potash
16.7,30.9,19.2,4.62,0.51,31.9,93.5,1128.0,Maize,Silt,NPK 20-10-10
31.0,61.8,43.7,5.36,1.49,24.7,82.9,569.0,Millet,Clay,Organic Compost
44.2,45.6,17.7,6.43,2.27,25.5,43.3,867.0,Millet,Silt,Potash
39.5,48.7,60.4,5.61,2.07,18.5,45.7,659.0,Millet,Clay,Organic Compost
40.0,30.3,22.8,7.01,0.45,34.2,91.1,1537.0,Cassava,Clay,Organic Compost
40.0,52.1,53.5,6.08,1.76,34.1,40.1,1243.0,Tomato,Loamy,Organic Compost
16.1,13.9,10.5,6.56,2.42,35.9,59.8,813.0,Tomato,Sandy,NPK 15-15-15
41.2,36.3,25.2,7.41,1.76,25.5,90.5,1455.0,Tomato,Clay,Organic Compost
27.1,47.4,48.3,8.05,2.2,27.2,51.6,1014.0,Cassava,Silt,NPK 20-10-10
51.8,58.8,60.8,8.01,1.62,27.8,94.3,749.0,Maize,Clay,Organic Compost
36.9,30.5,13.5,6.4,2.48,30.1,62.3,1282.0,Beans,Silt,Potash
24.8,33.5,19.7,6.17,0.88,28.6,71.8,941.0,Beans,Silt,Potash
18.0,42.6,21.5,4.94,2.6,23.2,89.3,1375.0,Rice,Loamy,Urea
27.6,55.6,54.8,5.79,2.08,28.9,90.0,1685.0,Sorghum,Clay,Superphosphate
39.2,13.0,41.9,6.9,1.15,35.7,71.1,1765.0,Rice,Silt,DAP
49.0,32.0,29.7,5.99,0.7,31.7,63.7,1895.0,Millet,Silt,Potash
22.4,42.8,12.9,7.56,1.49,36.7,60.8,821.0,Millet,Loamy,Potash
44.3,46.3,29.8,6.19,1.62,35.0,93.1,925.0,Millet,Silt,Potash
45.7,53.8,57.2,6.16,1.21,23.1,47.3,984.0,Wheat,Clay,Organic Compost
25.6,43.8,21.3,5.45,2.46,19.6,62.8,1323.0,Cassava,Loamy,NPK 20-10-10
21.5,26.8,50.6,6.1,1.32,25.7,93.0,588.0,Sorghum,Loamy,NPK 15-15-15
53.1,25.6,15.6,6.42,0.9,33.1,76.2,1498.0,Cassava,Loamy,Potash
25.4,54.9,43.5,6.68,2.31,29.8,70.4,780.0,Tomato,Loamy,NPK 20-10-10
21.8,54.3,22.2,6.99,0.74,26.7,87.3,551.0,Beans,Clay,Organic Compost
49.3,19.4,46.4,6.17,1.34,25.2,61.2,1232.0,Beans,Loamy,DAP
47.4,40.9,27.0,5.84,1.37,31.4,89.5,1281.0,Millet,Clay,Organic Compost
53.0,25.6,27.2,5.32,0.59,33.8,53.2,852.0,Millet,Loamy,Potash
28.4,32.9,30.9,7.85,1.45,21.4,58.0,868.0,Rice,Sandy,NPK 15-15-15
14.0,36.7,13.2,4.68,0.64,31.8,47.7,634.0,Wheat,Silt,NPK 20-10-10
11.0,6.1,32.2,7.74,0.81,23.3,50.4,1551.0,Tomato,Sandy,NPK 20-10-10
42.8,32.7,8.4,7.77,2.0,33.8,44.0,1534.0,Millet,Silt,Potash
32.4,29.3,25.9,7.09,2.43,30.0,52.5,428.0,Beans,Silt,NPK 15-15-15
10.8,24.7,47.5,6.36,0.89,25.1,62.4,588.0,Rice,Silt,Urea
35.2,33.7,8.7,5.15,0.76,20.0,80.5,592.0,Maize,Silt,Potash
25.0,26.8,41.4,6.89,2.19,20.6,73.9,1638.0,Beans,Clay,Organic Compost
9.7,7.7,31.6,5.89,1.55,33.4,60.4,1439.0,Maize,Sandy,NPK 15-15-15
12.1,18.4,20.3,7.16,1.88,32.9,43.4,1990.0,Cassava,Silt,Organic Compost
32.9,26.4,39.8,7.24,0.7,33.9,44.3,1201.0,Sorghum,Silt,NPK 15-15-15
39.5,29.9,40.6,5.43,1.56,27.3,82.9,784.0,Beans,Clay,Organic Compost
10.1,17.6,22.9,6.3,0.99,29.2,88.3,1270.0,Tomato,Silt,NPK 20-10-10
17.9,36.1,41.4,4.68,0.81,24.4,57.6,1933.0,Tomato,Loamy,Urea
15.6,9.0,8.8,6.01,1.07,19.8,73.2,1203.0,Maize,Sandy,NPK 15-15-15
32.0,60.4,59.1,6.11,0.9,34.7,59.9,662.0,Millet,Clay,Organic Compost
43.7,38.6,44.8,7.22,1.81,28.0,94.3,1935.0,Cassava,Silt,NPK 20-10-10
22.3,12.8,31.3,4.54,0.9,26.1,72.2,1297.0,Millet,Sandy,DAP
17.3,22.6,8.6,7.06,0.95,25.0,58.4,1219.0,Wheat,Silt,NPK 20-10-10
34.3,49.1,21.9,7.57,2.52,30.2,92.6,1061.0,Rice,Clay,Organic Compost
6.1,12.3,19.3,6.38,0.88,30.3,50.0,922.0,Wheat,Sandy,NPK 15-15-15
34.2,43.7,14.5,6.07,2.53,19.1,63.0,465.0,Tomato,Loamy,Potash
9.7,20.6,32.7,5.24,0.64,34.5,65.3,1812.0,Cassava,Sandy,NPK 20-10-10
51.7,19.4,46.4,6.84,2.19,21.4,63.9,606.0,Tomato,Loamy,DAP
10.8,45.7,20.6,6.71,1.03,31.0,50.6,1134.0,Wheat,Silt,Urea
22.8,18.0,42.4,5.12,1.04,24.7,65.0,1524.0,Maize,Loamy,DAP
36.6,43.2,38.1,5.05,2.55,33.7,71.5,664.0,Millet,Silt,NPK 20-10-10
25.5,36.4,23.6,6.4,0.81,21.1,44.2,1711.0,Sorghum,Silt,NPK 15-15-15
27.5,28.1,20.3,7.52,2.47,32.4,45.8,1442.0,Beans,Sandy,NPK 15-15-15
37.1,43.1,14.7,4.77,2.35,20.6,41.9,1554.0,Wheat,Silt,Potash
35.2,26.5,22.3,7.29,2.27,24.4,55.1,828.0,Sorghum,Loamy,Urea
45.9,23.0,41.7,6.51,2.24,37.2,60.2,541.0,Cassava,Loamy,NPK 20-10-10
11.7,6.6,31.9,4.52,1.48,26.5,75.9,864.0,Maize,Sandy,NPK 20-10-10
18.0,15.7,29.5,7.3,1.28,24.8,42.1,531.0,Wheat,Sandy,Superphosphate
18.6,48.9,46.3,7.63,1.77,30.5,46.8,1518.0,Wheat,Loamy,Urea
48.1,44.6,17.8,7.23,0.63,18.5,41.5,672.0,Sorghum,Silt,Potash
8.7,49.5,30.4,5.96,1.54,28.4,65.9,1381.0,Maize,Silt,Urea
19.6,5.1,30.8,5.63,1.0,38.0,72.1,597.0,Maize,Sandy,NPK 20-10-10
61.4,38.1,29.7,6.61,1.29,19.1,87.4,425.0,Maize,Clay,Organic Compost
7.3,26.7,28.1,6.73,1.67,19.0,43.3,1564.0,Millet,Sandy,NPK 20-10-10
33.4,19.1,46.0,7.49,2.25,19.0,63.5,1755.0,Rice,Loamy,DAP
32.7,22.6,19.6,6.92,0.69,35.2,71.7,578.0,Tomato,Silt,Potash
28.6,60.4,50.2,6.69,2.27,28.9,64.3,703.0,Cassava,Clay,Organic Compost
39.2,50.8,38.6,6.69,2.23,37.9,57.7,1843.0,Cassava,Clay,Organic Compost
22.0,17.2,35.9,6.55,1.49,33.3,58.3,1012.0,Wheat,Silt,DAP
28.3,11.5,8.4,5.27,1.33,22.7,89.6,1473.0,Beans,Sandy,Superphosphate
24.0,28.0,38.0,4.83,2.27,20.6,54.4,1990.0,Maize,Silt,NPK 15-15-15
34.8,24.5,11.9,4.51,0.57,28.5,52.7,1644.0,Wheat,Silt,Potash
26.5,18.3,24.3,5.39,2.13,24.9,67.3,1478.0,Rice,Loamy,DAP
11.3,34.4,14.6,6.98,1.89,28.3,52.6,626.0,Maize,Sandy,NPK 20-10-10
52.5,49.8,58.3,8.09,2.0,19.5,62.3,1374.0,Sorghum,Clay,Organic Compost
22.5,15.5,15.2,7.59,1.33,28.5,71.0,1301.0,Rice,Sandy,Superphosphate
15.0,24.7,9.4,8.18,2.1,26.3,56.6,1020.0,Sorghum,Sandy,NPK 20-10-10
37.5,45.3,27.2,6.98,1.37,30.8,66.1,1643.0,Tomato,Silt,DAP
33.4,20.2,15.9,6.0,1.39,35.4,92.9,1751.0,Cassava,Sandy,Potash
23.6,37.6,40.2,5.25,2.04,22.0,54.5,891.0,Beans,Loamy,NPK 15-15-15
20.9,29.6,29.4,5.94,2.12,22.1,67.7,589.0,Beans,Sandy,NPK 15-15-15
23.4,39.4,47.4,6.77,0.52,19.9,59.3,1748.0,Wheat,Clay,Organic Compost
50.2,44.3,61.3,4.85,1.61,29.9,56.9,475.0,Millet,Clay,Urea
49.1,49.4,27.6,7.67,1.23,37.3,46.5,1738.0,Cassava,Clay,Organic Compost
29.3,15.8,26.4,6.64,1.33,37.9,56.0,1061.0,Millet,Sandy,DAP
14.4,21.0,39.9,7.68,0.65,30.4,71.2,1470.0,Maize,Silt,Urea
26.9,24.9,37.0,6.09,1.44,19.4,48.2,1897.0,Beans,Loamy,DAP
20.5,29.4,35.8,6.38,1.15,31.0,52.5,441.0,Wheat,Clay,Superphosphate
35.2,59.8,21.9,6.46,1.67,32.0,75.1,413.0,Maize,Clay,Organic Compost
52.5,27.9,50.1,6.81,1.84,21.5,76.8,1579.0,Maize,Clay,Organic Compost
10.0,13.7,27.9,6.01,1.95,32.8,77.1,1478.0,Maize,Sandy,NPK 20-10-10
10.9,30.3,33.9,6.23,2.45,38.0,66.7,1559.0,Sorghum,Sandy,NPK 20-10-10
6.4,18.6,28.6,5.7,2.13,31.1,78.3,857.0,Rice,Sandy,NPK 20-10-10
30.4,23.8,25.3,5.28,1.68,26.8,54.7,1778.0,Rice,Clay,Organic Compost
34.7,8.7,46.4,7.67,1.8,28.7,64.9,1171.0,Beans,Silt,DAP
19.6,14.5,17.4,5.43,1.21,35.8,53.1,911.0,Sorghum,Loamy,NPK 15-15-15
38.5,34.9,52.9,8.18,2.24,34.1,60.1,1328.0,Sorghum,Loamy,NPK 15-15-15
27.2,29.1,21.6,6.75,1.91,18.1,68.1,1003.0,Millet,Clay,Organic Compost
6.5,23.6,22.7,7.58,1.7,37.0,57.3,1037.0,Wheat,Sandy,NPK 20-10-10
41.4,8.5,28.4,5.07,1.72,34.0,41.8,662.0,Wheat,Silt,DAP
36.1,60.0,24.3,6.07,1.41,23.6,55.3,1544.0,Maize,Clay,Organic Compost
25.0,33.5,45.5,7.65,2.42,23.4,94.2,1706.0,Millet,Silt,NPK 15-15-15
61.3,38.5,51.1,7.09,2.01,33.0,50.5,958.0,Tomato,Clay,Organic Compost
42.8,47.8,45.9,6.71,0.71,30.7,88.8,1429.0,Tomato,Loamy,Organic Compost
23.1,38.4,30.7,6.18,0.93,22.9,50.2,1410.0,Beans,Silt,NPK 15-15-15
30.0,26.4,43.9,6.14,0.58,37.8,86.5,1456.0,Cassava,Silt,NPK 15-15-15
28.0,11.2,19.7,5.16,2.06,22.9,53.9,575.0,Rice,Sandy,Superphosphate
29.8,22.0,40.5,5.34,2.47,24.4,45.7,784.0,Maize,Silt,Organic Compost
50.1,34.2,22.0,6.17,0.83,21.6,56.5,573.0,Millet,Loamy,Potash
40.7,51.6,23.0,7.67,1.2,20.9,84.3,495.0,Tomato,Loamy,Potash
33.9,29.8,22.9,4.78,2.58,21.5,54.0,777.0,Cassava,Silt,NPK 15-15-15
27.2,48.1,10.2,7.81,0.53,25.8,43.0,1998.0,Wheat,Silt,Potash
17.1,19.6,26.9,5.69,0.45,31.1,73.7,1847.0,Sorghum,Silt,NPK 20-10-10
41.5,28.2,46.3,7.35,0.74,24.4,87.7,1209.0,Sorghum,Clay,Organic Compost
36.8,15.0,46.6,7.91,0.52,20.4,78.6,1367.0,Tomato,Loamy,DAP
49.5,41.2,25.9,4.83,1.37,36.5,70.7,973.0,Sorghum,Clay,Organic Compost
41.4,24.9,51.0,7.09,2.15,24.5,64.0,669.0,Beans,Clay,Organic Compost
39.9,42.3,18.8,5.85,0.49,29.1,94.7,1088.0,Wheat,Loamy,Potash
16.8,32.1,31.3,5.7,1.89,35.7,82.2,1406.0,Rice,Sandy,NPK 20-10-10
23.4,20.0,12.1,5.58,1.26,27.9,61.5,1020.0,Wheat,Sandy,Potash
23.3,9.4,17.7,6.04,1.72,30.2,75.5,1517.0,Rice,Sandy,Superphosphate
8.7,27.1,26.0,7.22,0.77,30.6,56.9,1011.0,Maize,Silt,Urea
26.7,28.8,42.8,5.24,2.48,38.0,85.0,880.0,Tomato,Loamy,NPK 15-15-15
31.1,20.5,10.3,5.71,2.16,35.4,68.6,1168.0,Millet,Sandy,Potash
27.9,16.5,24.3,7.67,0.73,25.8,43.1,1054.0,Wheat,Sandy,DAP
30.8,9.5,45.7,7.53,1.55,32.1,45.7,1752.0,Beans,Silt,DAP
34.4,5.7,23.9,5.14,1.98,19.4,44.5,1146.0,Sorghum,Sandy,DAP
23.4,20.6,30.3,5.57,1.62,37.0,58.3,1103.0,Tomato,Sandy,NPK 15-15-15
28.4,25.1,46.8,7.94,1.79,30.5,61.5,420.0,Millet,Loamy,NPK 15-15-15
17.0,40.1,17.9,4.82,1.24,23.0,48.0,634.0,Rice,Loamy,NPK 20-10-10
27.7,30.6,27.5,6.82,2.4,28.4,74.8,1059.0,Sorghum,Sandy,NPK 15-15-15
26.2,53.5,22.3,7.0,2.3,27.9,43.9,1085.0,Cassava,Clay,Organic Compost
41.7,43.0,34.2,7.12,1.99,19.3,52.2,421.0,Maize,Loamy,Potash
33.6,29.0,46.9,5.14,0.56,36.3,89.7,1493.0,Maize,Silt,NPK 15-15-15
40.1,36.3,17.4,6.4,2.21,35.2,70.9,1236.0,Beans,Silt,Potash
25.5,11.6,13.3,7.31,0.45,19.0,89.8,1526.0,Cassava,Silt,DAP
40.1,25.5,27.7,6.2,0.84,32.4,45.7,1212.0,Maize,Silt,Potash
18.2,49.4,19.6,5.53,0.7,32.7,64.5,1910.0,Wheat,Loamy,NPK 20-10-10
40.2,13.7,52.9,8.04,1.01,30.6,51.1,1276.0,Sorghum,Loamy,DAP
15.2,25.8,26.5,5.32,1.78,31.1,82.0,2000.0,Beans,Sandy,Urea
9.6,18.6,31.4,6.16,1.87,25.5,57.6,1735.0,Cassava,Sandy,NPK 20-10-10
32.4,20.0,10.6,6.29,1.88,25.3,86.4,1253.0,Tomato,Sandy,Superphosphate
31.9,29.8,16.5,5.84,1.27,21.6,72.3,630.0,Sorghum,Loamy,Potash
19.3,34.9,37.0,5.61,0.59,27.8,45.1,1224.0,Tomato,Silt,Urea
38.8,59.7,24.3,7.76,2.16,26.4,48.4,649.0,Wheat,Clay,Organic Compost
56.7,41.1,39.4,6.79,0.87,26.6,91.6,781.0,Beans,Clay,Organic Compost
6.6,20.9,10.2,6.8,2.58,35.9,90.9,741.0,Maize,Sandy,NPK 20-10-10
45.8,16.0,14.5,4.55,0.8,21.8,44.3,1788.0,Sorghum,Silt,Superphosphate
28.5,17.7,28.3,5.7,1.64,25.6,50.3,1337.0,Sorghum,Sandy,DAP
27.3,34.3,44.8,4.7,0.56,25.5,52.3,999.0,Sorghum,Loamy,Superphosphate
48.2,53.3,47.3,5.97,2.46,32.5,69.0,731.0,Sorghum,Clay,Organic Compost
48.7,52.8,58.4,8.01,1.79,37.3,90.1,404.0,Sorghum,Clay,Organic Compost
32.4,32.5,40.3,4.54,0.92,18.6,75.8,1823.0,Rice,Clay,Organic Compost
30.9,55.8,24.8,8.1,1.97,28.1,45.3,429.0,Cassava,Clay,Organic Compost
43.4,35.0,26.1,5.34,1.46,21.3,76.7,1369.0,Cassava,Silt,Potash
19.7,43.1,37.0,7.11,1.56,35.5,52.5,1043.0,Cassava,Silt,Urea
53.9,34.8,25.3,4.79,2.25,33.6,55.8,586.0,Rice,Clay,Organic Compost
38.8,17.1,17.1,4.62,1.71,31.8,75.9,1310.0,Rice,Silt,Superphosphate
49.0,39.8,15.6,7.5,1.69,31.1,49.9,1100.0,Cassava,Loamy,Potash
8.0,18.8,28.5,7.54,1.82,36.4,65.1,1025.0,Rice,Silt,NPK 20-10-10
50.9,23.4,30.2,7.78,1.67,18.9,78.7,1211.0,Rice,Clay,Organic Compost
5.1,11.2,12.7,7.1,1.52,32.9,68.2,924.0,Tomato,Sandy,NPK 15-15-15
17.0,21.5,33.2,5.39,1.87,21.1,79.3,418.0,Rice,Sandy,NPK 20-10-10
27.6,43.5,35.8,6.24,1.08,37.1,56.0,1267.0,Rice,Clay,Organic Compost
25.9,35.8,15.6,6.52,1.35,33.2,86.6,719.0,Tomato,Loamy,Potash
28.2,39.0,33.7,7.97,1.3,19.6,56.6,1369.0,Maize,Loamy,NPK 15-15-15
34.3,51.3,59.5,5.8,0.83,26.4,59.4,1984.0,Sorghum,Clay,Organic Compost
51.3,39.0,22.7,6.75,1.28,26.4,93.9,846.0,Wheat,Loamy,Potash
27.5,45.3,51.5,6.85,1.12,19.2,65.9,1207.0,Beans,Clay,Organic Compost
31.1,28.5,16.0,6.84,2.04,37.1,63.2,1437.0,Wheat,Sandy,Potash
58.3,58.6,26.6,5.26,2.06,30.6,89.8,902.0,Maize,Clay,Organic Compost
28.2,25.3,49.5,5.09,2.15,29.1,66.2,841.0,Sorghum,Clay,Organic Compost
52.7,52.3,44.5,7.98,1.68,28.4,55.1,851.0,Sorghum,Clay,Organic Compost
50.6,60.0,38.5,4.86,1.87,18.2,83.3,1241.0,Tomato,Clay,Organic Compost
34.2,25.9,24.1,6.04,2.37,20.7,57.9,708.0,Tomato,Loamy,NPK 15-15-15
52.0,24.3,47.9,5.49,1.44,22.0,80.2,1917.0,Rice,Clay,Organic Compost
14.8,21.7,26.0,5.24,1.38,19.4,78.3,1067.0,Rice,Sandy,NPK 20-10-10
46.8,13.9,33.5,5.64,0.8,19.9,76.1,773.0,Millet,Silt,DAP
25.6,13.5,18.1,4.94,1.42,32.9,56.3,633.0,Tomato,Loamy,Superphosphate
32.2,47.2,20.2,6.4,2.17,31.8,81.3,1636.0,Rice,Silt,NPK 20-10-10
42.9,42.0,40.8,5.91,2.22,22.7,48.6,952.0,Wheat,Loamy,Organic Compost
29.7,47.6,41.6,5.06,0.97,28.4,80.3,1037.0,Rice,Clay,Organic Compost
24.0,21.1,60.9,4.86,0.67,35.4,76.5,1098.0,Millet,Clay,Organic Compost
16.3,22.5,49.0,7.39,2.59,24.3,92.0,950.0,Maize,Loamy,Urea
15.2,16.6,32.4,7.62,0.57,35.0,58.9,1050.0,Millet,Silt,NPK 20-10-10
13.5,32.1,14.2,7.94,2.16,22.7,56.4,1010.0,Maize,Silt,NPK 20-10-10
31.7,26.0,38.2,6.19,0.68,20.1,57.9,1365.0,Cassava,Silt,NPK 15-15-15
19.3,37.2,9.2,6.24,0.51,24.6,40.9,1151.0,Sorghum,Silt,NPK 20-10-10
50.9,44.5,41.2,6.72,1.14,32.2,82.9,1645.0,Sorghum,Clay,Organic Compost
9.4,19.9,5.1,5.22,1.79,35.5,42.7,1294.0,Rice,Sandy,NPK 15-15-15
47.5,24.3,26.2,6.85,0.87,36.6,90.6,1918.0,Maize,Clay,Organic Compost
35.8,9.5,19.2,5.27,1.22,37.1,86.5,869.0,Sorghum,Silt,Superphosphate
31.7,22.7,47.0,6.93,2.24,35.4,48.8,1589.0,Maize,Clay,Organic Compost
20.5,6.5,9.7,5.5,0.68,36.7,55.9,1202.0,Cassava,Sandy,Superphosphate
29.7,52.0,21.6,5.16,1.58,26.5,83.8,467.0,Beans,Loamy,NPK 20-10-10
60.8,26.1,30.3,7.95,1.79,18.8,44.3,1657.0,Tomato,Clay,Organic Compost
57.0,30.1,26.7,6.77,2.34,23.3,77.5,644.0,Rice,Clay,Organic Compost
25.0,21.0,52.5,5.84,1.27,34.0,49.9,1441.0,Sorghum,Clay,Organic Compost
36.9,21.4,44.4,7.9,2.27,24.4,53.0,1828.0,Cassava,Silt,NPK 15-15-15
29.8,13.3,8.6,6.81,1.7,23.4,72.2,1665.0,Millet,Sandy,Superphosphate
50.5,53.0,60.1,5.05,2.36,33.3,78.6,901.0,Wheat,Clay,NPK 20-10-10
24.3,24.5,51.9,5.07,2.46,28.1,86.1,854.0,Sorghum,Loamy,NPK 15-15-15
46.8,15.5,16.6,8.01,0.62,30.7,43.3,523.0,Sorghum,Silt,Superphosphate
44.1,39.9,51.2,8.17,1.01,24.5,57.8,1621.0,Sorghum,Clay,Organic Compost
31.2,38.1,47.6,6.4,1.45,23.3,68.4,820.0,Tomato,Loamy,NPK 15-15-15
13.4,18.1,30.5,7.89,1.06,23.3,62.4,1948.0,Cassava,Silt,NPK 20-10-10
23.4,28.8,28.0,6.31,2.01,29.7,51.1,490.0,Rice,Sandy,NPK 15-15-15
36.6,54.8,55.5,4.63,0.55,31.4,67.5,639.0,Wheat,Clay,Organic Compost
23.3,51.5,45.5,5.96,1.92,36.2,41.9,1404.0,Rice,Clay,Organic Compost
37.8,36.4,28.0,7.47,1.23,35.7,59.5,1744.0,Cassava,Clay,Organic Compost
26.1,28.6,19.5,6.07,1.67,29.7,63.4,1612.0,Cassava,Sandy,Potash
33.4,49.4,18.9,5.36,0.79,31.8,64.7,1022.0,Cassava,Silt,Potash
18.3,23.2,8.4,4.9,0.55,25.3,66.0,791.0,Beans,Sandy,NPK 20-10-10
27.1,17.1,17.5,4.52,1.93,36.6,74.2,554.0,Wheat,Loamy,Superphosphate
32.1,16.6,43.0,8.06,2.11,30.5,73.6,1965.0,Beans,Loamy,NPK 15-15-15
9.4,16.5,13.4,5.4,0.46,29.3,62.1,1283.0,Maize,Sandy,NPK 15-15-15
32.8,48.4,22.7,4.51,2.12,34.5,43.2,1401.0,Beans,Silt,NPK 20-10-10
31.2,18.2,8.7,7.71,1.48,33.6,79.8,1990.0,Beans,Silt,Superphosphate
13.5,23.8,19.6,7.2,1.18,20.6,87.4,1725.0,Cassava,Sandy,NPK 20-10-10
33.2,44.7,28.8,6.48,0.53,21.5,83.0,1011.0,Cassava,Loamy,Potash
25.3,38.2,23.3,7.26,2.29,24.8,84.0,603.0,Rice,Silt,NPK 15-15-15
14.3,14.8,16.5,7.59,1.6,36.9,69.6,1406.0,Wheat,Loamy,NPK 15-15-15
28.6,52.1,52.2,5.23,1.76,30.8,70.9,599.0,Sorghum,Loamy,NPK 20-10-10
26.8,34.1,17.0,7.94,0.64,22.2,56.4,1721.0,Millet,Loamy,Potash
15.7,39.5,25.0,4.6,2.52,21.0,68.1,797.0,Wheat,Silt,Urea
29.1,40.3,51.1,7.51,1.31,26.8,88.8,455.0,Millet,Loamy,Potash
9.6,13.6,23.9,5.18,1.07,27.3,52.5,1988.0,Cassava,Sandy,NPK 20-10-10
27.7,13.4,13.0,6.35,1.18,22.7,92.7,1141.0,Maize,Silt,Superphosphate
15.7,33.0,19.3,5.18,0.61,19.5,81.4,851.0,Wheat,Silt,NPK 20-10-10
15.6,16.2,20.0,7.72,2.24,18.2,62.5,1725.0,Tomato,Sandy,NPK 20-10-10
30.9,37.3,37.7,5.95,2.36,28.7,89.7,1563.0,Sorghum,Clay,Organic Compost
36.4,54.8,27.9,7.96,1.68,30.2,68.4,1287.0,Cassava,Clay,Organic Compost
21.2,37.0,27.2,6.86,1.61,21.6,80.4,1131.0,Tomato,Loamy,NPK 15-15-15
47.4,51.5,28.7,4.91,1.87,22.7,46.3,610.0,Tomato,Clay,Organic Compost
14.6,20.5,46.7,8.06,0.9,35.6,47.6,1618.0,Beans,Silt,DAP
42.3,12.7,32.0,7.08,0.5,35.9,59.9,664.0,Wheat,Loamy,DAP
11.0,20.3,24.0,6.1,1.34,33.6,56.6,1396.0,Sorghum,Sandy,NPK 20-10-10
38.7,52.8,34.8,8.11,1.08,29.3,57.1,406.0,Tomato,Loamy,NPK 20-10-10
34.2,24.6,32.1,8.08,1.65,38.0,82.2,1238.0,Maize,Sandy,NPK 15-15-15
5.3,12.7,18.0,5.34,1.53,31.2,76.1,1830.0,Maize,Sandy,NPK 15-15-15
23.6,11.2,33.3,5.15,0.73,24.4,71.5,1490.0,Wheat,Sandy,Organic Compost
27.4,32.5,33.5,5.73,2.07,18.8,50.8,436.0,Millet,Clay,Organic Compost
47.7,44.8,58.1,5.44,0.55,28.2,54.3,1122.0,Beans,Clay,Organic Compost
32.9,28.3,16.9,7.71,1.94,18.8,46.4,554.0,Maize,Loamy,Superphosphate
30.4,29.8,28.5,6.77,1.99,32.8,88.9,1572.0,Millet,Sandy,NPK 15-15-15
21.7,11.4,7.5,6.05,0.6,21.4,41.3,880.0,Rice,Sandy,Superphosphate
18.1,24.9,20.7,6.99,1.8,18.5,68.1,458.0,Sorghum,Silt,Urea
51.0,20.8,43.9,7.43,2.3,23.2,64.8,754.0,Maize,Loamy,Organic Compost
30.6,22.7,48.4,6.33,2.59,33.9,87.8,1637.0,Tomato,Loamy,NPK 15-15-15
32.5,9.1,16.7,6.76,0.87,22.5,65.6,977.0,Wheat,Sandy,Superphosphate
33.0,19.5,38.1,4.93,0.83,34.1,52.9,1579.0,Wheat,Loamy,DAP
32.6,57.0,36.7,5.4,1.58,25.7,83.5,1985.0,Rice,Clay,Organic Compost
26.8,53.9,32.8,5.16,2.53,37.2,64.0,957.0,Cassava,Loamy,NPK 20-10-10
40.9,33.9,32.7,5.71,0.66,33.6,45.8,1037.0,Millet,Clay,Organic Compost
13.8,33.4,8.8,7.77,0.54,26.3,74.7,992.0,Cassava,Sandy,NPK 20-10-10
36.5,17.8,46.2,6.66,1.46,19.1,67.5,1302.0,Rice,Loamy,DAP
15.3,21.0,43.7,5.04,0.94,31.0,80.1,482.0,Tomato,Loamy,Urea
37.5,31.5,39.8,7.3,2.49,25.0,49.0,823.0,Cassava,Loamy,NPK 15-15-15
44.6,22.6,14.3,6.43,2.58,21.8,82.8,1717.0,Cassava,Silt,Potash
30.6,23.3,30.3,4.85,1.96,34.6,56.9,1306.0,Sorghum,Loamy,NPK 15-15-15
24.9,9.0,28.5,5.51,2.2,25.4,60.3,1601.0,Rice,Sandy,DAP
55.7,34.3,24.3,6.04,1.66,30.2,86.0,1266.0,Rice,Clay,Organic Compost
12.2,38.9,12.4,6.74,1.71,33.7,44.1,725.0,Maize,Silt,NPK 20-10-10
18.7,27.4,32.1,5.47,2.38,20.2,93.8,664.0,Sorghum,Sandy,NPK 20-10-10
53.8,61.3,32.5,5.7,1.01,21.1,83.3,497.0,Wheat,Clay,Organic Compost
13.0,30.2,49.7,7.65,1.97,18.4,43.8,1670.0,Beans,Silt,Urea
43.8,30.2,18.2,5.93,2.32,24.6,43.4,1935.0,Tomato,Loamy,Potash
47.7,29.7,54.4,7.67,1.02,25.4,55.2,1455.0,Sorghum,Loamy,NPK 20-10-10
60.6,39.8,52.9,6.93,1.54,18.8,76.2,1428.0,Sorghum,Clay,Organic Compost
39.6,33.6,54.6,5.77,1.77,30.4,42.9,1077.0,Millet,Clay,Organic Compost
24.6,5.3,34.1,5.96,1.06,36.4,66.8,1383.0,Rice,Sandy,DAP
13.4,11.4,49.7,4.53,1.96,30.2,70.4,1657.0,Millet,Silt,NPK 20-10-10
33.8,38.1,20.8,7.8,1.41,21.3,87.0,1909.0,Wheat,Silt,DAP
8.3,18.9,43.9,5.02,0.69,32.8,62.3,638.0,Cassava,Silt,NPK 20-10-10
23.7,27.8,7.9,6.19,2.15,23.3,49.3,1011.0,Rice,Sandy,Potash
48.1,28.3,33.5,4.95,1.74,29.1,91.3,1060.0,Sorghum,Silt,Potash
22.4,32.8,23.8,7.13,2.33,36.5,51.5,713.0,Sorghum,Sandy,NPK 15-15-15
33.1,26.2,35.1,4.74,0.79,21.0,41.5,1556.0,Millet,Loamy,NPK 15-15-15
29.5,21.6,24.5,5.67,0.41,31.8,46.1,751.0,Beans,Silt,NPK 15-15-15
9.8,15.4,12.3,4.73,2.32,24.1,45.2,1234.0,Rice,Sandy,NPK 15-15-15
14.6,32.0,52.6,5.09,0.84,30.0,93.9,1017.0,Wheat,Loamy,Urea
34.9,18.6,33.8,4.83,1.55,22.7,77.5,1596.0,Maize,Silt,DAP
18.8,25.1,5.6,7.85,1.75,26.4,63.9,1613.0,Rice,Sandy,NPK 20-10-10
29.4,23.6,47.7,6.85,1.6,30.0,74.6,1541.0,Wheat,Silt,NPK 15-15-15
44.1,26.6,15.1,6.63,1.77,28.5,89.0,549.0,Millet,Silt,Potash
47.5,25.9,16.1,6.06,1.4,28.4,55.1,900.0,Rice,Silt,Potash
35.8,23.8,22.1,5.8,2.49,25.9,73.3,1237.0,Maize,Silt,NPK 15-15-15
38.2,55.4,26.8,6.7,1.28,37.7,79.7,417.0,Millet,Clay,Organic Compost
36.1,22.2,18.4,6.83,1.37,35.2,54.4,1420.0,Sorghum,Loamy,Potash
22.0,36.5,27.3,6.74,1.1,33.4,46.3,1290.0,Sorghum,Clay,Organic Compost
21.5,32.9,45.6,8.06,0.6,32.1,78.1,1471.0,Cassava,Clay,Organic Compost
20.1,30.1,12.9,7.48,2.59,36.2,56.7,1754.0,Millet,Sandy,Organic Compost
22.4,35.7,25.3,4.53,0.91,18.8,63.5,1744.0,Tomato,Silt,NPK 15-15-15
46.7,28.0,33.8,6.38,0.65,30.0,79.6,1378.0,Millet,Loamy,Potash
44.7,21.0,49.7,5.41,1.48,27.7,54.8,979.0,Wheat,Loamy,NPK 20-10-10
32.4,14.5,20.2,7.69,1.4,34.6,64.6,1104.0,Sorghum,Sandy,DAP
45.7,54.7,25.7,7.87,1.19,26.5,89.2,1834.0,Wheat,Clay,Organic Compost
10.2,13.1,28.4,5.7,1.93,21.9,66.3,963.0,Maize,Sandy,NPK 20-10-10
34.7,32.0,25.9,5.07,2.42,35.9,88.8,1166.0,Sorghum,Sandy,NPK 15-15-15
28.7,26.8,28.8,6.57,1.13,31.8,75.6,1214.0,Millet,Loamy,NPK 15-15-15
26.9,27.2,23.3,7.0,0.43,35.5,45.6,2000.0,Beans,Silt,NPK 15-15-15
36.2,26.2,53.0,7.3,1.52,26.6,94.8,1468.0,Millet,Loamy,NPK 15-15-15
14.7,26.2,22.6,7.64,1.62,29.6,66.3,1620.0,Beans,Sandy,NPK 20-10-10
26.1,41.8,50.4,7.35,1.15,32.1,51.4,493.0,Cassava,Loamy,NPK 20-10-10
9.0,47.8,26.7,7.85,2.13,36.0,85.8,1958.0,Millet,Silt,Urea
24.4,39.6,14.6,7.94,0.85,35.5,66.6,1745.0,Millet,Silt,Potash
25.9,11.8,29.0,7.53,1.05,18.5,63.7,672.0,Millet,Sandy,DAP
52.6,53.8,51.1,6.72,0.99,34.1,78.6,1963.0,Rice,Loamy,Organic Compost
54.9,48.0,21.5,7.18,0.4,29.2,60.0,1010.0,Cassava,Loamy,Potash
18.6,12.4,19.0,6.64,1.96,31.5,53.3,463.0,Sorghum,Sandy,NPK 15-15-15
54.1,53.3,39.3,7.81,1.39,33.7,92.5,1674.0,Cassava,Loamy,Potash
20.2,23.4,42.5,7.1,0.95,32.2,60.9,1292.0,Beans,Silt,NPK 15-15-15
43.4,43.4,44.4,5.95,1.92,22.8,66.3,1333.0,Maize,Loamy,Organic Compost
32.8,55.5,33.1,6.54,2.22,32.5,87.5,1704.0,Tomato,Clay,Organic Compost
47.4,26.1,10.0,5.62,2.24,37.0,85.7,1035.0,Wheat,Silt,Organic Compost
23.8,13.2,12.4,5.07,0.85,33.1,61.0,1099.0,Sorghum,Silt,Superphosphate
44.5,39.8,44.0,7.16,1.92,27.9,71.2,1138.0,Beans,Loamy,NPK 20-10-10
22.9,26.0,32.3,6.35,0.64,24.8,60.7,1531.0,Maize,Silt,NPK 15-15-15
23.5,40.9,27.9,6.33,1.66,36.7,76.1,450.0,Wheat,Clay,Organic Compost
23.2,51.8,34.7,4.84,0.93,36.1,94.5,1781.0,Millet,Loamy,NPK 20-10-10
21.6,28.5,42.0,8.08,1.37,27.9,52.1,1045.0,Millet,Loamy,DAP
36.7,19.5,28.0,5.54,1.28,28.9,75.2,1904.0,Sorghum,Silt,DAP
32.1,13.7,31.0,8.04,2.26,29.4,79.7,1170.0,Wheat,Sandy,DAP
30.5,53.3,41.3,5.15,1.82,33.8,71.3,1740.0,Cassava,Clay,Organic Compost
35.2,41.7,19.5,6.15,2.4,19.0,62.2,1649.0,Maize,Silt,Potash
39.1,47.8,28.9,6.81,2.26,32.0,45.6,987.0,Tomato,Silt,NPK 20-10-10
30.8,40.7,43.2,5.48,1.76,29.1,52.5,1184.0,Sorghum,Silt,NPK 20-10-10
27.4,11.4,28.5,7.6,1.66,24.4,90.7,649.0,Tomato,Silt,DAP
39.0,43.1,10.5,7.43,1.99,35.9,89.5,1644.0,Rice,Silt,Potash
52.3,37.7,35.2,7.89,2.32,32.5,88.5,582.0,Rice,Loamy,Potash
14.1,21.6,46.1,6.42,0.59,23.4,57.8,914.0,Rice,Loamy,Urea
38.9,8.6,26.0,5.68,2.27,37.1,63.3,1957.0,Wheat,Silt,Potash
52.5,35.1,58.7,5.31,2.15,22.0,50.8,1113.0,Maize,Clay,Organic Compost
46.7,20.4,22.4,4.75,2.2,22.7,58.1,1376.0,Sorghum,Clay,Organic Compost
5.1,18.5,27.2,5.37,1.96,18.3,89.9,1920.0,Cassava,Sandy,Superphosphate
48.2,35.3,38.3,5.25,0.57,31.8,74.1,1732.0,Tomato,Loamy,Potash
35.1,51.3,46.5,7.76,2.59,26.1,79.4,1501.0,Maize,Loamy,NPK 20-10-10
38.0,38.9,27.6,7.26,1.94,28.6,48.6,1291.0,Beans,Clay,Organic Compost
35.6,57.1,37.5,6.71,2.32,26.5,88.6,618.0,Cassava,Clay,Organic Compost
36.1,53.2,40.2,6.82,1.01,36.6,65.9,827.0,Millet,Loamy,NPK 20-10-10
16.1,6.0,10.3,7.49,1.46,37.1,44.6,1386.0,Millet,Sandy,NPK 15-15-15
34.8,36.9,41.7,7.69,1.14,27.2,75.0,903.0,Beans,Loamy,NPK 15-15-15
28.2,29.8,46.0,4.79,0.47,19.3,46.8,1087.0,Millet,Clay,Organic Compost
26.0,33.2,20.7,6.1,1.25,24.8,61.4,418.0,Beans,Silt,NPK 15-15-15
49.1,12.2,44.3,6.62,0.61,36.7,82.7,632.0,Beans,Loamy,DAP
27.1,14.7,14.3,8.08,1.66,23.2,82.7,1800.0,Wheat,Silt,Superphosphate
32.2,24.2,15.3,7.92,0.67,21.4,63.9,854.0,Beans,Sandy,Potash
28.6,31.3,25.8,7.12,0.62,19.0,75.3,1256.0,Rice,Silt,NPK 15-15-15
10.2,36.6,25.7,6.15,2.37,32.8,52.1,1451.0,Beans,Silt,Urea
42.7,17.4,24.0,7.82,2.02,36.6,88.5,900.0,Millet,Loamy,DAP
25.9,15.5,5.0,4.85,2.1,19.7,73.0,1772.0,Tomato,Sandy,Superphosphate
21.0,51.7,36.4,6.0,2.47,22.3,64.3,574.0,Tomato,Loamy,NPK 20-10-10
42.1,26.6,41.7,7.48,2.33,18.9,82.6,635.0,Millet,Loamy,NPK 20-10-10
42.4,21.2,39.7,4.96,0.77,30.3,58.5,1526.0,Beans,Loamy,Potash
43.4,46.1,51.2,4.8,1.66,33.0,51.9,822.0,Rice,Loamy,Organic Compost
35.4,48.0,45.6,6.93,0.96,33.3,76.5,609.0,Beans,Clay,Organic Compost
59.3,33.7,20.8,5.02,0.47,26.1,83.8,1121.0,Sorghum,Clay,Organic Compost
32.2,45.8,41.0,7.66,1.0,28.0,77.2,670.0,Millet,Loamy,NPK 20-10-10
7.8,28.0,26.2,7.77,2.36,23.6,75.3,1999.0,Millet,Sandy,NPK 20-10-10
51.1,16.4,51.9,6.31,2.36,30.4,76.9,1637.0,Sorghum,Loamy,DAP
58.8,60.2,60.7,6.89,1.79,29.0,73.4,1379.0,Tomato,Clay,Potash
14.4,14.0,10.8,7.46,2.52,30.6,92.0,1814.0,Maize,Sandy,NPK 15-15-15
28.9,24.0,44.5,5.55,2.41,30.3,59.8,1975.0,Tomato,Clay,Organic Compost
28.8,34.3,23.0,7.76,0.54,29.1,67.6,460.0,Millet,Sandy,Superphosphate
24.6,14.3,30.2,7.51,1.75,31.5,41.7,1743.0,Wheat,Loamy,DAP
41.7,59.1,61.9,7.4,2.0,28.6,76.6,631.0,Maize,Clay,Organic Compost
49.1,21.6,18.1,5.35,1.47,22.5,75.7,520.0,Beans,Silt,Potash
40.7,21.6,27.8,6.93,2.13,24.1,80.2,858.0,Maize,Silt,Potash
32.8,34.5,28.2,7.89,0.7,31.1,50.9,843.0,Cassava,Sandy,NPK 15-15-15
50.3,56.5,43.5,7.93,2.35,35.0,52.6,1250.0,Tomato,Clay,Organic Compost
20.5,33.7,34.4,5.57,2.2,18.9,59.8,1539.0,Beans,Clay,Organic Compost
45.7,41.9,61.2,7.27,2.57,21.7,81.9,1283.0,Rice,Clay,Organic Compost
28.9,21.9,55.2,7.51,0.76,30.9,80.6,1292.0,Cassava,Clay,Organic Compost
39.6,43.0,40.0,7.17,0.72,36.5,55.7,1738.0,Beans,Loamy,NPK 20-10-10
33.1,12.6,26.3,6.76,0.58,20.2,94.6,932.0,Tomato,Silt,DAP
35.1,27.9,41.2,6.4,0.43,27.7,43.0,1723.0,Maize,Silt,NPK 15-15-15
18.8,10.9,21.2,6.2,2.5,19.8,71.7,1553.0,Rice,Sandy,NPK 20-10-10
44.3,41.1,47.3,7.17,1.27,36.4,52.4,1334.0,Tomato,Silt,Organic Compost
32.5,7.5,26.8,5.26,2.11,32.0,50.0,1733.0,Millet,Sandy,DAP
34.1,24.7,22.7,4.56,0.84,18.5,58.3,951.0,Sorghum,Sandy,NPK 15-15-15
27.5,45.3,58.5,5.18,1.85,18.9,69.2,1586.0,Tomato,Clay,Superphosphate
21.7,43.1,38.3,5.11,2.03,28.6,46.2,1919.0,Sorghum,Loamy,NPK 20-10-10
17.1,13.8,39.1,6.99,1.0,32.9,67.8,958.0,Maize,Silt,NPK 20-10-10
41.3,52.5,42.9,7.97,2.2,25.2,65.6,1932.0,Cassava,Clay,Organic Compost
31.5,35.3,57.0,7.93,2.17,23.5,88.8,453.0,Sorghum,Clay,Organic Compost
21.1,21.8,11.8,5.26,2.17,19.5,67.1,707.0,Beans,Sandy,Potash
42.5,31.6,24.9,7.58,0.59,33.3,53.7,1869.0,Tomato,Loamy,NPK 20-10-10
34.1,32.2,42.2,4.92,1.31,35.3,88.9,1197.0,Sorghum,Silt,NPK 15-15-15
28.4,31.6,30.3,6.03,1.83,27.7,46.5,1715.0,Millet,Sandy,NPK 15-15-15
41.1,24.2,15.0,6.74,2.01,28.3,40.3,1323.0,Wheat,Loamy,Superphosphate
44.6,8.5,12.1,6.17,2.07,36.9,68.7,969.0,Cassava,Silt,NPK 20-10-10
28.3,51.1,32.6,7.33,2.27,20.0,64.2,1830.0,Sorghum,Loamy,NPK 20-10-10
44.7,17.8,45.6,5.97,1.7,24.6,69.0,479.0,Sorghum,Silt,DAP
38.5,13.6,19.2,5.28,1.37,22.9,47.6,1356.0,Beans,Loamy,Superphosphate
23.9,48.7,38.3,6.77,0.87,22.8,66.1,781.0,Beans,Loamy,NPK 20-10-10
26.4,26.4,25.3,6.13,0.41,28.8,56.4,1284.0,Rice,Clay,Organic Compost
36.8,30.0,42.0,7.92,1.48,20.0,82.1,417.0,Cassava,Loamy,NPK 15-15-15
12.5,40.8,37.0,6.58,2.21,35.0,65.2,1994.0,Sorghum,Silt,Urea
30.4,17.5,31.2,4.73,0.64,18.8,73.1,1731.0,Tomato,Sandy,DAP
16.2,15.4,24.3,6.91,0.63,26.4,75.3,814.0,Rice,Sandy,NPK 20-10-10
17.1,5.9,11.7,7.37,0.95,34.4,65.7,1157.0,Rice,Sandy,NPK 15-15-15
30.0,24.4,48.2,6.24,2.18,27.2,62.8,878.0,Rice,Clay,Organic Compost
16.1,50.8,13.2,6.43,0.53,33.6,51.6,1305.0,Tomato,Loamy,NPK 20-10-10
15.5,41.5,26.5,4.55,1.47,34.2,63.6,1613.0,Wheat,Silt,Urea
33.6,50.5,35.5,5.13,1.11,35.5,55.6,776.0,Wheat,Clay,Organic Compost
54.0,35.1,43.4,7.36,1.18,34.0,92.9,1587.0,Beans,Loamy,NPK 20-10-10
30.2,7.7,27.5,5.84,1.65,35.9,73.3,441.0,Sorghum,Sandy,DAP
39.6,49.0,47.5,7.69,1.16,27.5,86.6,1857.0,Maize,Loamy,NPK 20-10-10
22.6,40.4,44.7,6.65,0.65,24.1,87.1,956.0,Sorghum,Silt,NPK 20-10-10
29.2,19.8,10.1,5.66,2.5,26.6,64.3,645.0,Wheat,Sandy,Superphosphate
45.8,30.7,50.4,5.91,2.3,18.6,59.1,1768.0,Cassava,Loamy,NPK 20-10-10
36.1,42.3,37.7,5.44,1.43,31.2,72.3,1816.0,Beans,Silt,NPK 20-10-10
17.0,43.5,8.4,7.72,0.52,25.8,84.0,1052.0,Tomato,Silt,NPK 20-10-10
20.3,22.5,31.7,4.85,1.14,31.2,93.9,1757.0,Wheat,Sandy,NPK 15-15-15
21.9,30.8,31.1,7.47,2.2,35.6,46.3,868.0,Beans,Sandy,NPK 15-15-15
27.4,41.1,47.1,7.56,2.19,19.0,64.9,433.0,Tomato,Clay,Organic Compost
46.2,44.0,46.3,6.58,1.97,30.5,45.0,987.0,Beans,Clay,Organic Compost
27.8,14.5,29.9,5.04,2.09,21.7,69.0,913.0,Beans,Sandy,DAP
46.2,36.7,53.2,7.13,1.74,34.6,52.1,1412.0,Millet,Loamy,NPK 20-10-10
5.7,17.8,24.6,6.2,0.92,27.3,86.7,731.0,Cassava,Sandy,NPK 20-10-10
58.3,21.4,42.3,4.74,2.43,26.8,63.0,837.0,Beans,Clay,Organic Compost
41.6,28.6,31.8,7.61,0.81,21.5,63.1,1658.0,Rice,Silt,NPK 20-10-10
33.5,36.2,36.3,4.71,0.95,33.1,62.7,1297.0,Millet,Loamy,NPK 15-15-15
38.9,35.2,24.5,8.02,2.52,24.2,92.1,456.0,Wheat,Clay,Organic Compost
11.4,23.0,28.9,5.68,1.18,30.6,48.1,589.0,Millet,Sandy,NPK 20-10-10
16.0,20.2,10.9,5.22,1.83,20.2,76.7,1041.0,Tomato,Sandy,NPK 20-10-10
55.5,22.3,57.5,5.49,0.49,29.2,52.3,1135.0,Cassava,Clay,Organic Compost
45.2,61.1,39.5,4.65,2.2,22.4,49.7,512.0,Millet,Clay,Organic Compost
20.7,32.9,39.6,7.97,0.61,21.0,72.4,557.0,Maize,Silt,NPK 15-15-15
40.8,17.1,36.1,6.89,2.29,24.3,81.3,1603.0,Sorghum,Silt,DAP
36.4,19.5,27.0,6.11,2.1,18.0,67.6,695.0,Sorghum,Silt,DAP
41.0,42.8,33.2,5.66,2.04,20.6,82.4,1448.0,Tomato,Clay,Organic Compost
20.2,6.2,32.4,7.0,1.77,32.7,55.6,1366.0,Maize,Sandy,DAP
33.8,31.8,33.9,7.49,1.05,29.6,46.6,1607.0,Wheat,Sandy,NPK 15-15-15
18.1,14.7,11.0,7.13,0.81,22.0,49.3,889.0,Millet,Silt,NPK 15-15-15
12.8,10.1,5.6,5.85,0.64,18.5,45.7,910.0,Cassava,Sandy,NPK 15-15-15
25.4,23.6,31.5,5.18,2.15,35.3,93.7,1694.0,Wheat,Sandy,NPK 15-15-15
54.2,28.9,26.9,7.96,0.74,33.5,62.3,1558.0,Beans,Clay,DAP
57.8,27.9,24.6,5.23,0.57,37.6,46.8,721.0,Wheat,Clay,Organic Compost
29.3,48.2,36.7,7.59,1.8,23.8,72.9,1786.0,Tomato,Clay,Organic Compost
17.5,21.3,27.0,4.72,1.4,19.9,79.9,1372.0,Cassava,Sandy,NPK 20-10-10
58.9,33.2,31.6,4.87,1.67,23.3,86.4,1492.0,Maize,Clay,NPK 15-15-15
22.0,12.7,38.6,5.26,2.38,29.5,51.5,1967.0,Sorghum,Loamy,DAP
41.7,60.3,37.8,6.07,1.41,23.6,48.9,1326.0,Rice,Clay,Organic Compost
7.9,17.0,5.2,5.64,1.87,23.8,86.2,1164.0,Tomato,Sandy,NPK 15-15-15
25.5,31.9,29.2,6.6,1.05,24.0,88.1,486.0,Beans,Sandy,NPK 15-15-15
51.0,33.9,60.0,4.63,1.18,35.3,55.1,841.0,Maize,Clay,Organic Compost
8.2,22.4,11.7,5.3,1.75,20.5,65.8,809.0,Millet,Sandy,NPK 20-10-10
17.0,46.9,42.6,5.48,2.51,23.4,56.1,1018.0,Sorghum,Silt,Urea
43.4,57.6,30.1,5.13,1.19,20.9,92.0,1548.0,Tomato,Clay,Organic Compost
22.4,18.0,30.5,7.57,1.13,18.2,76.3,720.0,Tomato,Loamy,DAP
20.3,16.8,31.4,7.17,0.48,33.8,83.5,1461.0,Wheat,Sandy,DAP
29.2,36.0,34.7,6.37,2.5,30.3,57.2,1906.0,Millet,Clay,Organic Compost
51.0,26.8,34.2,6.27,2.43,23.3,58.3,1456.0,Maize,Loamy,Potash
21.0,52.8,45.4,5.78,1.19,27.4,77.1,1298.0,Wheat,Loamy,NPK 20-10-10
29.6,6.7,31.4,4.66,0.68,21.6,52.3,1043.0,Wheat,Sandy,DAP
42.0,42.4,33.4,7.46,0.64,24.0,45.3,743.0,Beans,Clay,Organic Compost
12.2,42.7,13.0,6.75,1.17,35.9,78.9,495.0,Rice,Silt,NPK 20-10-10
20.5,36.3,38.2,5.62,1.17,21.1,72.6,1931.0,Cassava,Silt,NPK 15-15-15
10.3,28.9,32.8,7.05,0.64,24.5,44.7,1363.0,Beans,Sandy,NPK 20-10-10
14.8,19.3,32.0,6.61,0.91,33.0,44.8,1397.0,Maize,Silt,NPK 20-10-10
24.0,25.2,18.2,7.45,1.52,23.7,92.4,1910.0,Rice,Sandy,Organic Compost
12.5,29.8,9.5,6.68,2.45,25.4,68.0,764.0,Beans,Silt,NPK 20-10-10
17.0,31.2,22.9,7.27,1.94,32.0,60.8,1359.0,Millet,Silt,Urea
32.2,44.4,18.4,4.71,2.52,19.2,89.7,1380.0,Beans,Silt,Potash
54.5,50.3,42.1,5.84,0.41,23.0,92.3,841.0,Sorghum,Clay,Organic Compost
33.0,61.6,22.0,6.65,1.42,19.5,51.8,1511.0,Sorghum,Clay,Organic Compost
46.3,24.2,32.0,5.01,2.15,28.7,40.2,1269.0,Wheat,Clay,Organic Compost
9.5,9.5,22.7,7.05,1.87,23.6,51.9,1493.0,Tomato,Silt,Potash
37.8,30.0,41.9,5.3,1.64,21.0,62.3,1217.0,Sorghum,Clay,Organic Compost
60.2,28.5,28.8,5.63,2.36,26.1,56.6,1586.0,Maize,Clay,Superphosphate
38.9,46.2,50.7,5.7,1.8,28.5,47.4,1811.0,Sorghum,Clay,Organic Compost
50.3,30.3,38.1,5.93,0.48,26.2,59.0,406.0,Beans,Clay,Organic Compost
20.0,28.5,23.1,5.13,1.76,33.2,87.0,910.0,Rice,Sandy,Urea
52.8,48.6,52.5,8.08,1.69,36.1,75.3,691.0,Sorghum,Clay,Organic Compost
34.3,12.3,15.0,7.54,0.54,30.7,69.5,670.0,Maize,Sandy,Superphosphate
20.6,51.4,50.8,6.9,1.3,18.6,84.1,601.0,Sorghum,Clay,Organic Compost
20.7,18.7,48.9,4.82,0.75,26.8,83.3,1815.0,Beans,Silt,DAP
8.7,34.0,12.9,7.87,2.46,24.1,85.5,1408.0,Beans,Silt,NPK 20-10-10
49.0,20.9,8.0,8.11,1.31,26.6,79.2,1367.0,Cassava,Silt,Potash
54.7,40.3,48.2,7.68,0.44,35.2,81.3,1915.0,Rice,Clay,Organic Compost
24.8,32.8,34.8,6.04,1.59,21.4,78.2,1740.0,Millet,Sandy,NPK 15-15-15
53.4,17.2,33.2,6.55,1.58,33.2,73.5,523.0,Millet,Loamy,DAP
41.9,34.1,27.3,4.69,2.13,27.9,69.6,1150.0,Maize,Loamy,Potash
22.7,49.7,31.4,5.6,2.59,25.7,68.1,1018.0,Sorghum,Clay,Organic Compost
48.8,32.3,43.0,8.05,0.41,31.5,46.5,1133.0,Cassava,Loamy,NPK 20-10-10
34.7,22.4,16.8,4.57,1.69,27.9,51.8,1185.0,Rice,Sandy,NPK 15-15-15
26.3,32.6,45.7,7.14,2.35,36.8,50.4,1025.0,Beans,Loamy,NPK 15-15-15
42.8,12.2,51.3,7.16,1.64,26.6,94.3,1578.0,Wheat,Loamy,DAP
20.9,22.3,28.3,6.92,1.77,24.5,93.5,549.0,Millet,Clay,Organic Compost
30.0,13.1,43.3,7.35,1.1,28.3,73.4,988.0,Cassava,Loamy,DAP
56.9,50.2,24.6,7.46,1.14,36.7,73.2,444.0,Cassava,Clay,Organic Compost
31.3,33.4,25.9,6.47,1.72,26.6,44.6,1886.0,Rice,Sandy,NPK 15-15-15
28.0,61.7,59.6,5.79,0.97,34.1,63.2,1948.0,Maize,Clay,Organic Compost
11.8,37.5,49.5,5.88,2.34,26.2,93.4,1446.0,Millet,Silt,Urea
29.0,51.4,22.0,8.02,0.62,31.3,93.1,1447.0,Sorghum,Loamy,NPK 20-10-10
24.3,28.5,6.0,6.08,1.03,34.5,77.3,1383.0,Beans,Sandy,Potash
48.1,12.2,22.6,6.83,1.15,31.7,82.6,1726.0,Cassava,Silt,DAP
6.6,19.7,9.1,5.68,2.25,37.0,85.2,401.0,Cassava,Sandy,NPK 15-15-15
16.3,17.8,33.3,6.84,0.99,30.9,92.4,495.0,Wheat,Sandy,NPK 20-10-10
9.6,32.0,5.1,7.24,0.59,30.4,74.1,1780.0,Maize,Sandy,NPK 20-10-10
16.4,10.0,24.1,6.34,0.57,37.1,57.3,403.0,Beans,Sandy,NPK 20-10-10
50.8,26.4,37.0,6.89,0.95,32.0,52.8,735.0,Rice,Clay,Potash
18.4,40.1,31.9,5.16,1.65,22.5,63.4,1821.0,Maize,Silt,Urea
13.4,8.7,27.6,6.6,1.77,37.5,59.2,1681.0,Tomato,Sandy,NPK 20-10-10
10.2,33.9,20.5,7.07,1.94,27.1,69.5,1402.0,Rice,Silt,Urea
7.3,34.4,6.0,5.27,1.96,19.7,54.4,646.0,Beans,Sandy,NPK 20-10-10
6.9,18.8,11.3,8.08,0.64,30.0,66.5,1325.0,Sorghum,Sandy,NPK 15-15-15
39.4,26.8,35.8,5.85,0.9,19.7,45.6,1935.0,Maize,Silt,NPK 15-15-15
34.8,42.7,27.2,6.13,1.98,22.5,68.9,736.0,Rice,Loamy,Organic Compost
61.8,27.6,51.1,8.01,1.82,37.3,94.7,1683.0,Tomato,Clay,Organic Compost
40.9,58.5,54.9,4.91,1.07,23.2,87.0,773.0,Millet,Clay,Organic Compost
23.2,60.4,40.6,5.2,1.0,34.0,74.9,1143.0,Tomato,Clay,Organic Compost
52.4,50.2,38.7,8.13,1.96,26.5,92.8,1833.0,Rice,Clay,Organic Compost
25.8,29.3,16.0,6.7,1.21,24.9,92.2,664.0,Sorghum,Silt,Potash
9.2,9.7,26.0,6.18,1.1,31.4,66.7,519.0,Maize,Silt,NPK 20-10-10
14.7,21.0,42.1,7.08,2.3,33.1,69.5,900.0,Maize,Loamy,NPK 15-15-15
13.7,12.5,34.2,5.14,0.47,37.0,56.8,1029.0,Tomato,Sandy,DAP
41.8,32.4,25.2,5.85,1.74,23.1,48.4,1514.0,Maize,Loamy,Potash
43.3,30.3,41.1,7.93,0.45,26.2,51.2,1995.0,Tomato,Silt,NPK 20-10-10
20.4,48.0,9.2,5.2,1.76,33.9,88.6,881.0,Rice,Silt,Potash
9.1,44.3,22.2,5.24,1.3,32.2,87.9,745.0,Tomato,Silt,Urea
35.7,27.7,20.6,8.18,1.98,22.4,45.0,719.0,Maize,Loamy,NPK 15-15-15
17.6,12.9,23.9,6.3,1.4,34.6,54.0,1819.0,Tomato,Silt,NPK 20-10-10
10.4,12.4,23.7,5.02,0.59,19.5,73.3,1687.0,Millet,Sandy,NPK 20-10-10
41.3,11.3,25.1,4.75,2.41,32.9,77.8,1492.0,Beans,Silt,DAP
46.8,39.1,27.7,4.67,0.46,20.8,72.8,1677.0,Wheat,Silt,Potash
19.6,10.3,49.5,7.39,1.46,29.5,70.9,807.0,Cassava,Silt,NPK 20-10-10
12.4,21.7,14.2,7.2,1.65,28.6,92.3,916.0,Sorghum,Sandy,NPK 20-10-10
43.7,33.6,21.0,4.51,1.96,31.3,76.6,1100.0,Cassava,Loamy,Potash
12.2,20.6,20.4,7.55,1.35,26.7,94.1,1831.0,Sorghum,Sandy,NPK 20-10-10
25.8,55.8,27.7,6.07,2.56,19.9,86.2,1192.0,Cassava,Clay,Organic Compost
31.1,45.0,44.5,4.55,0.98,24.7,69.4,515.0,Beans,Silt,NPK 20-10-10
15.3,37.5,27.3,4.76,0.79,20.8,74.1,540.0,Wheat,Silt,Urea
11.4,45.3,48.3,4.66,2.49,23.6,76.6,680.0,Cassava,Silt,Urea
49.1,49.7,11.2,6.93,1.0,20.5,48.2,1898.0,Wheat,Silt,Potash
49.3,41.9,21.0,6.24,2.0,31.5,65.5,1220.0,Rice,Silt,NPK 15-15-15
26.6,24.3,23.6,6.9,1.34,26.5,48.8,1939.0,Sorghum,Loamy,NPK 15-15-15
16.0,37.5,26.3,6.03,2.33,33.2,68.6,1150.0,Cassava,Silt,Urea
26.1,27.8,32.0,8.07,0.58,37.9,78.7,1348.0,Beans,Sandy,NPK 15-15-15
29.1,24.6,11.0,6.76,0.71,27.9,72.1,1417.0,Maize,Sandy,Potash
12.8,23.2,33.0,7.38,2.04,24.6,46.1,1827.0,Wheat,Sandy,NPK 20-10-10
35.0,41.0,25.8,4.53,1.77,18.8,63.8,1720.0,Wheat,Loamy,NPK 20-10-10
5.6,19.8,13.3,7.8,1.97,26.1,81.9,946.0,Maize,Sandy,NPK 15-15-15
16.4,21.1,45.2,6.21,1.1,18.7,63.0,1201.0,Beans,Silt,Urea
16.1,24.3,31.7,6.9,1.82,34.3,49.1,882.0,Maize,Sandy,NPK 15-15-15
26.2,49.0,15.7,6.2,1.17,22.0,60.5,1442.0,Maize,Loamy,Potash
46.0,28.2,49.2,4.77,1.01,26.3,72.0,1273.0,Beans,Silt,NPK 20-10-10
19.7,42.3,31.4,6.31,1.06,24.1,61.4,1622.0,Sorghum,Silt,Urea
39.9,35.9,47.9,6.46,1.84,27.6,77.4,1098.0,Rice,Silt,NPK 15-15-15
26.6,23.3,19.4,7.13,0.68,24.5,46.9,602.0,Cassava,Sandy,Organic Compost
21.8,47.8,50.9,5.12,1.96,27.2,90.5,1175.0,Millet,Loamy,NPK 20-10-10
46.0,17.5,42.8,5.22,1.82,27.0,45.8,601.0,Maize,Silt,DAP
43.3,20.8,32.5,4.86,1.98,33.9,89.1,1817.0,Millet,Loamy,Potash
50.6,18.3,14.6,5.66,2.07,31.9,94.3,975.0,Maize,Loamy,Superphosphate
40.9,17.0,47.8,6.4,2.12,34.5,66.3,1586.0,Cassava,Silt,DAP
54.6,43.8,29.2,8.09,2.48,30.4,94.1,1204.0,Millet,Clay,Organic Compost
14.0,35.6,40.6,4.91,0.96,32.4,83.6,1977.0,Cassava,Loamy,Urea
19.4,17.6,43.4,6.15,2.15,23.7,51.7,1278.0,Millet,Loamy,NPK 20-10-10
15.0,21.4,40.2,4.95,1.75,29.7,69.6,1175.0,Maize,Silt,Urea
26.8,54.2,22.6,6.28,1.53,22.0,44.9,520.0,Millet,Clay,Superphosphate
54.0,57.8,32.3,5.11,1.3,35.6,62.0,573.0,Tomato,Clay,Organic Compost
15.3,31.8,32.8,6.34,1.07,27.7,52.1,1165.0,Sorghum,Sandy,NPK 20-10-10
44.7,53.7,48.2,4.82,0.87,28.6,54.2,423.0,Maize,Loamy,Organic Compost
22.8,41.4,61.0,7.01,0.75,28.3,89.6,487.0,Wheat,Clay,Organic Compost
42.3,18.5,51.0,5.69,0.51,19.7,65.2,464.0,Sorghum,Loamy,DAP
20.6,54.0,61.2,4.61,1.99,38.0,83.8,1209.0,Maize,Clay,Organic Compost
20.3,17.4,29.5,5.88,1.12,21.6,86.5,1528.0,Tomato,Silt,DAP
25.4,24.7,46.3,4.9,2.51,23.6,41.4,1769.0,Tomato,Clay,Organic Compost
8.6,24.8,15.8,7.55,1.79,35.6,74.2,1647.0,Wheat,Sandy,NPK 20-10-10
41.6,40.5,12.3,7.08,0.98,28.8,46.1,437.0,Rice,Loamy,DAP
5.6,9.0,21.8,5.98,2.56,34.2,48.1,1067.0,Rice,Sandy,NPK 20-10-10
28.8,36.1,34.9,5.82,1.95,23.8,86.0,1943.0,Maize,Silt,NPK 15-15-15
54.2,40.6,23.7,7.41,1.3,22.2,74.5,1099.0,Millet,Clay,Superphosphate
29.5,36.0,12.8,7.24,1.83,27.9,69.1,1928.0,Maize,Silt,Potash
16.1,20.5,32.6,7.52,1.25,35.7,60.8,834.0,Tomato,Sandy,NPK 20-10-10
23.7,17.3,28.9,8.03,0.99,28.2,79.8,654.0,Sorghum,Sandy,DAP
18.4,49.3,30.3,5.15,0.83,33.7,91.5,1005.0,Millet,Loamy,Potash
35.5,23.6,25.9,5.75,1.42,30.9,69.8,663.0,Wheat,Silt,NPK 15-15-15
30.9,12.6,14.4,6.46,1.01,30.6,60.5,753.0,Cassava,Silt,Superphosphate
14.6,42.0,26.1,7.89,0.83,35.5,84.9,566.0,Cassava,Silt,Urea
33.3,28.8,52.6,7.09,2.52,34.9,84.9,1561.0,Tomato,Loamy,NPK 15-15-15
38.4,15.2,37.1,4.88,2.49,30.9,70.6,717.0,Beans,Loamy,DAP
41.0,38.0,33.5,5.44,1.56,27.2,86.8,1831.0,Maize,Loamy,Potash
6.1,32.8,34.8,4.97,1.91,26.5,48.2,1997.0,Maize,Sandy,NPK 20-10-10
18.2,33.2,50.5,7.0,1.36,28.3,42.1,1378.0,Beans,Loamy,Urea
26.7,41.8,43.6,5.77,0.46,32.9,53.4,1431.0,Wheat,Clay,Organic Compost
22.7,25.9,22.2,6.56,1.36,26.6,67.0,1123.0,Cassava,Sandy,NPK 15-15-15
38.4,13.6,46.2,6.81,0.51,31.2,59.9,1888.0,Rice,Silt,DAP
31.8,46.6,35.3,7.74,0.75,36.1,76.4,885.0,Millet,Silt,NPK 20-10-10
46.2,8.2,31.2,7.14,0.43,33.3,75.8,840.0,Tomato,Silt,DAP
54.6,56.4,40.4,6.38,1.28,24.9,88.0,888.0,Rice,Clay,Organic Compost
35.6,42.2,14.9,5.44,0.63,21.2,62.4,1641.0,Maize,Silt,Potash
23.8,28.9,16.8,5.41,2.08,18.5,84.9,1687.0,Wheat,Sandy,Potash
24.5,56.7,40.0,5.95,1.66,19.2,75.4,1912.0,Wheat,Clay,Organic Compost
33.8,25.7,6.7,6.98,0.53,24.1,73.9,745.0,Cassava,Sandy,Superphosphate
42.4,31.0,48.8,7.81,0.59,33.7,48.6,927.0,Maize,Clay,Organic Compost
15.2,45.0,46.1,8.19,2.46,26.7,47.3,417.0,Tomato,Loamy,Urea
13.0,11.0,18.2,7.81,1.39,32.5,65.4,997.0,Sorghum,Sandy,NPK 15-15-15
39.7,26.1,19.2,5.01,0.4,20.3,49.1,1504.0,Wheat,Silt,Potash
38.4,49.8,48.4,5.49,0.72,21.1,89.3,564.0,Cassava,Silt,NPK 20-10-10
45.8,45.0,53.0,6.62,2.27,19.7,87.2,1344.0,Wheat,Clay,Organic Compost
59.5,55.5,58.3,5.91,0.9,21.7,88.1,1723.0,Maize,Clay,Organic Compost
34.6,14.0,14.9,6.25,2.09,21.5,90.4,1494.0,Sorghum,Silt,Superphosphate
33.1,38.8,24.2,5.96,0.43,28.8,81.8,1950.0,Cassava,Silt,NPK 15-15-15
49.2,14.3,9.7,7.27,2.39,37.0,85.4,728.0,Cassava,Silt,Superphosphate
22.5,19.6,8.3,6.22,1.65,32.5,62.8,909.0,Tomato,Sandy,Superphosphate
13.1,5.6,33.4,7.29,0.84,29.3,72.7,602.0,Wheat,Sandy,NPK 20-10-10
41.3,28.0,53.5,6.24,1.8,24.0,43.2,664.0,Wheat,Clay,Organic Compost
42.9,8.9,40.1,6.29,1.86,25.2,74.1,457.0,Wheat,Silt,Potash
17.4,12.6,51.2,5.48,1.68,34.8,81.0,475.0,Millet,Loamy,NPK 20-10-10
15.5,27.6,33.9,5.04,0.72,32.7,65.0,1672.0,Sorghum,Sandy,NPK 20-10-10
49.3,61.8,24.0,7.7,1.25,18.3,68.1,846.0,Wheat,Clay,Organic Compost
19.5,11.0,29.8,7.92,1.29,27.0,94.0,627.0,Maize,Sandy,NPK 20-10-10
45.0,20.3,20.4,5.71,0.44,21.4,94.7,798.0,Sorghum,Silt,Urea
35.6,14.9,46.0,7.55,0.87,34.0,59.9,1077.0,Sorghum,Loamy,DAP
28.1,33.0,24.3,6.41,1.9,19.9,90.6,1550.0,Maize,Loamy,Organic Compost
27.3,14.4,20.6,7.68,2.53,23.6,75.8,1776.0,Millet,Sandy,DAP
29.2,44.7,8.1,6.12,1.69,28.5,80.3,505.0,Wheat,Silt,Potash
42.6,25.6,9.8,8.07,2.12,25.0,54.9,1342.0,Maize,Silt,Potash
33.4,14.9,26.1,5.91,0.59,36.7,49.0,1912.0,Maize,Sandy,DAP
46.7,35.7,16.0,6.69,0.8,35.5,42.7,1248.0,Maize,Silt,Superphosphate
54.9,35.6,30.0,4.95,2.32,19.6,74.6,988.0,Millet,Clay,Organic Compost
31.0,46.6,48.7,6.66,2.15,30.7,63.5,492.0,Wheat,Silt,NPK 20-10-10
24.9,29.7,50.7,5.05,1.92,32.4,59.4,813.0,Beans,Clay,Organic Compost
45.5,51.2,56.2,4.61,2.0,24.3,86.1,521.0,Tomato,Clay,Organic Compost
26.0,53.7,16.6,5.0,1.82,28.3,54.5,887.0,Rice,Loamy,Potash
43.9,30.3,36.5,7.85,2.35,19.4,76.0,645.0,Maize,Clay,Organic Compost
45.6,11.5,44.7,7.2,2.11,33.8,67.9,1915.0,Tomato,Silt,DAP
21.4,42.5,11.5,6.1,2.1,24.2,53.2,820.0,Cassava,Silt,Potash
36.9,42.9,59.5,7.44,0.81,35.7,86.5,1592.0,Millet,Clay,Organic Compost
42.6,34.3,25.3,4.54,0.91,30.1,46.2,1449.0,Sorghum,Loamy,Potash
7.5,9.2,15.7,7.51,1.8,35.4,94.7,724.0,Millet,Sandy,NPK 15-15-15
33.2,26.0,26.7,7.0,1.77,24.4,46.5,1325.0,Millet,Loamy,NPK 15-15-15
12.2,24.1,45.5,7.25,0.42,27.4,64.1,1444.0,Millet,Loamy,Urea
59.8,35.6,34.2,4.6,0.53,36.6,93.7,409.0,Cassava,Clay,Organic Compost
43.6,48.5,35.1,6.46,1.78,21.9,94.7,726.0,Sorghum,Clay,NPK 20-10-10
17.9,17.0,13.3,4.6,0.98,25.9,68.6,1132.0,Beans,Sandy,NPK 15-15-15
21.3,48.3,44.3,7.93,1.95,22.0,50.7,1854.0,Beans,Silt,NPK 20-10-10
43.0,21.1,28.5,8.08,0.44,32.3,93.8,567.0,Beans,Loamy,Potash
43.4,29.3,10.5,4.97,1.23,24.5,52.1,1744.0,Sorghum,Silt,Urea
34.5,34.3,14.3,6.6,1.23,22.6,72.1,402.0,Rice,Silt,Potash
27.1,14.1,8.1,5.5,1.61,28.7,47.2,1382.0,Wheat,Silt,Superphosphate
42.2,46.2,56.9,8.0,0.49,22.1,46.4,1636.0,Beans,Clay,Potash
20.9,45.3,31.6,6.24,1.37,33.0,67.3,1074.0,Beans,Clay,Organic Compost
41.3,38.9,28.5,7.83,1.47,36.6,84.2,640.0,Beans,Silt,NPK 20-10-10
45.3,61.0,42.9,5.79,1.64,18.6,71.9,1844.0,Cassava,Clay,Potash
46.5,16.6,48.4,7.33,1.48,22.9,55.8,1380.0,Millet,Loamy,DAP
59.1,50.6,50.9,8.04,0.41,22.9,76.2,1101.0,Maize,Clay,Organic Compost
6.4,21.3,21.9,6.85,1.09,18.5,88.9,1887.0,Millet,Sandy,NPK 20-10-10
22.4,14.5,10.5,5.13,0.79,24.6,55.4,1738.0,Wheat,Sandy,Superphosphate
18.3,49.7,14.4,5.39,1.77,32.0,84.1,1056.0,Cassava,Loamy,NPK 20-10-10
36.4,27.0,26.1,4.56,2.49,19.2,54.9,1874.0,Maize,Loamy,NPK 15-15-15
47.8,24.1,54.0,5.43,2.5,22.6,74.4,1273.0,Sorghum,Clay,Organic Compost
52.8,28.9,60.4,5.59,1.78,30.4,65.9,1449.0,Maize,Clay,Organic Compost
21.8,23.2,17.1,4.76,0.75,30.1,91.0,441.0,Sorghum,Sandy,Potash
36.2,44.2,43.6,7.18,2.11,19.5,68.0,819.0,Maize,Loamy,NPK 20-10-10
16.6,22.5,31.6,8.06,0.64,29.4,58.8,1434.0,Millet,Loamy,Urea
28.6,7.7,29.5,5.28,1.7,24.9,73.5,828.0,Rice,Sandy,DAP
35.7,54.7,39.4,6.35,1.77,26.7,87.7,1045.0,Wheat,Clay,Organic Compost
25.7,23.4,36.4,7.29,0.81,22.8,48.0,1617.0,Beans,Silt,NPK 15-15-15
42.5,52.1,59.8,5.16,1.07,25.0,74.4,618.0,Rice,Clay,Organic Compost
21.3,9.8,16.7,5.0,1.2,26.0,46.2,496.0,Millet,Sandy,Superphosphate
12.1,39.6,16.0,7.5,2.34,30.3,73.7,994.0,Beans,Loamy,NPK 20-10-10
9.0,25.2,19.1,5.16,1.69,33.9,72.4,1247.0,Cassava,Sandy,NPK 20-10-10
33.9,25.2,16.1,8.12,1.29,24.7,49.3,1996.0,Wheat,Silt,Potash
31.8,14.2,38.1,6.29,0.64,29.1,90.1,946.0,Wheat,Silt,Superphosphate
28.0,30.9,18.0,5.16,0.65,19.4,67.9,1747.0,Wheat,Silt,Potash
17.4,6.1,21.1,5.43,1.73,25.0,76.7,1870.0,Rice,Sandy,NPK 20-10-10
28.6,23.0,28.1,7.52,1.89,37.4,79.0,1060.0,Millet,Clay,Organic Compost
41.2,31.4,42.7,5.16,2.38,38.0,76.6,713.0,Wheat,Silt,NPK 20-10-10
44.6,39.4,47.9,6.36,2.35,21.3,50.1,1220.0,Maize,Silt,NPK 20-10-10
41.5,10.2,38.3,4.83,2.26,22.0,80.4,1347.0,Wheat,Silt,DAP
14.5,27.2,20.6,5.0,2.02,22.3,52.3,945.0,Wheat,Loamy,Urea
40.6,37.3,32.7,5.96,0.98,32.2,57.5,1759.0,Maize,Loamy,Potash
41.4,59.0,37.7,6.08,2.36,30.1,64.7,819.0,Millet,Clay,Organic Compost
31.7,20.2,20.8,8.12,1.63,27.8,90.5,963.0,Cassava,Clay,Organic Compost
28.0,40.5,48.6,5.24,0.44,34.4,62.2,1271.0,Millet,Silt,NPK 20-10-10
50.3,60.0,40.0,8.11,1.52,30.4,77.1,1184.0,Maize,Clay,Organic Compost
23.2,37.5,9.6,7.09,1.07,23.4,78.1,744.0,Millet,Silt,Potash
18.7,17.0,7.4,7.38,0.76,36.7,94.5,596.0,Tomato,Sandy,NPK 15-15-15
30.7,15.5,38.4,5.12,2.35,27.1,74.9,1875.0,Beans,Silt,DAP
29.3,31.9,26.7,8.0,0.96,26.2,82.8,983.0,Sorghum,Loamy,NPK 15-15-15
21.3,46.4,41.3,7.95,1.33,20.7,58.1,1029.0,Beans,Clay,Organic Compost
21.5,32.2,17.7,6.91,0.9,34.0,54.8,1328.0,Beans,Sandy,Potash
25.7,21.1,50.4,5.48,2.54,27.8,52.2,1026.0,Rice,Loamy,NPK 15-15-15
8.6,31.2,6.4,5.61,0.71,31.7,68.2,1903.0,Cassava,Sandy,NPK 20-10-10
40.0,32.3,42.8,6.08,2.02,21.4,95.0,678.0,Beans,Silt,NPK 15-15-15
28.5,30.8,31.3,6.26,1.34,34.7,71.9,1394.0,Wheat,Sandy,NPK 15-15-15
16.1,25.0,10.9,6.0,2.27,28.9,89.3,772.0,Beans,Sandy,NPK 20-10-10
29.2,41.4,18.4,6.42,0.71,30.6,85.7,432.0,Wheat,Loamy,Potash
50.3,23.1,37.1,7.41,1.57,33.0,60.0,1872.0,Cassava,Clay,DAP
34.7,32.2,39.5,5.35,0.9,33.0,56.0,1564.0,Wheat,Loamy,NPK 15-15-15
42.6,49.8,47.1,4.53,1.59,36.3,72.9,865.0,Wheat,Loamy,Organic Compost
28.1,32.4,32.2,5.76,1.73,20.0,45.2,514.0,Tomato,Sandy,NPK 15-15-15
32.7,30.6,26.0,6.49,0.41,25.6,66.4,1685.0,Rice,Loamy,NPK 15-15-15
35.8,25.9,36.8,8.06,0.87,21.5,91.9,1920.0,Millet,Clay,Organic Compost
17.9,19.8,20.0,8.08,0.81,33.5,40.3,1406.0,Millet,Sandy,NPK 15-15-15
51.8,44.4,43.5,5.44,2.58,27.4,63.0,1203.0,Millet,Loamy,Organic Compost
15.5,12.2,32.8,7.93,1.49,37.2,62.9,1020.0,Sorghum,Sandy,NPK 20-10-10
27.9,17.4,17.2,4.81,2.53,22.6,67.2,583.0,Tomato,Sandy,Superphosphate
52.2,42.2,25.4,4.54,0.87,32.5,85.6,946.0,Cassava,Clay,Organic Compost
31.4,34.0,27.6,4.83,1.36,37.8,52.6,1473.0,Rice,Sandy,NPK 15-15-15
45.6,41.3,59.0,5.96,2.38,26.6,81.6,1865.0,Millet,Clay,Organic Compost
14.2,46.8,38.7,5.47,2.33,36.4,88.8,1362.0,Maize,Loamy,Urea
16.5,54.2,35.6,7.9,2.07,31.0,58.0,443.0,Millet,Loamy,Urea
56.3,20.1,28.7,6.99,1.02,20.8,44.5,1421.0,Tomato,Clay,Organic Compost
25.5,17.9,46.4,8.16,1.19,35.3,81.9,1859.0,Millet,Loamy,DAP
17.1,44.8,49.1,6.19,0.53,19.3,72.9,1870.0,Wheat,Loamy,Urea
35.3,50.3,47.8,5.24,1.89,35.0,91.2,1344.0,Tomato,Loamy,NPK 20-10-10
48.0,31.4,60.9,5.35,2.4,26.5,40.0,1269.0,Sorghum,Clay,Organic Compost
35.2,16.0,51.9,6.59,1.0,36.0,46.7,556.0,Millet,Loamy,DAP
20.3,32.9,12.9,8.16,0.44,20.4,50.2,527.0,Sorghum,Sandy,Potash
54.5,51.3,20.3,7.7,1.27,32.6,80.0,684.0,Millet,Clay,Organic Compost
19.0,38.0,48.2,5.83,1.25,27.1,84.5,1103.0,Beans,Silt,Urea
49.5,45.5,33.2,8.05,1.91,37.2,48.9,761.0,Rice,Silt,Potash
28.0,44.4,39.1,5.77,1.28,26.2,46.9,767.0,Cassava,Loamy,NPK 20-10-10
17.6,16.5,24.5,5.08,1.24,22.2,75.8,580.0,Millet,Sandy,NPK 20-10-10
55.0,50.4,59.6,7.02,1.17,22.6,43.1,844.0,Sorghum,Clay,Organic Compost
42.2,41.8,25.7,6.38,0.88,28.1,68.1,882.0,Maize,Loamy,Potash
30.6,31.6,8.3,5.17,1.18,37.3,49.6,885.0,Beans,Silt,Potash
33.4,46.6,40.8,8.04,0.58,33.8,55.3,1691.0,Cassava,Clay,Organic Compost
31.0,26.5,9.3,4.69,1.15,27.9,56.6,1588.0,Millet,Sandy,Potash
29.2,45.8,43.9,8.16,2.1,23.7,40.8,1949.0,Beans,Loamy,NPK 20-10-10
46.1,43.6,44.3,7.94,2.41,25.6,41.7,462.0,Millet,Loamy,Organic Compost
43.6,25.0,20.7,6.37,2.23,30.7,47.7,980.0,Millet,Silt,Potash
29.9,33.0,8.0,5.33,1.26,23.9,62.5,465.0,Sorghum,Sandy,Organic Compost
42.6,20.9,21.0,4.87,0.43,25.1,85.9,1872.0,Beans,Silt,NPK 15-15-15
9.8,28.0,11.1,5.35,2.36,35.5,76.9,662.0,Wheat,Sandy,NPK 20-10-10
48.2,52.8,26.0,7.82,1.42,33.9,42.8,977.0,Rice,Clay,NPK 20-10-10
34.2,52.8,51.5,6.87,1.93,31.0,75.3,959.0,Millet,Clay,NPK 15-15-15
14.0,32.2,32.0,5.16,2.13,32.1,70.8,1881.0,Cassava,Loamy,Urea
27.7,42.9,28.6,7.71,1.07,27.8,69.1,892.0,Maize,Clay,Organic Compost
52.0,45.4,39.3,6.16,1.98,25.5,64.0,662.0,Tomato,Clay,Organic Compost
34.7,9.3,16.5,5.38,1.04,24.4,79.5,683.0,Wheat,Sandy,Superphosphate
21.9,47.5,24.0,7.38,1.42,27.0,85.3,443.0,Wheat,Silt,NPK 20-10-10
27.1,51.0,26.6,8.12,2.46,23.4,58.7,1699.0,Cassava,Loamy,NPK 20-10-10
13.4,16.6,29.0,7.26,2.03,30.2,55.0,1065.0,Tomato,Silt,NPK 20-10-10
21.6,33.2,16.7,4.66,1.92,18.4,93.4,960.0,Maize,Silt,NPK 15-15-15
42.3,26.3,22.9,6.92,1.29,29.1,55.3,932.0,Tomato,Silt,Potash
22.7,48.9,18.9,6.26,1.07,31.9,84.5,1179.0,Millet,Silt,Potash
10.7,23.0,27.0,5.5,1.84,32.7,46.5,918.0,Tomato,Sandy,NPK 20-10-10
36.4,31.3,25.7,4.52,0.44,22.8,46.4,591.0,Millet,Loamy,NPK 15-15-15
13.9,37.5,18.3,5.9,2.58,28.4,41.9,956.0,Sorghum,Loamy,NPK 20-10-10
53.5,30.3,12.9,6.5,1.89,27.1,91.0,1843.0,Rice,Loamy,Potash
14.4,23.2,23.0,5.51,2.49,24.1,84.2,1731.0,Wheat,Sandy,Urea
32.6,15.5,30.1,6.27,1.41,36.1,64.2,1592.0,Wheat,Sandy,DAP
6.6,11.2,26.7,5.88,1.4,20.0,74.3,1686.0,Wheat,Sandy,NPK 20-10-10
5.5,5.5,20.0,5.49,1.91,33.9,45.6,1868.0,Sorghum,Sandy,Organic Compost
28.5,40.7,16.2,7.97,2.46,28.4,68.0,1416.0,Tomato,Loamy,Potash
37.3,48.9,38.3,5.22,2.41,22.3,49.1,1995.0,Sorghum,Loamy,NPK 20-10-10
31.6,42.7,10.6,6.31,0.55,26.6,58.9,619.0,Wheat,Silt,Potash
48.3,51.0,52.0,7.27,1.08,34.6,68.6,835.0,Tomato,Loamy,Organic Compost
32.0,45.6,32.8,5.49,0.59,35.1,63.0,1107.0,Maize,Loamy,NPK 20-10-10
34.0,39.2,22.3,7.96,1.65,32.4,46.3,1419.0,Millet,Loamy,NPK 15-15-15
48.7,53.4,34.7,7.73,0.88,29.3,48.3,863.0,Cassava,Clay,Organic Compost
51.4,26.1,41.9,4.84,1.81,36.2,70.5,979.0,Wheat,Loamy,NPK 20-10-10
24.9,48.0,47.9,7.28,1.1,26.0,92.8,1318.0,Tomato,Clay,Organic Compost
11.9,16.9,27.8,7.14,2.53,31.1,57.2,1036.0,Beans,Sandy,NPK 20-10-10
30.9,24.9,13.6,5.58,1.79,18.6,93.1,1855.0,Tomato,Silt,NPK 15-15-15
33.8,22.8,32.9,7.49,1.86,22.8,79.6,1533.0,Millet,Clay,Organic Compost
42.4,34.9,13.3,7.5,1.11,32.1,77.1,937.0,Sorghum,Silt,Potash
43.7,43.2,34.3,5.34,1.1,33.1,62.6,1572.0,Tomato,Silt,Potash
23.1,23.0,23.8,5.49,2.18,27.7,81.9,1378.0,Wheat,Sandy,NPK 15-15-15
32.1,29.4,35.2,4.82,2.4,24.7,52.4,1635.0,Tomato,Silt,NPK 15-15-15
25.7,20.5,10.6,4.65,0.61,18.1,58.0,897.0,Beans,Silt,Potash
10.6,11.0,15.7,5.67,0.73,25.3,90.7,819.0,Rice,Silt,NPK 15-15-15
28.6,10.0,41.1,7.15,2.55,36.8,72.1,1498.0,Tomato,Silt,DAP
43.2,33.7,20.4,6.67,1.56,34.2,50.3,1705.0,Beans,Clay,Superphosphate
33.9,38.2,29.4,5.18,2.17,22.6,80.5,1538.0,Tomato,Clay,Urea
28.7,28.9,29.3,6.66,2.59,21.6,44.0,1527.0,Beans,Sandy,NPK 15-15-15
16.8,15.0,31.8,5.03,0.82,31.4,83.0,1732.0,Sorghum,Sandy,NPK 20-10-10
33.6,42.6,10.9,5.82,1.55,29.5,45.4,1262.0,Beans,Silt,Potash
29.0,20.3,44.6,6.72,1.61,36.9,76.6,848.0,Maize,Silt,NPK 15-15-15
13.0,38.9,18.7,7.52,1.81,36.7,76.8,428.0,Beans,Loamy,NPK 20-10-10
29.8,23.5,50.2,6.36,0.5,23.6,58.0,1469.0,Beans,Clay,Organic Compost
53.9,31.7,48.2,5.86,1.32,29.1,78.3,1912.0,Cassava,Clay,Organic Compost
30.4,35.5,21.8,7.79,2.16,27.9,64.8,465.0,Wheat,Loamy,NPK 15-15-15
57.4,41.0,26.6,5.17,0.75,36.8,83.6,1720.0,Sorghum,Clay,Organic Compost
42.2,42.3,21.7,6.32,1.86,35.9,46.1,1828.0,Wheat,Loamy,Potash
8.2,17.3,37.0,5.69,0.53,33.3,41.6,1114.0,Beans,Silt,NPK 20-10-10
46.3,25.2,22.6,4.9,1.19,24.7,86.6,1872.0,Cassava,Silt,Organic Compost
19.5,13.9,12.8,5.33,1.56,18.3,80.6,881.0,Wheat,Sandy,NPK 15-15-15
28.9,57.1,48.6,7.72,1.45,26.6,53.0,1272.0,Wheat,Clay,Organic Compost
26.1,31.5,20.6,5.68,1.68,37.1,49.8,489.0,Rice,Clay,Organic Compost
41.9,12.2,54.2,7.67,1.48,36.4,74.5,1990.0,Tomato,Loamy,DAP
10.4,15.6,33.1,5.87,0.86,19.2,48.2,968.0,Tomato,Sandy,NPK 20-10-10
42.2,8.6,43.3,6.64,2.06,33.1,89.7,549.0,Wheat,Silt,DAP
50.2,24.1,45.8,7.46,1.0,30.6,86.2,1238.0,Sorghum,Clay,Organic Compost
32.7,24.9,36.5,6.1,2.33,33.8,84.3,1242.0,Tomato,Silt,NPK 15-15-15
22.9,41.7,22.2,6.46,1.91,26.4,62.9,596.0,Sorghum,Clay,Organic Compost
56.3,57.7,60.1,4.87,1.05,27.3,75.3,1524.0,Cassava,Clay,Organic Compost
35.9,53.3,22.3,7.47,1.97,20.8,91.0,1769.0,Rice,Loamy,NPK 20-10-10
18.0,41.4,16.6,4.92,1.28,18.1,79.7,1264.0,Rice,Loamy,NPK 15-15-15
14.3,15.0,32.9,6.35,1.15,30.4,61.3,1339.0,Sorghum,Loamy,NPK 20-10-10
32.3,14.7,36.8,7.4,0.54,30.2,83.5,583.0,Tomato,Silt,DAP
43.7,50.7,54.6,6.66,1.95,23.0,56.0,1761.0,Cassava,Loamy,Organic Compost
14.2,21.4,19.3,6.45,0.58,24.9,94.2,1671.0,Millet,Loamy,NPK 20-10-10
27.7,41.3,12.9,6.11,2.44,19.6,89.8,711.0,Rice,Loamy,Potash
52.0,38.0,44.3,5.86,2.32,29.6,73.0,1604.0,Rice,Loamy,NPK 20-10-10
17.1,49.3,23.2,8.19,1.25,20.4,57.4,1318.0,Tomato,Loamy,Urea
36.7,17.0,30.6,7.41,2.36,25.9,90.8,458.0,Millet,Silt,DAP
17.8,5.3,25.6,5.77,0.73,21.1,82.3,700.0,Millet,Sandy,NPK 20-10-10
27.8,21.4,20.8,5.12,1.38,20.9,44.6,575.0,Beans,Sandy,NPK 15-15-15
9.5,31.0,8.7,7.11,1.32,29.6,41.3,400.0,Rice,Sandy,NPK 20-10-10
11.0,22.4,29.3,5.0,1.6,28.6,73.2,1696.0,Cassava,Silt,Urea
27.9,27.2,35.5,6.78,0.43,37.6,91.8,850.0,Beans,Silt,NPK 15-15-15
58.7,44.6,20.8,7.02,0.6,31.4,72.3,1425.0,Millet,Clay,Organic Compost
34.0,20.6,15.6,5.32,2.29,27.3,76.4,1224.0,Cassava,Silt,Potash
23.9,28.3,20.6,7.58,1.86,33.2,79.3,1719.0,Sorghum,Clay,Organic Compost
18.6,12.3,32.8,7.35,1.64,24.1,79.6,1117.0,Tomato,Silt,NPK 20-10-10
22.3,13.5,14.9,6.62,1.33,21.2,73.6,1503.0,Millet,Sandy,Superphosphate
33.9,34.2,33.3,6.15,2.19,27.4,94.7,1002.0,Sorghum,Clay,Organic Compost
52.0,57.3,41.5,6.33,2.47,36.7,94.8,650.0,Maize,Clay,DAP
50.8,23.1,35.7,6.65,0.87,32.6,52.6,1745.0,Cassava,Clay,Organic Compost
35.4,24.7,30.9,7.63,1.61,19.1,79.2,692.0,Sorghum,Loamy,NPK 15-15-15
40.4,21.3,31.4,4.69,1.31,30.4,76.0,503.0,Cassava,Clay,Organic Compost
34.8,47.8,20.8,4.95,1.2,30.7,66.7,558.0,Tomato,Loamy,Urea
48.1,32.4,33.2,5.28,2.56,18.3,47.0,1738.0,Beans,Clay,Organic Compost
23.3,42.0,29.7,7.61,2.04,28.6,53.7,1668.0,Beans,Loamy,NPK 20-10-10
14.2,42.0,42.3,7.99,0.98,33.7,77.9,1806.0,Cassava,Loamy,Urea
23.1,14.6,23.3,7.52,0.69,30.8,94.3,1832.0,Sorghum,Silt,DAP
12.9,29.0,30.3,7.4,1.02,20.1,78.4,1188.0,Sorghum,Silt,Urea
43.5,29.3,40.9,7.17,0.99,24.2,89.5,770.0,Wheat,Silt,NPK 20-10-10
44.5,21.6,37.5,6.59,0.85,27.8,88.4,1489.0,Beans,Loamy,Potash
24.3,21.9,33.1,6.45,1.29,34.7,91.7,1166.0,Beans,Sandy,NPK 15-15-15
39.1,23.7,39.4,6.46,1.06,30.6,61.4,1659.0,Beans,Silt,Potash
25.2,53.3,44.6,5.39,2.55,28.0,68.8,1855.0,Millet,Loamy,NPK 20-10-10
49.1,21.8,17.8,4.61,1.16,30.1,56.8,1327.0,Tomato,Silt,DAP
16.5,42.7,44.8,6.6,2.35,37.1,41.9,1487.0,Sorghum,Loamy,Urea
46.2,49.9,55.3,7.11,2.11,30.0,46.4,434.0,Beans,Clay,Organic Compost
16.7,30.5,23.0,6.6,1.26,22.0,40.2,914.0,Beans,Loamy,Urea
29.6,41.5,43.8,6.9,1.12,20.0,90.7,1924.0,Tomato,Clay,Organic Compost
9.2,10.0,11.2,7.23,0.9,21.7,40.5,437.0,Maize,Silt,NPK 15-15-15
44.3,39.2,39.3,7.29,1.04,22.8,87.0,1503.0,Rice,Clay,Organic Compost
25.7,21.6,55.8,6.7,0.5,21.2,55.4,821.0,Millet,Clay,Organic Compost
49.9,42.9,51.2,7.69,2.43,37.6,57.1,735.0,Rice,Loamy,Organic Compost
41.3,15.8,47.3,7.4,1.78,26.7,48.5,1209.0,Rice,Loamy,DAP
33.0,30.4,38.5,6.65,1.21,37.3,40.3,1861.0,Tomato,Clay,Potash
34.9,26.8,24.3,7.19,1.3,33.7,48.5,1670.0,Rice,Sandy,NPK 15-15-15
27.2,24.5,20.6,5.96,2.3,30.9,63.9,1656.0,Millet,Sandy,DAP
17.6,9.6,38.0,5.24,2.59,18.2,52.6,467.0,Tomato,Silt,NPK 20-10-10
43.6,48.4,33.6,5.36,0.6,35.3,53.5,1830.0,Rice,Silt,Potash
45.4,59.9,51.8,7.03,1.36,27.7,61.4,1914.0,Millet,Clay,Organic Compost
21.6,55.8,37.5,7.23,0.49,35.9,76.3,1132.0,Maize,Clay,Organic Compost
20.7,13.5,27.5,6.18,1.31,32.1,63.1,542.0,Wheat,Silt,DAP
40.2,52.0,45.0,6.49,1.6,35.0,85.3,686.0,Maize,Loamy,Organic Compost
46.5,17.4,30.7,6.42,0.97,31.6,66.2,876.0,Sorghum,Loamy,DAP
44.4,42.1,46.4,8.02,1.48,19.9,84.0,1413.0,Maize,Silt,Organic Compost
22.2,46.1,32.9,4.64,2.29,33.2,75.3,1383.0,Tomato,Silt,NPK 20-10-10
9.2,14.5,22.1,6.5,0.69,29.2,54.5,806.0,Maize,Silt,NPK 20-10-10
29.3,6.6,26.9,5.16,1.65,35.9,60.9,1886.0,Rice,Sandy,DAP
12.0,42.2,27.2,4.77,0.63,37.3,53.4,1947.0,Wheat,Silt,Urea
28.5,45.4,30.7,4.78,0.91,35.2,78.3,1202.0,Wheat,Loamy,NPK 20-10-10
45.9,15.5,54.8,7.68,1.1,35.4,77.5,1466.0,Millet,Loamy,DAP
31.4,46.5,24.9,5.64,2.52,27.9,43.3,1737.0,Cassava,Loamy,NPK 20-10-10
46.5,11.1,32.5,8.13,2.45,28.5,77.4,1367.0,Sorghum,Silt,DAP
22.0,22.2,25.6,7.65,0.92,23.0,40.4,648.0,Beans,Silt,NPK 15-15-15
28.2,60.6,21.1,6.29,2.17,33.5,50.4,1532.0,Tomato,Clay,Organic Compost
23.4,46.9,36.0,7.18,2.47,35.1,83.0,863.0,Rice,Loamy,Potash
13.5,42.7,43.7,6.58,0.77,35.5,72.8,1224.0,Sorghum,Loamy,Urea
27.2,6.8,22.4,5.13,0.86,22.7,40.8,1827.0,Wheat,Sandy,DAP
22.4,52.9,20.3,6.24,0.64,29.8,94.9,675.0,Wheat,Clay,Organic Compost
61.4,52.2,56.0,6.7,2.31,20.2,80.8,1406.0,Millet,Clay,Superphosphate
29.4,20.5,23.8,5.6,1.72,20.7,53.3,907.0,Wheat,Loamy,NPK 15-15-15
35.0,14.0,13.6,6.55,2.28,27.1,53.7,1305.0,Maize,Sandy,Superphosphate
34.5,34.9,21.9,4.75,1.65,37.0,90.9,745.0,Millet,Sandy,NPK 15-15-15
47.3,33.1,26.5,5.7,1.01,35.7,62.5,790.0,Beans,Loamy,Potash
26.5,29.7,8.0,4.51,0.51,32.1,91.4,930.0,Beans,Sandy,Potash
61.1,39.8,27.0,7.33,2.2,32.1,87.5,994.0,Beans,Clay,Organic Compost
38.8,30.2,26.5,4.63,1.88,35.5,57.3,1087.0,Maize,Clay,NPK 20-10-10
13.4,22.2,32.3,6.37,1.89,32.1,48.4,955.0,Cassava,Sandy,NPK 20-10-10
31.6,19.4,18.7,5.27,1.08,36.7,56.7,1570.0,Cassava,Sandy,NPK 20-10-10
32.0,11.6,26.8,5.12,1.75,29.7,74.2,858.0,Beans,Sandy,DAP
36.5,21.1,29.8,4.75,1.45,26.5,47.3,1111.0,Beans,Loamy,NPK 15-15-15
37.5,29.1,40.3,5.54,1.87,18.1,44.0,1399.0,Millet,Silt,NPK 15-15-15
34.7,10.7,24.5,6.77,1.97,34.3,58.2,1739.0,Millet,Silt,DAP
45.6,30.2,25.2,5.46,2.22,36.3,92.9,885.0,Cassava,Clay,Organic Compost
14.5,16.6,12.1,6.62,1.85,24.4,41.3,1577.0,Tomato,Sandy,NPK 15-15-15
21.2,48.2,34.5,6.7,1.81,37.1,58.7,849.0,Wheat,Silt,NPK 20-10-10
8.6,11.2,11.8,6.85,1.81,25.4,55.2,1607.0,Millet,Sandy,Superphosphate
16.8,45.9,25.4,6.88,0.67,23.1,78.5,1281.0,Tomato,Silt,Urea
31.9,44.0,25.8,7.81,1.22,24.6,82.9,418.0,Sorghum,Silt,NPK 20-10-10
34.0,39.0,12.4,5.1,1.07,23.9,45.3,677.0,Wheat,Loamy,Potash
24.7,23.3,15.4,5.79,1.28,36.1,80.9,1167.0,Tomato,Loamy,Potash
52.2,15.4,48.5,5.17,1.94,21.7,73.0,780.0,Tomato,Loamy,DAP
38.6,41.4,15.0,7.1,0.74,31.5,46.8,1167.0,Sorghum,Loamy,Potash
46.5,23.7,49.4,5.22,1.03,25.6,82.7,1911.0,Beans,Clay,Organic Compost
22.5,54.8,32.1,6.66,2.55,21.7,60.6,1788.0,Rice,Clay,Organic Compost
39.2,25.1,46.6,7.31,2.45,27.5,67.7,918.0,Beans,Loamy,NPK 15-15-15
49.0,30.2,48.1,5.82,2.27,30.7,79.4,1549.0,Beans,Silt,NPK 20-10-10
16.8,30.5,10.5,5.24,1.98,33.0,89.6,839.0,Millet,Sandy,NPK 20-10-10
60.8,56.0,40.6,7.69,0.87,36.4,71.2,1023.0,Tomato,Clay,Organic Compost
18.1,12.3,38.8,8.02,1.8,20.9,75.4,587.0,Rice,Silt,NPK 20-10-10
28.5,21.5,12.1,5.64,1.82,23.8,47.9,1272.0,Maize,Silt,Potash
19.2,26.3,30.0,6.99,1.56,19.2,56.0,912.0,Beans,Sandy,NPK 20-10-10
16.8,30.7,49.6,6.79,0.86,37.2,58.5,477.0,Tomato,Silt,Urea
42.4,17.2,42.4,4.63,2.44,18.8,91.6,518.0,Tomato,Silt,DAP
22.8,6.1,23.6,6.79,1.63,30.6,93.2,1993.0,Millet,Sandy,DAP
13.6,38.3,49.2,6.11,0.62,25.1,61.2,1995.0,Wheat,Silt,Urea
15.1,6.5,24.6,6.99,0.53,24.7,89.7,1723.0,Beans,Sandy,NPK 20-10-10
34.8,26.7,33.6,4.76,0.87,18.6,87.7,1511.0,Wheat,Sandy,NPK 15-15-15
53.1,21.7,39.8,6.97,0.41,31.8,52.2,1842.0,Wheat,Loamy,Potash
39.8,14.9,23.1,7.12,1.11,32.2,58.5,684.0,Cassava,Silt,DAP
29.7,35.0,26.4,7.38,1.83,29.5,63.9,1257.0,Tomato,Silt,Potash
16.6,44.1,42.1,6.45,2.26,31.4,47.8,1585.0,Tomato,Silt,Urea
18.3,33.1,25.4,6.86,1.69,33.8,43.9,1105.0,Wheat,Silt,Urea
41.2,20.9,29.4,6.22,1.28,32.3,73.7,1808.0,Maize,Clay,Organic Compost
5.5,30.6,14.9,5.78,0.75,31.9,55.4,683.0,Rice,Sandy,NPK 20-10-10
23.6,43.0,31.9,5.99,1.19,20.9,58.3,1807.0,Millet,Loamy,NPK 20-10-10
24.5,35.2,45.5,7.6,0.72,20.8,74.6,868.0,Beans,Clay,Organic Compost
7.3,30.3,6.1,7.83,2.55,31.3,94.1,1715.0,Millet,Sandy,Superphosphate
18.6,23.7,19.4,7.01,1.39,18.9,52.4,1988.0,Millet,Sandy,NPK 20-10-10
9.6,34.6,11.9,6.89,0.49,19.3,79.4,1416.0,Cassava,Sandy,NPK 20-10-10
54.4,36.0,53.7,5.11,1.29,24.7,81.5,1596.0,Wheat,Loamy,NPK 20-10-10
10.3,6.5,30.4,5.57,0.66,25.1,44.3,1966.0,Wheat,Sandy,NPK 20-10-10
25.5,22.0,19.3,7.04,1.91,18.2,89.9,989.0,Tomato,Sandy,Potash
36.8,23.8,23.7,4.73,1.32,21.0,87.1,935.0,Millet,Silt,NPK 15-15-15
44.5,52.8,22.3,6.6,0.49,20.0,60.2,1492.0,Rice,Loamy,Potash
51.5,29.4,20.3,4.7,1.69,27.9,54.9,410.0,Rice,Clay,Organic Compost
14.9,43.7,39.3,6.27,0.51,36.5,66.3,1039.0,Rice,Loamy,Urea
38.5,42.8,13.2,7.32,1.12,35.3,60.4,487.0,Tomato,Silt,Potash
29.0,40.1,9.5,5.16,1.64,25.7,77.4,1940.0,Wheat,Silt,Potash
30.8,46.3,36.3,7.47,1.06,32.9,47.7,1600.0,Wheat,Silt,NPK 20-10-10
17.0,47.7,16.7,6.27,1.9,27.7,58.7,1494.0,Millet,Loamy,NPK 20-10-10
30.2,37.6,24.9,4.75,1.58,32.5,56.5,625.0,Wheat,Silt,NPK 15-15-15
46.0,53.0,60.7,6.61,0.94,30.8,90.3,1504.0,Wheat,Clay,Organic Compost
51.7,36.9,61.5,7.17,2.22,36.9,42.2,1639.0,Beans,Clay,Organic Compost
31.4,29.9,28.4,7.44,1.05,26.1,46.3,1729.0,Millet,Sandy,NPK 15-15-15
12.4,23.5,18.6,8.18,2.3,28.5,84.5,663.0,Sorghum,Sandy,NPK 20-10-10
38.5,10.2,16.4,6.49,0.54,26.5,66.5,1875.0,Tomato,Silt,Superphosphate
12.3,17.2,44.3,6.15,0.84,36.7,83.3,583.0,Rice,Loamy,NPK 20-10-10
41.8,52.7,15.3,7.37,0.57,24.7,81.3,1538.0,Millet,Loamy,NPK 20-10-10
8.8,14.8,10.5,4.91,2.24,19.2,69.5,1508.0,Maize,Sandy,Superphosphate
26.4,47.8,46.3,7.44,1.28,34.5,74.6,1006.0,Tomato,Loamy,Potash
14.0,32.8,35.0,5.03,2.47,32.1,67.4,1927.0,Wheat,Sandy,NPK 20-10-10
21.0,22.5,51.2,5.3,0.47,23.3,66.4,1011.0,Sorghum,Loamy,NPK 15-15-15
57.3,45.0,42.0,5.09,1.0,35.3,82.9,1116.0,Millet,Clay,Organic Compost
16.8,38.1,46.4,7.49,0.6,22.5,62.7,803.0,Maize,Loamy,Urea
29.3,14.5,32.6,4.73,1.24,33.9,89.0,792.0,Wheat,Silt,DAP
45.5,61.3,30.3,4.76,2.26,27.8,59.1,488.0,Sorghum,Clay,Organic Compost
15.7,48.8,19.8,7.52,0.44,24.4,89.8,696.0,Wheat,Silt,NPK 20-10-10
25.1,22.2,60.6,6.0,1.85,20.5,52.1,1136.0,Millet,Clay,Organic Compost
45.2,40.8,31.2,6.2,1.76,32.6,47.4,1764.0,Maize,Silt,Potash
60.1,21.3,36.1,6.45,1.59,34.4,47.8,1396.0,Beans,Clay,Organic Compost
20.4,60.8,25.1,6.49,0.94,30.1,42.0,781.0,Beans,Clay,Organic Compost
22.5,26.2,25.3,5.95,0.43,20.1,65.2,1906.0,Beans,Sandy,NPK 15-15-15
42.7,46.1,20.3,7.95,1.74,28.2,82.8,782.0,Tomato,Silt,Potash
29.0,30.7,23.5,4.64,1.06,35.6,74.5,1824.0,Tomato,Sandy,NPK 15-15-15
30.9,27.9,16.3,4.58,2.34,33.7,64.7,1274.0,Sorghum,Sandy,Potash
19.0,21.1,48.4,5.84,2.19,27.5,43.9,978.0,Cassava,Loamy,Urea
32.3,27.9,28.4,7.69,2.11,29.4,79.3,1066.0,Tomato,Sandy,Superphosphate
29.4,60.1,22.2,7.22,2.53,24.2,90.2,1722.0,Sorghum,Clay,Organic Compost
47.5,40.8,48.4,6.02,1.11,19.6,60.8,1685.0,Beans,Clay,Organic Compost
16.7,32.0,32.2,5.15,1.68,25.3,91.8,808.0,Sorghum,Silt,Urea
38.9,17.0,18.9,8.09,0.57,20.3,93.8,1643.0,Millet,Silt,Superphosphate
28.5,43.3,21.8,5.21,0.42,30.5,56.2,1782.0,Tomato,Silt,NPK 20-10-10
33.8,33.9,25.6,7.94,0.76,27.2,51.2,1166.0,Rice,Sandy,NPK 15-15-15
5.1,16.7,34.8,6.68,1.05,25.8,57.7,1116.0,Maize,Sandy,NPK 20-10-10
27.5,29.7,9.2,4.7,1.22,35.7,83.5,576.0,Maize,Silt,Potash
40.2,49.3,61.9,4.86,1.53,28.2,70.9,667.0,Cassava,Clay,Organic Compost
51.1,47.9,33.9,8.16,2.22,28.8,94.5,1728.0,Cassava,Clay,Organic Compost
22.4,24.6,33.2,6.32,0.57,27.6,83.3,974.0,Beans,Sandy,Potash
36.7,11.6,23.8,4.99,1.45,20.8,46.0,1516.0,Maize,Silt,DAP
37.5,13.9,13.4,6.1,1.2,28.9,94.6,1096.0,Rice,Loamy,Superphosphate
32.8,45.6,35.6,6.86,2.45,18.0,89.6,1196.0,Beans,Loamy,NPK 20-10-10
19.0,10.8,47.7,6.81,2.32,23.8,55.3,937.0,Cassava,Silt,NPK 20-10-10
52.3,49.7,33.3,5.79,1.75,30.2,77.6,1257.0,Cassava,Loamy,Organic Compost
27.4,33.4,15.2,6.48,1.11,36.2,55.8,1510.0,Beans,Sandy,Potash
14.5,30.2,43.5,8.2,1.77,28.7,83.3,502.0,Rice,Silt,Urea
20.9,5.7,11.1,5.87,2.47,30.8,68.1,1181.0,Sorghum,Sandy,Superphosphate
12.0,36.4,21.8,5.7,1.4,22.9,90.7,1755.0,Maize,Silt,Urea
25.5,28.4,42.0,4.56,2.59,18.2,69.2,1470.0,Beans,Loamy,NPK 15-15-15
33.1,20.6,32.8,7.27,1.53,33.6,43.8,937.0,Beans,Silt,NPK 15-15-15
46.1,41.8,59.3,5.1,1.06,35.2,76.6,1269.0,Rice,Clay,Organic Compost
52.2,40.9,52.0,8.1,1.6,30.2,76.1,1743.0,Rice,Loamy,Organic Compost
52.5,40.4,49.4,6.07,1.44,31.8,82.7,526.0,Millet,Loamy,Organic Compost
34.8,5.3,12.9,6.22,0.89,18.5,69.7,1439.0,Beans,Sandy,Superphosphate
49.4,28.1,41.5,5.56,2.23,34.5,54.7,1449.0,Millet,Silt,NPK 20-10-10
45.3,25.2,32.8,8.16,0.79,21.0,47.8,1997.0,Sorghum,Loamy,Potash
41.9,44.7,34.7,8.14,0.49,30.4,73.4,914.0,Sorghum,Loamy,Potash
12.4,7.7,8.2,7.82,0.95,36.1,46.6,1974.0,Maize,Sandy,NPK 15-15-15
23.6,53.7,23.3,5.47,2.16,36.2,82.2,1824.0,Wheat,Clay,Organic Compost
15.3,28.6,25.4,6.63,2.58,27.4,74.1,1216.0,Sorghum,Sandy,NPK 20-10-10
49.1,24.5,36.5,6.6,2.36,33.2,44.4,969.0,Cassava,Silt,Potash
33.6,25.7,14.8,8.19,2.44,33.0,51.1,1982.0,Cassava,Loamy,Potash
6.3,10.2,25.3,7.86,0.79,24.3,72.3,1999.0,Wheat,Sandy,NPK 20-10-10
36.4,44.8,29.3,4.96,1.96,30.0,66.7,840.0,Sorghum,Silt,NPK 20-10-10
23.3,47.0,23.5,4.9,0.77,27.9,44.4,1549.0,Beans,Silt,NPK 20-10-10
45.5,48.1,26.8,4.83,0.91,31.2,62.3,1496.0,Wheat,Silt,Potash
26.6,32.0,35.9,7.55,1.9,30.9,77.0,1205.0,Millet,Clay,Potash
18.0,14.8,25.7,7.41,0.65,20.2,46.8,832.0,Rice,Loamy,NPK 20-10-10
31.6,61.8,34.1,5.28,1.49,22.6,70.8,1041.0,Wheat,Clay,Organic Compost
49.9,29.1,39.9,5.63,2.16,18.6,76.4,917.0,Beans,Clay,Organic Compost
27.7,41.0,37.6,5.4,0.5,35.1,67.1,1390.0,Maize,Loamy,NPK 20-10-10
34.3,8.6,30.4,6.36,0.61,32.9,53.0,487.0,Sorghum,Silt,DAP
30.1,48.9,20.2,7.17,1.42,33.8,61.6,962.0,Millet,Clay,Organic Compost
27.9,37.3,45.0,4.52,1.67,25.6,74.7,1851.0,Wheat,Clay,Organic Compost
18.9,8.6,28.8,7.78,2.19,37.0,65.7,1444.0,Sorghum,Sandy,NPK 20-10-10
32.4,19.0,41.8,6.67,2.49,33.4,88.2,1275.0,Beans,Silt,DAP
8.2,6.6,34.5,7.89,2.5,19.2,54.8,1842.0,Millet,Sandy,Superphosphate
49.8,34.3,24.5,6.44,0.65,32.6,74.0,1361.0,Wheat,Loamy,Potash
14.8,52.7,29.9,6.33,1.23,37.8,83.8,553.0,Sorghum,Loamy,Urea
46.1,54.9,44.0,7.7,1.51,25.5,75.4,1599.0,Maize,Loamy,Organic Compost
16.9,21.3,49.9,5.04,2.18,25.5,76.5,1857.0,Rice,Loamy,Urea
31.0,35.2,50.8,7.38,2.14,32.8,52.7,863.0,Beans,Clay,Organic Compost
39.7,33.2,46.8,7.71,0.98,35.7,56.5,1106.0,Rice,Silt,NPK 15-15-15
32.2,48.1,62.0,4.98,1.94,28.5,62.6,1600.0,Millet,Clay,Organic Compost
44.0,54.4,46.9,4.75,2.12,31.0,44.9,1369.0,Rice,Loamy,Organic Compost
26.3,30.8,25.4,7.74,0.77,33.4,82.8,1117.0,Maize,Silt,NPK 15-15-15
10.9,20.9,11.7,7.48,1.76,19.1,59.7,1773.0,Tomato,Sandy,NPK 20-10-10
7.8,32.9,18.5,6.32,1.65,25.3,79.9,423.0,Sorghum,Sandy,NPK 20-10-10
46.7,57.4,22.7,7.65,2.2,19.5,47.9,960.0,Beans,Clay,Organic Compost
20.1,17.3,26.7,5.58,2.32,31.1,59.1,1264.0,Maize,Sandy,DAP
26.3,45.7,49.1,6.48,2.01,29.4,45.0,1924.0,Millet,Silt,NPK 20-10-10
35.5,12.4,25.5,5.22,0.77,32.3,41.7,1946.0,Maize,Silt,DAP
20.6,11.6,32.7,5.78,1.77,29.1,51.9,1139.0,Wheat,Silt,DAP
45.1,12.5,23.6,6.47,1.45,36.8,86.4,1603.0,Beans,Loamy,DAP
6.1,29.7,17.9,5.69,1.73,33.1,68.8,639.0,Sorghum,Sandy,NPK 20-10-10
53.7,31.0,52.7,7.88,1.29,34.0,44.9,532.0,Sorghum,Loamy,NPK 20-10-10
5.3,20.5,34.3,7.68,0.91,28.6,49.4,821.0,Tomato,Sandy,NPK 20-10-10
30.2,28.9,36.1,6.15,0.6,21.0,63.4,777.0,Cassava,Clay,Organic Compost
30.5,26.2,42.9,5.11,2.35,19.0,90.8,622.0,Millet,Silt,NPK 15-15-15
42.2,32.5,8.8,7.36,0.62,28.8,58.3,1615.0,Sorghum,Silt,Potash
27.7,32.5,25.7,5.69,1.42,22.6,65.2,793.0,Wheat,Sandy,NPK 15-15-15
39.2,16.7,12.1,7.42,1.59,36.6,69.5,743.0,Maize,Loamy,Superphosphate
22.8,49.1,28.9,5.44,0.47,30.5,80.2,769.0,Cassava,Clay,Organic Compost
37.2,22.9,31.8,5.11,2.51,34.4,44.3,1222.0,Sorghum,Clay,Organic Compost
21.5,13.4,17.4,5.71,1.3,27.4,68.6,992.0,Tomato,Silt,Superphosphate
33.9,7.0,22.6,5.22,1.23,28.9,81.8,1964.0,Sorghum,Sandy,DAP
46.0,21.5,33.8,7.63,1.29,29.1,46.6,490.0,Millet,Loamy,Potash
26.4,33.7,28.1,4.86,0.83,27.9,64.1,1677.0,Beans,Loamy,NPK 15-15-15
13.5,14.9,33.5,7.61,1.1,25.9,86.3,538.0,Maize,Sandy,NPK 20-10-10
42.8,31.7,28.6,8.06,0.66,33.6,47.0,1573.0,Maize,Silt,Potash
42.8,56.9,39.8,4.52,0.52,30.7,77.3,1043.0,Maize,Clay,Organic Compost
25.1,15.2,29.6,6.49,2.52,29.8,51.5,1732.0,Sorghum,Loamy,DAP
33.7,58.2,56.9,7.7,0.49,35.0,79.7,935.0,Rice,Clay,Organic Compost
47.6,40.8,26.0,6.89,0.81,26.5,83.5,1371.0,Millet,Silt,Potash
36.0,51.2,23.9,8.12,2.49,35.6,88.6,1218.0,Millet,Clay,Organic Compost
31.9,55.7,28.4,7.75,1.59,34.9,67.1,1373.0,Sorghum,Clay,Organic Compost
17.3,11.8,32.8,6.76,1.77,18.7,41.5,1833.0,Cassava,Silt,NPK 20-10-10
15.2,19.0,46.7,7.18,1.81,30.8,87.2,934.0,Cassava,Loamy,NPK 20-10-10
34.7,21.6,21.4,7.5,0.79,26.1,75.3,1981.0,Maize,Sandy,NPK 15-15-15
50.9,43.2,38.4,5.45,0.81,25.5,54.0,1694.0,Beans,Loamy,Potash
19.4,25.3,45.0,5.11,0.72,25.7,50.3,526.0,Beans,Loamy,Urea
10.4,31.8,31.6,6.46,1.51,18.3,42.6,1218.0,Cassava,Silt,Urea
27.8,49.2,40.7,7.35,1.51,36.0,72.0,1451.0,Millet,Silt,NPK 20-10-10
53.0,54.5,37.2,5.32,2.1,24.4,71.7,539.0,Wheat,Loamy,Potash
16.1,43.5,49.0,4.91,0.94,25.8,86.0,1189.0,Maize,Loamy,Urea
27.6,9.6,34.5,4.59,2.12,32.7,87.6,652.0,Rice,Silt,DAP
34.2,17.6,16.3,6.74,1.49,36.6,85.9,1558.0,Millet,Loamy,Superphosphate
11.9,11.3,42.3,5.83,2.43,20.4,50.9,1637.0,Rice,Silt,NPK 20-10-10
24.2,36.0,47.1,7.9,0.93,30.0,47.9,1596.0,Beans,Clay,Organic Compost
11.9,36.8,40.6,5.45,0.96,29.9,74.7,1553.0,Cassava,Silt,Urea
46.8,15.0,31.7,7.9,2.41,21.4,53.1,1363.0,Cassava,Silt,DAP
20.7,13.0,17.3,7.06,2.13,25.4,45.8,965.0,Millet,Sandy,Superphosphate
56.9,60.4,42.2,7.76,0.98,29.2,69.7,1630.0,Maize,Clay,Organic Compost
45.2,45.4,47.8,6.19,2.57,33.7,75.9,1092.0,Rice,Silt,Organic Compost
37.2,54.9,22.7,6.87,1.11,27.2,58.6,935.0,Maize,Loamy,NPK 20-10-10
9.7,38.4,21.1,4.58,0.58,21.9,42.7,1914.0,Maize,Silt,Urea
21.0,8.4,26.1,8.09,0.69,21.1,74.6,643.0,Wheat,Sandy,DAP
38.6,21.4,47.4,4.89,1.13,32.8,73.8,1360.0,Beans,Loamy,NPK 15-15-15
56.7,43.9,36.9,7.33,0.97,33.2,55.4,1169.0,Maize,Clay,Organic Compost
23.6,38.8,54.1,8.19,1.43,19.7,60.1,1184.0,Cassava,Clay,Potash
35.2,29.9,29.1,4.6,1.54,27.5,59.0,1454.0,Millet,Loamy,NPK 15-15-15
57.2,35.3,36.7,7.7,1.19,26.8,84.0,1347.0,Sorghum,Clay,Organic Compost
32.6,13.8,20.5,6.5,0.81,27.1,55.6,433.0,Cassava,Loamy,DAP
15.1,28.3,9.4,4.84,2.46,36.4,62.4,1072.0,Tomato,Sandy,NPK 20-10-10
12.9,12.8,13.5,7.39,1.72,24.0,48.9,598.0,Sorghum,Silt,NPK 15-15-15
20.9,28.2,13.5,6.67,1.36,19.8,66.8,1755.0,Beans,Sandy,Superphosphate
46.0,33.2,19.4,7.64,0.74,23.5,46.8,1134.0,Cassava,Loamy,Potash
27.4,48.8,33.0,6.74,0.79,21.8,71.7,1553.0,Sorghum,Silt,NPK 20-10-10
23.0,26.4,17.3,5.02,1.11,35.4,84.3,563.0,Cassava,Silt,DAP
23.9,47.4,32.9,7.66,0.64,37.4,82.2,1571.0,Cassava,Loamy,NPK 20-10-10
18.4,33.4,47.1,7.68,1.47,32.6,53.6,769.0,Cassava,Loamy,Urea
14.8,40.0,30.4,6.43,0.82,22.8,78.1,1763.0,Cassava,Silt,Urea
53.1,54.2,44.4,5.8,2.1,27.6,52.2,1044.0,Millet,Clay,Organic Compost
50.6,29.7,24.2,8.06,0.93,18.2,86.7,1927.0,Sorghum,Loamy,Potash
30.8,42.9,45.2,4.88,2.31,30.3,41.8,574.0,Cassava,Silt,Potash
38.1,8.1,41.3,6.28,2.43,28.4,83.4,1407.0,Wheat,Silt,DAP
33.3,50.4,13.6,6.93,2.41,36.0,66.7,1155.0,Millet,Loamy,Potash
47.4,18.5,11.1,7.36,1.29,25.1,57.7,1969.0,Rice,Silt,Superphosphate
26.8,29.8,21.1,6.09,0.54,18.0,64.9,1594.0,Cassava,Loamy,NPK 15-15-15
26.7,30.1,40.6,7.47,2.24,22.2,65.2,1730.0,Sorghum,Silt,NPK 15-15-15
40.7,52.1,61.7,6.08,0.76,34.7,79.1,632.0,Tomato,Clay,Organic Compost
50.7,52.8,26.5,5.3,2.04,20.3,67.4,1274.0,Wheat,Clay,Organic Compost
22.3,52.7,47.1,6.38,2.32,22.0,84.0,700.0,Maize,Clay,Organic Compost
31.2,15.1,25.1,5.05,0.83,19.2,40.4,1551.0,Rice,Silt,DAP
33.2,25.0,12.9,6.12,1.48,29.4,87.2,1344.0,Maize,Sandy,Potash
34.7,21.5,25.4,7.23,2.06,18.5,47.0,764.0,Beans,Sandy,NPK 15-15-15
50.3,26.0,37.9,5.4,2.23,36.4,49.0,1067.0,Millet,Clay,Organic Compost
44.5,23.0,16.8,7.06,0.7,34.8,81.5,888.0,Beans,Silt,Potash
59.3,34.8,53.2,5.22,2.39,31.7,48.4,1584.0,Wheat,Clay,Organic Compost
22.5,39.1,42.7,5.78,0.86,35.8,74.1,1137.0,Maize,Silt,NPK 15-15-15
54.0,40.6,21.8,8.1,2.11,22.3,90.8,1897.0,Rice,Clay,Organic Compost
10.6,27.6,32.4,5.3,1.41,21.1,66.3,1428.0,Maize,Sandy,NPK 15-15-15
24.2,18.7,31.9,5.0,0.51,27.9,69.3,827.0,Tomato,Sandy,DAP
19.3,42.1,46.8,6.48,0.44,25.1,52.3,1218.0,Maize,Silt,Urea
42.6,51.9,30.3,5.23,2.17,18.7,48.3,420.0,Cassava,Clay,Organic Compost
30.3,25.4,30.2,5.22,2.22,37.6,69.7,999.0,Sorghum,Silt,NPK 15-15-15
21.5,47.5,15.8,4.91,1.6,29.7,72.8,663.0,Rice,Silt,Potash
47.8,17.6,8.7,6.6,0.85,30.6,52.6,1085.0,Rice,Silt,Superphosphate
13.7,22.2,16.4,7.52,2.0,21.3,44.6,441.0,Cassava,Silt,NPK 20-10-10
17.0,34.1,28.8,4.79,0.75,18.5,47.6,1247.0,Cassava,Sandy,Superphosphate
25.1,5.6,34.1,5.91,1.14,27.5,68.5,1072.0,Sorghum,Sandy,DAP
14.7,5.8,25.2,6.78,1.87,36.8,66.0,1811.0,Wheat,Sandy,NPK 20-10-10
39.2,21.3,21.3,6.39,0.55,22.7,83.6,1142.0,Wheat,Loamy,DAP
51.5,53.1,39.6,5.18,1.21,24.1,83.2,1259.0,Wheat,Loamy,Potash
56.5,38.0,37.5,6.31,1.7,35.9,65.2,1888.0,Maize,Clay,Organic Compost
13.9,5.6,30.5,4.79,1.14,23.0,80.9,1892.0,Maize,Sandy,NPK 20-10-10
18.7,12.4,32.7,4.94,2.49,34.3,79.1,1638.0,Maize,Sandy,NPK 20-10-10
36.0,27.6,51.3,6.26,2.35,35.6,48.6,750.0,Maize,Clay,Organic Compost
41.6,43.7,43.0,6.24,2.26,30.1,94.6,1705.0,Wheat,Loamy,Organic Compost
47.8,25.1,30.0,6.21,1.13,20.2,51.0,1686.0,Wheat,Loamy,Potash
29.6,17.1,28.6,6.63,1.03,37.5,91.1,580.0,Beans,Sandy,DAP
59.0,46.2,27.0,7.52,1.53,19.2,83.9,1661.0,Wheat,Clay,Organic Compost
13.7,25.7,40.9,5.35,1.39,36.6,85.5,1293.0,Tomato,Loamy,Urea
56.2,23.7,39.6,5.21,0.58,23.8,73.6,1671.0,Beans,Clay,Organic Compost
37.7,26.4,28.2,4.88,2.55,20.6,81.6,908.0,Cassava,Clay,Organic Compost
47.3,18.1,46.3,5.43,2.17,18.3,69.4,1561.0,Millet,Silt,DAP
20.6,43.8,21.6,5.36,0.4,22.7,46.5,1480.0,Millet,Silt,NPK 20-10-10
17.4,42.3,24.3,5.64,1.81,36.8,94.5,972.0,Sorghum,Loamy,Urea
46.1,9.2,9.4,4.78,2.17,20.8,49.7,1337.0,Sorghum,Silt,Superphosphate
27.0,10.6,32.4,4.71,1.02,27.1,52.4,1462.0,Sorghum,Sandy,DAP
12.4,15.2,12.0,7.85,1.77,20.8,45.1,1708.0,Rice,Loamy,NPK 15-15-15
26.7,41.9,25.1,7.44,1.31,31.9,41.7,1645.0,Beans,Clay,Organic Compost
27.8,53.2,25.6,6.95,2.11,25.7,53.4,951.0,Millet,Clay,Organic Compost
21.9,21.7,32.1,5.52,0.79,32.3,41.3,1879.0,Tomato,Clay,Organic Compost
30.8,23.5,22.1,5.66,1.86,20.8,68.9,586.0,Cassava,Sandy,NPK 15-15-15
9.7,11.7,29.4,5.45,0.61,24.6,91.4,1510.0,Sorghum,Sandy,NPK 20-10-10
24.8,29.3,24.7,7.7,1.77,23.3,42.3,569.0,Millet,Sandy,NPK 15-15-15
39.9,40.6,35.9,7.84,2.02,23.2,67.5,1047.0,Beans,Silt,NPK 20-10-10
24.3,19.5,21.3,7.89,1.16,34.6,43.5,1971.0,Rice,Loamy,DAP
30.1,34.7,23.2,6.1,2.05,19.0,42.0,1800.0,Beans,Silt,NPK 15-15-15
16.4,23.4,20.3,6.31,2.22,35.5,52.2,940.0,Tomato,Silt,Urea
12.9,28.1,41.2,5.74,0.55,37.4,91.6,1443.0,Wheat,Silt,Urea
39.7,45.9,31.9,5.34,2.23,31.7,55.9,1397.0,Beans,Loamy,NPK 20-10-10
40.3,11.0,34.2,8.2,2.31,35.5,77.4,1138.0,Maize,Silt,DAP
43.2,42.7,42.8,6.02,1.18,24.6,52.4,1102.0,Maize,Clay,Organic Compost
7.1,30.1,12.2,7.66,1.98,36.4,87.9,1522.0,Beans,Sandy,NPK 20-10-10
34.3,57.2,56.6,5.66,1.88,24.8,77.3,1382.0,Sorghum,Clay,Organic Compost
12.4,28.9,25.7,5.54,1.33,19.4,72.9,1821.0,Beans,Sandy,NPK 20-10-10
27.9,19.8,19.6,6.86,1.3,34.9,63.6,1384.0,Rice,Silt,Superphosphate
32.3,43.0,53.0,4.66,1.57,30.7,44.7,1727.0,Maize,Loamy,NPK 20-10-10
31.2,14.4,39.0,5.08,1.98,34.2,71.7,834.0,Millet,Silt,DAP
48.0,46.6,36.8,7.31,2.1,31.9,55.0,1151.0,Sorghum,Clay,Organic Compost
29.2,31.0,11.9,7.27,2.31,21.3,42.2,569.0,Millet,Sandy,Potash
10.9,20.8,28.6,7.67,2.05,35.7,73.2,1739.0,Cassava,Sandy,NPK 20-10-10
50.5,41.5,30.5,5.54,1.12,20.6,42.6,1063.0,Millet,Loamy,Organic Compost
43.4,26.7,17.4,5.57,2.28,20.4,78.4,761.0,Maize,Silt,Potash
40.1,25.4,56.1,4.86,0.95,18.3,94.6,1426.0,Maize,Clay,Organic Compost
31.0,9.3,28.8,7.49,0.48,20.7,70.1,544.0,Tomato,Sandy,DAP
26.6,49.6,40.8,6.87,1.44,26.2,67.1,1839.0,Tomato,Clay,Organic Compost
47.9,38.7,21.7,4.95,1.7,32.5,82.3,1510.0,Millet,Loamy,Potash
45.4,61.5,52.1,6.09,1.89,30.3,58.6,1254.0,Millet,Clay,Organic Compost
43.5,28.5,44.5,6.31,2.18,32.8,82.0,1087.0,Wheat,Loamy,NPK 20-10-10
28.8,19.7,12.1,6.83,1.43,23.3,61.0,656.0,Cassava,Sandy,Superphosphate
10.2,27.9,23.1,7.17,1.69,19.2,51.2,1630.0,Tomato,Sandy,NPK 20-10-10
12.7,46.6,30.9,7.07,1.0,33.4,94.0,806.0,Millet,Loamy,Urea
23.7,24.7,43.5,5.55,0.51,35.5,72.4,1614.0,Sorghum,Loamy,NPK 15-15-15
28.1,6.0,14.4,6.82,2.48,25.9,93.6,1608.0,Sorghum,Sandy,Superphosphate
8.9,23.5,6.6,6.09,0.92,37.1,60.0,1183.0,Cassava,Sandy,NPK 20-10-10
34.8,52.7,46.1,6.12,2.21,18.1,85.5,495.0,Rice,Clay,Organic Compost
42.4,8.8,30.1,7.57,1.6,25.2,65.9,529.0,Beans,Silt,DAP
24.3,16.7,10.7,4.56,2.43,29.1,75.6,1647.0,Wheat,Sandy,Superphosphate
34.4,18.6,31.6,5.26,2.42,28.2,52.9,1423.0,Cassava,Silt,Superphosphate
45.0,42.2,32.2,6.15,0.42,30.0,71.7,408.0,Millet,Loamy,Potash
18.6,8.2,25.5,6.26,1.36,22.0,68.8,1703.0,Millet,Silt,NPK 20-10-10
21.3,12.0,15.1,6.17,1.25,34.4,86.7,1045.0,Beans,Sandy,Superphosphate
33.6,54.7,44.8,5.48,0.9,21.2,84.3,891.0,Millet,Loamy,NPK 20-10-10
42.7,39.5,10.7,5.75,1.54,34.1,79.3,1279.0,Tomato,Silt,Potash
22.3,56.6,42.1,7.49,1.26,29.8,58.2,1055.0,Beans,Clay,Organic Compost
24.1,25.0,27.2,6.1,1.67,31.7,77.2,1078.0,Cassava,Loamy,NPK 15-15-15
41.9,56.8,39.3,7.97,0.74,32.7,78.9,1490.0,Sorghum,Clay,Organic Compost
27.3,20.0,20.7,4.69,0.81,36.2,57.4,1030.0,Cassava,Sandy,DAP
27.2,32.6,21.9,5.52,0.56,23.3,74.0,1959.0,Rice,Sandy,Potash
40.7,36.7,40.0,6.21,0.99,27.7,61.0,1535.0,Cassava,Loamy,NPK 20-10-10
33.8,21.0,12.1,7.96,0.94,33.0,46.0,1763.0,Cassava,Sandy,Potash
53.5,36.9,23.4,4.5,0.41,23.5,69.0,1176.0,Cassava,Loamy,Potash
51.8,34.0,31.2,6.59,1.22,22.2,86.0,1489.0,Millet,Loamy,Potash
17.5,31.6,23.1,7.74,1.56,26.2,81.2,1848.0,Cassava,Silt,Urea
15.7,24.9,29.5,8.12,1.41,31.4,56.1,540.0,Cassava,Sandy,NPK 20-10-10
33.9,28.0,41.2,6.78,0.77,31.5,50.3,410.0,Wheat,Loamy,NPK 15-15-15
34.4,46.8,35.6,5.91,1.99,30.0,68.5,1818.0,Wheat,Clay,Organic Compost
12.2,6.1,34.4,7.22,0.88,26.0,52.4,1496.0,Cassava,Sandy,NPK 20-10-10
16.7,22.7,47.1,7.77,1.04,27.7,88.6,1473.0,Beans,Silt,Urea
58.7,41.7,27.6,6.25,2.0,27.8,57.2,1466.0,Tomato,Clay,Organic Compost
27.1,42.9,35.9,4.79,1.43,18.6,83.4,1575.0,Beans,Loamy,Organic Compost
24.2,50.9,18.5,4.52,1.57,22.8,88.4,1478.0,Cassava,Loamy,Potash
36.5,39.4,36.1,7.59,1.63,25.0,65.7,1104.0,Wheat,Silt,NPK 15-15-15
36.2,24.7,54.9,7.3,1.14,36.9,92.2,1771.0,Tomato,Clay,Urea
39.2,50.2,46.7,7.01,2.09,37.0,70.3,1846.0,Maize,Clay,Organic Compost
29.4,8.5,9.8,8.17,1.34,27.2,92.3,979.0,Maize,Sandy,Superphosphate
20.7,11.0,6.9,7.51,1.12,29.6,45.8,1209.0,Wheat,Sandy,Superphosphate
34.2,33.1,24.6,4.93,1.49,20.8,52.3,664.0,Cassava,Clay,Organic Compost
21.6,22.5,16.9,5.6,1.24,28.7,59.7,619.0,Cassava,Sandy,Potash
14.8,50.9,19.3,4.86,0.78,36.7,52.2,1659.0,Tomato,Loamy,NPK 20-10-10
35.4,23.9,49.8,5.96,1.58,19.0,82.7,1508.0,Sorghum,Clay,Organic Compost
34.2,34.4,22.9,7.04,0.5,18.0,41.7,726.0,Cassava,Clay,Organic Compost
30.1,29.6,36.8,6.71,2.26,34.4,85.3,1751.0,Tomato,Loamy,NPK 15-15-15
22.9,26.8,11.0,5.83,2.41,28.5,42.8,1049.0,Sorghum,Sandy,Potash
42.9,41.2,40.6,4.57,1.38,18.6,62.3,1435.0,Maize,Clay,Organic Compost
39.1,21.4,28.9,4.86,0.45,36.3,77.1,1647.0,Beans,Loamy,NPK 15-15-15
31.9,6.7,10.7,5.96,1.15,28.5,54.7,1676.0,Beans,Sandy,Potash
8.2,43.6,26.8,7.18,2.33,18.7,54.4,590.0,Rice,Silt,Urea
29.2,15.9,25.6,7.9,0.89,18.3,85.3,1556.0,Beans,Sandy,DAP
14.7,33.3,35.2,5.52,2.12,27.5,78.8,1424.0,Cassava,Silt,Urea
28.6,51.3,47.0,5.54,2.53,34.2,47.0,660.0,Maize,Clay,Organic Compost
33.9,24.1,7.0,6.14,0.89,27.8,53.6,1731.0,Wheat,Sandy,Potash
10.9,16.6,29.2,5.88,1.23,37.7,82.4,1777.0,Beans,Sandy,NPK 20-10-10
31.4,31.4,17.5,7.62,1.26,29.6,87.1,1638.0,Sorghum,Loamy,Potash
33.3,23.2,13.8,6.83,2.12,36.8,59.5,1039.0,Sorghum,Loamy,Potash
48.5,53.2,33.3,5.28,1.66,25.4,59.1,532.0,Beans,Loamy,Superphosphate
43.1,44.7,22.1,7.22,1.29,19.2,61.7,610.0,Wheat,Loamy,Potash
20.1,33.7,23.3,5.07,1.83,33.2,82.6,639.0,Beans,Silt,NPK 15-15-15
11.8,11.4,10.4,5.73,1.19,32.0,58.1,625.0,Sorghum,Silt,NPK 15-15-15
8.7,15.9,10.0,8.05,1.18,20.0,80.0,1539.0,Sorghum,Sandy,NPK 15-15-15
25.4,19.2,20.1,7.47,2.05,31.9,77.8,1235.0,Sorghum,Silt,DAP
17.0,18.1,17.4,7.21,1.7,27.0,66.2,1724.0,Wheat,Loamy,NPK 15-15-15
51.9,47.6,38.3,5.33,2.48,26.2,88.3,1645.0,Cassava,Clay,Organic Compost
32.5,23.2,23.8,5.5,1.26,26.2,74.9,881.0,Millet,Loamy,NPK 15-15-15
25.6,5.0,27.4,5.75,1.67,33.2,68.1,1435.0,Wheat,Sandy,DAP
27.0,51.9,48.0,6.78,0.9,24.6,87.2,1517.0,Rice,Loamy,NPK 20-10-10
28.4,22.3,33.9,6.0,1.17,23.8,66.5,916.0,Maize,Sandy,NPK 15-15-15
17.2,42.2,17.9,6.2,1.88,21.0,69.2,1755.0,Maize,Silt,NPK 20-10-10
48.1,52.7,47.3,6.01,1.75,28.5,56.7,1097.0,Cassava,Loamy,Organic Compost
31.7,34.7,14.2,4.95,2.51,21.4,82.4,463.0,Maize,Sandy,Potash
20.5,46.6,15.4,5.14,1.92,37.0,61.4,1637.0,Maize,Silt,NPK 15-15-15
45.7,34.8,47.5,5.94,2.01,32.5,54.8,1873.0,Maize,Silt,NPK 20-10-10
35.2,55.3,33.2,8.07,0.45,30.4,46.2,1550.0,Wheat,Clay,Organic Compost
44.7,23.5,42.0,7.02,1.34,24.9,51.6,501.0,Maize,Silt,NPK 20-10-10
26.6,47.9,8.6,7.65,2.16,33.2,68.9,705.0,Maize,Silt,Potash
55.0,29.9,43.3,6.04,1.81,33.1,49.6,678.0,Rice,Clay,Superphosphate
12.2,7.2,15.7,7.0,2.14,24.9,44.6,1615.0,Rice,Sandy,NPK 15-15-15
19.1,34.1,16.2,8.05,0.96,20.1,48.6,1638.0,Maize,Sandy,NPK 20-10-10
34.0,20.1,8.5,7.16,0.86,29.6,87.0,1163.0,Sorghum,Sandy,Potash
17.5,25.2,33.7,5.44,0.49,29.7,62.1,1025.0,Sorghum,Loamy,Urea
9.6,31.3,8.9,7.9,1.88,28.6,55.3,975.0,Wheat,Sandy,NPK 20-10-10
28.1,29.8,26.2,4.7,2.03,32.5,40.7,1828.0,Wheat,Sandy,NPK 15-15-15
15.0,22.2,41.7,5.01,0.81,18.2,85.5,460.0,Beans,Loamy,Urea
29.5,23.8,20.6,8.04,2.13,36.5,80.4,1726.0,Sorghum,Silt,NPK 15-15-15
58.1,21.8,24.5,6.31,1.4,26.8,69.5,1261.0,Cassava,Clay,Organic Compost
33.3,49.5,47.2,7.57,1.08,18.1,91.9,471.0,Maize,Clay,Organic Compost
37.8,55.2,37.6,5.03,2.06,18.4,55.1,1261.0,Maize,Clay,Organic Compost
16.4,16.7,15.5,7.78,0.44,36.8,59.7,984.0,Sorghum,Sandy,NPK 15-15-15
45.9,58.0,55.5,6.41,1.98,25.8,82.7,672.0,Cassava,Clay,Organic Compost
50.6,24.3,20.4,7.0,1.5,37.0,53.6,597.0,Millet,Clay,NPK 20-10-10
8.0,28.3,7.2,7.91,1.59,31.9,47.2,543.0,Cassava,Sandy,NPK 20-10-10
32.2,21.9,19.5,8.13,1.0,20.8,59.8,886.0,Sorghum,Silt,Potash
33.3,37.3,14.6,4.67,2.14,22.3,57.4,1129.0,Sorghum,Silt,Potash
50.8,25.8,54.3,5.56,2.0,25.5,86.0,1140.0,Rice,Loamy,NPK 20-10-10
37.2,22.7,23.2,8.17,2.44,20.8,51.2,571.0,Millet,Loamy,NPK 15-15-15
55.2,24.0,57.0,8.1,1.02,27.1,69.1,729.0,Maize,Clay,Organic Compost
12.7,45.6,20.7,5.08,2.56,20.1,43.3,780.0,Sorghum,Silt,Urea
25.6,16.0,21.8,4.52,1.25,36.9,82.6,1585.0,Cassava,Sandy,DAP
48.3,49.8,42.6,6.19,0.56,20.4,40.0,975.0,Cassava,Loamy,NPK 20-10-10
37.6,35.9,21.7,6.42,2.56,26.9,88.1,1010.0,Tomato,Loamy,NPK 15-15-15
48.9,57.7,38.5,7.3,2.34,33.8,41.4,400.0,Tomato,Clay,Organic Compost
53.2,24.6,45.9,7.47,2.29,31.8,47.6,1490.0,Sorghum,Loamy,NPK 20-10-10
28.8,57.2,26.0,6.06,1.77,37.4,76.9,888.0,Beans,Clay,Urea
24.6,47.2,28.2,4.86,2.31,18.4,40.2,1160.0,Maize,Loamy,DAP
30.3,27.9,25.1,4.68,2.24,27.4,45.4,881.0,Cassava,Sandy,NPK 15-15-15
18.6,22.1,27.5,4.51,1.64,22.0,72.8,783.0,Wheat,Silt,Urea
24.7,5.9,21.1,7.52,0.85,28.6,64.6,1760.0,Sorghum,Sandy,DAP
47.4,43.6,32.3,6.71,0.69,26.3,55.6,1472.0,Wheat,Clay,Organic Compost
17.3,45.2,43.5,7.69,2.03,23.4,88.3,1359.0,Cassava,Silt,Urea
14.6,19.6,29.5,6.04,2.35,18.3,44.4,921.0,Maize,Silt,NPK 20-10-10
26.5,34.8,11.1,5.48,2.09,23.4,78.7,1334.0,Rice,Sandy,Potash
54.1,53.5,13.0,6.35,1.28,23.1,93.8,679.0,Beans,Loamy,Potash
22.4,30.8,23.7,6.91,0.55,32.3,62.5,1158.0,Tomato,Sandy,NPK 15-15-15
27.4,25.5,18.0,4.63,1.59,31.2,78.7,1373.0,Cassava,Sandy,Potash
11.8,37.5,48.8,6.44,1.88,31.9,48.9,707.0,Sorghum,Silt,Urea
5.5,21.2,16.3,6.94,0.89,37.2,58.2,1881.0,Tomato,Sandy,NPK 20-10-10
38.8,31.2,13.8,7.11,1.67,29.3,80.6,1446.0,Sorghum,Silt,Potash
22.8,36.7,24.9,4.95,2.12,22.2,49.1,1758.0,Millet,Loamy,NPK 15-15-15
27.1,38.5,52.1,5.55,0.55,21.4,89.4,850.0,Maize,Loamy,NPK 15-15-15
48.3,20.7,29.9,8.05,0.84,30.0,43.5,821.0,Maize,Silt,DAP
16.7,41.5,27.5,6.0,1.92,36.9,56.6,507.0,Maize,Silt,Urea
43.5,28.0,14.2,6.45,1.87,24.6,44.5,915.0,Millet,Silt,Potash
16.0,46.4,27.2,6.95,2.3,29.1,43.4,825.0,Beans,Silt,Urea
26.2,37.1,23.5,5.39,2.22,26.0,55.1,1055.0,Sorghum,Loamy,NPK 15-15-15
15.8,22.9,10.5,4.78,0.42,20.9,75.2,714.0,Rice,Silt,NPK 20-10-10
9.3,16.8,49.8,6.71,1.85,28.3,93.1,631.0,Tomato,Silt,Urea
31.6,8.1,22.6,6.91,1.6,29.2,48.7,872.0,Rice,Silt,DAP
22.9,20.5,15.3,5.74,2.16,25.6,44.4,1939.0,Wheat,Sandy,Potash
5.4,15.9,20.5,4.61,2.01,23.2,69.8,1668.0,Rice,Sandy,NPK 20-10-10
22.1,9.9,46.3,6.69,1.79,26.8,60.5,475.0,Sorghum,Silt,DAP
22.4,13.9,35.5,6.22,1.33,33.7,73.0,402.0,Rice,Loamy,DAP
34.2,50.3,16.7,6.72,1.02,18.7,64.1,854.0,Maize,Loamy,DAP
21.1,26.2,8.5,5.99,1.43,27.3,79.4,1986.0,Cassava,Silt,Potash
38.9,54.3,42.7,7.18,0.57,23.5,72.1,1236.0,Wheat,Loamy,NPK 20-10-10
16.7,26.0,44.4,7.6,2.2,30.4,94.6,973.0,Rice,Silt,Urea
26.3,41.8,27.0,6.76,1.19,32.3,48.4,1232.0,Maize,Silt,NPK 20-10-10
17.9,23.1,20.3,8.11,2.38,23.9,46.7,504.0,Maize,Sandy,NPK 20-10-10
50.2,51.8,21.9,7.31,2.24,25.6,87.9,1982.0,Rice,Loamy,Potash
16.1,11.8,34.8,5.52,1.36,23.3,67.3,577.0,Rice,Sandy,NPK 20-10-10
37.6,35.3,44.4,7.39,2.39,34.8,64.5,1734.0,Maize,Clay,Organic Compost
48.3,36.8,40.4,7.06,1.08,32.9,59.5,1337.0,Maize,Clay,Organic Compost
30.1,43.6,24.5,5.26,2.05,18.5,73.6,455.0,Millet,Clay,Organic Compost
33.9,21.4,14.4,6.02,1.65,30.4,54.7,716.0,Cassava,Sandy,Potash
47.1,37.5,41.8,6.29,1.65,30.7,53.0,1895.0,Sorghum,Loamy,NPK 20-10-10
43.6,55.8,24.8,7.77,0.7,20.9,87.4,811.0,Cassava,Clay,Organic Compost
59.2,52.8,34.1,7.51,0.9,30.3,81.3,1525.0,Sorghum,Clay,Organic Compost
35.9,51.9,18.2,5.82,2.12,24.2,64.4,1637.0,Cassava,Loamy,Potash
15.3,20.7,20.7,5.01,2.24,23.7,84.1,1958.0,Beans,Silt,Urea
10.7,24.4,34.7,7.49,0.91,23.1,54.4,1909.0,Beans,Sandy,NPK 20-10-10
22.7,23.2,25.1,5.78,1.72,26.5,64.3,1210.0,Sorghum,Silt,NPK 15-15-15
41.1,41.4,28.8,4.61,2.18,35.1,53.3,976.0,Tomato,Clay,Organic Compost
15.9,49.1,10.6,8.1,0.55,24.4,53.8,815.0,Maize,Silt,NPK 20-10-10
25.0,61.3,30.2,4.77,0.45,27.3,90.5,427.0,Wheat,Clay,Organic Compost
21.4,42.3,44.2,6.57,0.84,18.1,80.6,1359.0,Sorghum,Loamy,NPK 20-10-10
44.8,15.0,39.6,7.05,0.89,27.7,68.6,1346.0,Beans,Loamy,DAP
7.0,15.3,23.8,5.73,2.09,21.8,47.9,770.0,Sorghum,Sandy,NPK 20-10-10
41.8,32.6,58.6,7.79,1.28,33.1,90.2,901.0,Tomato,Clay,Organic Compost
37.2,52.0,42.6,5.28,1.18,31.4,42.9,947.0,Maize,Clay,DAP
12.9,11.2,41.0,4.83,1.91,25.6,85.2,693.0,Millet,Silt,DAP
29.9,13.6,11.2,5.08,0.89,22.1,88.9,432.0,Beans,Sandy,Superphosphate
42.7,25.9,11.2,7.46,0.96,35.6,81.4,1971.0,Sorghum,Silt,Potash
17.3,25.9,14.5,6.52,0.92,31.3,58.8,488.0,Cassava,Sandy,NPK 20-10-10
14.1,8.9,27.1,5.32,1.73,33.6,55.0,855.0,Maize,Sandy,Superphosphate
37.7,18.7,53.0,7.17,0.85,28.6,61.5,1012.0,Maize,Loamy,DAP
21.3,18.4,19.5,6.92,2.59,31.0,94.2,1323.0,Wheat,Loamy,Superphosphate
10.8,12.3,47.8,6.91,2.44,20.7,82.3,776.0,Millet,Silt,NPK 20-10-10
17.3,25.1,31.6,7.72,0.42,21.2,90.5,1300.0,Beans,Sandy,NPK 20-10-10
5.8,33.6,19.2,7.41,0.88,22.7,70.8,1802.0,Wheat,Sandy,NPK 20-10-10
21.5,6.2,16.4,6.56,0.41,30.8,42.8,1552.0,Maize,Sandy,Superphosphate
36.3,31.6,20.9,6.07,0.59,32.1,41.4,1061.0,Millet,Silt,NPK 15-15-15
26.8,31.0,37.3,7.92,1.88,23.1,86.6,488.0,Tomato,Loamy,NPK 15-15-15
31.2,39.4,34.8,7.5,1.65,22.7,69.5,1577.0,Wheat,Loamy,NPK 15-15-15
20.9,21.4,14.3,7.66,0.86,18.7,80.8,1748.0,Cassava,Sandy,Potash
53.9,27.9,29.5,6.69,1.35,29.1,93.2,780.0,Cassava,Loamy,Potash
41.2,50.0,60.1,7.05,2.57,22.9,51.5,890.0,Cassava,Clay,Organic Compost
20.4,29.7,25.7,6.89,2.36,20.8,70.1,541.0,Rice,Loamy,NPK 15-15-15
32.3,31.3,35.0,7.53,0.81,32.9,76.7,528.0,Maize,Silt,NPK 15-15-15
23.8,31.9,30.2,7.83,2.37,29.6,80.4,1999.0,Wheat,Clay,Organic Compost
47.3,58.7,53.5,4.74,1.97,23.0,54.0,1276.0,Sorghum,Clay,Organic Compost
25.5,42.8,18.5,7.64,1.4,29.7,44.4,1927.0,Rice,Loamy,Potash
40.5,46.1,17.2,6.64,2.27,28.1,90.8,476.0,Rice,Loamy,Potash
9.7,17.9,23.6,7.8,0.75,24.7,83.9,1056.0,Beans,Sandy,NPK 20-10-10
48.9,13.9,47.8,6.59,2.39,20.4,75.3,1744.0,Sorghum,Silt,DAP
31.4,17.0,18.6,7.11,2.5,30.7,45.6,790.0,Wheat,Loamy,Superphosphate
55.6,28.2,25.4,7.19,0.68,26.2,68.4,528.0,Rice,Clay,Organic Compost
48.1,29.2,35.0,6.94,0.48,20.3,55.6,570.0,Cassava,Clay,Organic Compost
30.4,18.7,8.3,7.28,1.99,37.5,41.2,619.0,Maize,Silt,Superphosphate
14.7,24.9,15.8,7.6,2.33,30.7,61.2,1630.0,Tomato,Loamy,NPK 20-10-10
34.0,53.2,24.5,6.74,2.18,35.9,92.1,1032.0,Tomato,Loamy,NPK 20-10-10
35.3,15.7,25.7,7.9,2.18,27.9,48.1,1038.0,Maize,Silt,DAP
51.0,33.1,15.8,7.15,0.56,25.9,52.7,663.0,Tomato,Loamy,Potash
19.6,29.6,32.5,7.49,2.5,36.6,85.8,868.0,Rice,Sandy,NPK 20-10-10
55.5,54.6,47.0,7.57,1.96,31.3,42.6,1137.0,Beans,Clay,Superphosphate
21.2,6.4,32.4,6.17,1.94,21.0,86.6,1165.0,Wheat,Sandy,DAP
35.2,36.2,44.0,7.48,1.07,36.4,59.5,836.0,Tomato,Loamy,NPK 15-15-15
14.5,30.3,21.8,8.08,0.58,30.3,45.3,1134.0,Maize,Sandy,NPK 20-10-10
44.1,22.2,20.3,6.05,0.93,31.5,68.5,1723.0,Tomato,Loamy,Potash
51.2,45.4,18.4,7.59,1.46,32.2,78.6,1818.0,Cassava,Loamy,Potash
33.5,60.9,47.8,7.36,2.29,20.5,58.5,1737.0,Millet,Clay,Organic Compost
32.7,22.8,34.6,5.97,2.35,29.3,61.6,1198.0,Millet,Loamy,NPK 15-15-15
21.8,33.5,32.0,5.65,2.02,23.4,67.1,1106.0,Sorghum,Loamy,NPK 15-15-15
48.7,26.0,32.1,7.36,2.4,18.9,44.0,1894.0,Sorghum,Clay,Organic Compost
42.8,13.1,12.3,8.12,0.96,28.8,53.0,1361.0,Beans,Silt,Superphosphate
6.4,22.9,24.8,5.24,2.08,30.5,40.5,1921.0,Tomato,Sandy,NPK 20-10-10
11.6,23.7,20.9,5.6,2.15,30.9,47.3,1533.0,Rice,Silt,Urea
54.8,24.2,14.5,4.61,1.11,28.0,44.3,1305.0,Sorghum,Loamy,Potash
48.2,47.8,50.7,6.33,1.28,24.1,45.5,1299.0,Millet,Clay,Organic Compost
19.3,41.1,18.7,6.08,0.75,21.4,81.6,507.0,Wheat,Silt,NPK 20-10-10
28.0,33.5,34.9,5.23,1.21,26.0,52.7,774.0,Beans,Silt,NPK 15-15-15
13.4,32.1,26.9,6.76,0.46,32.1,86.7,1239.0,Wheat,Silt,Urea
11.3,23.9,26.7,7.7,1.14,24.3,88.8,802.0,Cassava,Silt,Urea
48.0,16.0,38.4,6.54,2.55,37.9,83.7,566.0,Maize,Silt,DAP
46.8,56.9,53.6,5.66,0.83,24.5,78.3,1170.0,Millet,Clay,NPK 20-10-10
37.2,39.4,41.1,5.01,2.05,35.0,78.4,1922.0,Tomato,Clay,Organic Compost
7.0,26.6,9.9,7.97,1.72,34.1,63.9,1576.0,Tomato,Sandy,NPK 20-10-10
28.2,12.1,31.5,7.15,2.04,22.8,45.0,517.0,Millet,Sandy,DAP
62.0,60.4,21.2,7.18,0.97,24.8,53.2,1729.0,Millet,Clay,Organic Compost
13.1,18.5,20.7,4.82,2.23,36.7,62.2,1772.0,Beans,Sandy,NPK 20-10-10
29.6,19.2,21.4,5.52,1.97,21.2,53.4,1168.0,Rice,Sandy,DAP
28.1,56.2,44.8,5.9,2.26,34.5,46.1,1308.0,Beans,Clay,Organic Compost
26.5,5.3,20.4,5.58,1.57,20.2,85.0,1270.0,Maize,Sandy,DAP
21.6,44.9,41.1,4.65,0.95,19.5,80.3,1529.0,Wheat,Clay,Superphosphate
57.0,28.4,32.8,7.03,0.53,37.0,41.3,1759.0,Wheat,Clay,Organic Compost
28.2,53.8,34.7,4.72,2.47,20.9,43.0,473.0,Rice,Loamy,NPK 20-10-10
15.5,47.7,33.7,5.56,1.69,22.9,67.2,935.0,Rice,Silt,Urea
27.0,18.2,27.3,7.31,2.13,33.7,93.6,1720.0,Millet,Loamy,DAP
21.9,38.2,20.5,4.82,1.06,25.3,79.0,981.0,Tomato,Loamy,Superphosphate
16.9,18.6,13.2,7.85,0.91,36.8,54.5,1679.0,Wheat,Silt,Potash
27.9,26.4,54.7,7.17,0.96,33.0,47.1,1881.0,Cassava,Loamy,NPK 15-15-15
23.7,18.7,52.0,5.63,0.71,34.3,51.7,551.0,Rice,Loamy,DAP
55.0,43.6,30.4,6.25,0.98,28.7,71.4,1635.0,Wheat,Clay,Organic Compost
7.1,32.6,10.6,7.6,1.49,20.1,59.8,1869.0,Millet,Sandy,NPK 20-10-10
16.4,22.7,12.0,6.9,0.97,34.6,78.7,1018.0,Tomato,Sandy,NPK 20-10-10
14.5,17.9,19.4,5.34,1.89,32.8,65.1,1980.0,Maize,Silt,NPK 15-15-15
39.3,58.2,29.3,5.9,2.48,33.5,85.8,1807.0,Wheat,Clay,Organic Compost
46.5,21.7,13.9,5.16,2.03,31.9,89.0,907.0,Tomato,Loamy,Potash
59.3,43.3,51.4,5.55,0.58,19.3,84.8,643.0,Wheat,Clay,Organic Compost
21.2,12.9,6.5,6.51,1.21,26.7,73.1,902.0,Maize,Sandy,Superphosphate
11.8,22.7,11.8,4.53,0.51,29.8,44.6,1790.0,Tomato,Silt,NPK 20-10-10
22.2,5.3,8.3,8.16,1.41,18.5,86.8,1868.0,Wheat,Sandy,Superphosphate
40.8,38.9,28.8,7.58,1.56,23.2,40.2,974.0,Tomato,Silt,Potash
33.3,8.2,13.2,7.57,1.28,33.2,69.8,1366.0,Millet,Sandy,Superphosphate
38.7,13.2,20.1,5.93,1.88,28.2,79.5,1563.0,Maize,Loamy,Urea
47.4,23.7,32.8,5.64,2.39,25.7,61.8,1859.0,Beans,Loamy,Potash
34.3,41.4,22.2,6.45,1.78,28.2,95.0,1211.0,Rice,Silt,NPK 20-10-10
17.9,13.9,53.8,7.21,1.27,18.4,49.2,416.0,Millet,Loamy,NPK 20-10-10
9.8,24.2,33.6,8.16,2.23,26.9,70.1,1205.0,Sorghum,Sandy,NPK 20-10-10
36.4,34.8,17.3,5.07,2.32,21.6,44.1,1401.0,Millet,Silt,Potash
11.2,28.7,32.9,6.26,2.14,24.4,78.7,1292.0,Wheat,Sandy,NPK 20-10-10
31.9,26.3,53.9,4.62,1.89,27.5,44.1,1502.0,Millet,Clay,Organic Compost
28.8,20.1,25.5,5.5,1.83,25.3,46.5,1971.0,Millet,Clay,Organic Compost
49.7,40.1,25.8,8.09,1.5,18.2,40.3,1906.0,Maize,Loamy,Potash
13.9,18.3,48.8,8.18,0.51,21.4,79.8,1247.0,Millet,Loamy,NPK 20-10-10
59.7,27.2,31.1,5.7,0.7,28.7,58.8,1373.0,Rice,Clay,Organic Compost
56.6,41.4,33.5,4.56,1.72,33.7,75.8,1660.0,Wheat,Clay,Organic Compost
28.9,31.2,41.5,4.52,1.37,21.9,81.2,1612.0,Beans,Clay,Organic Compost
14.3,29.8,20.2,6.34,0.65,22.4,59.8,1518.0,Cassava,Sandy,NPK 20-10-10
30.4,31.5,44.9,5.69,1.59,31.5,53.0,847.0,Beans,Loamy,NPK 15-15-15
19.4,16.7,14.3,7.49,2.35,36.1,85.2,620.0,Sorghum,Silt,Urea
43.5,21.6,52.0,5.65,1.67,35.3,68.8,1606.0,Tomato,Loamy,NPK 20-10-10
54.1,36.5,35.3,7.47,1.68,30.2,62.7,723.0,Beans,Clay,Organic Compost
20.2,19.4,13.5,6.28,1.03,31.7,47.4,796.0,Rice,Silt,Organic Compost
29.4,32.2,27.9,7.7,0.59,36.0,65.6,1630.0,Wheat,Sandy,NPK 15-15-15
19.1,13.0,25.3,6.33,2.56,18.7,72.5,1240.0,Maize,Silt,Superphosphate
33.3,22.0,13.5,5.59,2.24,34.2,49.9,1434.0,Cassava,Loamy,Potash
17.5,13.0,19.4,7.51,2.19,28.8,58.3,1691.0,Wheat,Loamy,NPK 15-15-15
7.7,30.5,26.4,6.81,2.0,20.9,61.2,1703.0,Tomato,Sandy,NPK 20-10-10
8.7,34.4,16.9,5.68,0.66,18.3,73.2,1380.0,Cassava,Sandy,NPK 20-10-10
42.2,38.3,32.8,5.31,2.29,37.7,59.6,1517.0,Wheat,Clay,Organic Compost
32.2,20.0,21.7,6.5,0.93,33.6,80.3,553.0,Tomato,Sandy,DAP
31.1,23.8,11.0,5.78,0.73,34.4,82.8,1857.0,Tomato,Sandy,Organic Compost
60.6,48.3,57.0,6.12,1.09,21.1,41.7,467.0,Beans,Clay,Organic Compost
6.6,8.4,25.0,7.97,1.3,33.6,93.5,1533.0,Maize,Sandy,NPK 20-10-10
61.1,32.6,52.9,6.04,0.74,32.8,85.6,1782.0,Sorghum,Clay,Organic Compost
34.7,52.4,21.0,4.79,1.35,29.6,77.4,1705.0,Tomato,Loamy,DAP
48.0,22.6,33.9,7.34,1.54,21.1,42.7,578.0,Millet,Silt,Potash
44.0,49.9,21.6,5.0,2.07,33.6,78.6,1593.0,Cassava,Clay,Organic Compost
47.1,33.4,20.6,6.84,1.35,20.9,51.8,1898.0,Wheat,Clay,Organic Compost
45.9,36.9,10.6,7.63,1.84,23.5,74.6,618.0,Millet,Silt,Potash
34.4,52.9,30.8,7.67,2.1,19.8,90.2,1857.0,Beans,Loamy,NPK 20-10-10
11.7,5.9,11.2,6.29,0.53,21.2,92.3,1190.0,Millet,Sandy,NPK 15-15-15
23.7,52.8,34.7,6.2,2.58,24.3,66.0,1416.0,Rice,Clay,NPK 20-10-10
27.4,38.1,39.3,6.87,2.46,33.3,61.0,1951.0,Tomato,Clay,Organic Compost
17.0,21.4,15.6,6.3,1.15,37.5,66.0,739.0,Beans,Loamy,NPK 20-10-10
7.2,7.4,25.3,6.33,1.77,35.0,77.5,1779.0,Rice,Sandy,NPK 20-10-10
25.7,40.3,38.2,6.5,1.26,30.4,61.6,1292.0,Sorghum,Clay,Organic Compost
35.7,50.7,45.8,5.93,2.18,36.6,81.8,1918.0,Wheat,Clay,Organic Compost
44.8,40.0,43.1,7.2,1.53,29.0,63.0,1463.0,Maize,Silt,Organic Compost
29.2,22.8,14.2,5.45,1.81,25.4,41.8,928.0,Millet,Silt,Potash
32.0,49.6,51.3,8.05,0.66,24.2,44.2,1381.0,Maize,Clay,NPK 20-10-10
22.6,15.8,21.3,6.87,2.25,25.9,55.3,1262.0,Rice,Sandy,Organic Compost
11.5,5.2,25.4,7.52,0.73,29.3,94.1,830.0,Cassava,Sandy,NPK 20-10-10
52.1,12.0,24.7,8.11,1.88,22.2,83.5,1837.0,Cassava,Loamy,DAP
12.8,33.3,9.8,5.65,0.72,20.1,68.7,1035.0,Beans,Sandy,NPK 20-10-10
6.1,5.7,10.4,7.25,0.43,24.1,71.1,1590.0,Rice,Sandy,NPK 15-15-15
13.3,5.0,6.1,4.86,2.55,29.4,84.0,1976.0,Beans,Sandy,NPK 15-15-15
49.7,30.7,16.9,6.53,2.41,33.7,62.1,1768.0,Cassava,Loamy,Potash
22.0,16.2,21.2,7.74,2.58,23.3,49.1,514.0,Tomato,Silt,DAP
35.9,13.9,15.5,7.88,1.67,22.4,51.4,785.0,Sorghum,Loamy,NPK 20-10-10
12.9,16.5,21.1,5.68,1.45,35.3,53.4,1666.0,Rice,Sandy,NPK 20-10-10
23.1,48.7,37.3,7.35,0.69,30.1,40.7,774.0,Tomato,Clay,Organic Compost
16.3,21.8,26.8,7.11,0.73,19.5,60.7,785.0,Maize,Sandy,NPK 20-10-10
16.9,20.6,5.3,5.6,0.98,22.7,83.4,802.0,Maize,Sandy,NPK 20-10-10
28.5,19.9,44.3,6.93,2.48,35.6,78.2,658.0,Rice,Loamy,DAP
31.1,46.5,8.2,7.74,1.59,21.0,87.1,1259.0,Sorghum,Silt,Potash
9.4,8.4,24.8,7.76,1.93,34.8,86.5,451.0,Beans,Sandy,NPK 20-10-10
27.0,29.6,44.1,8.15,2.57,27.5,83.4,1146.0,Beans,Loamy,NPK 15-15-15
47.3,49.9,21.9,8.12,1.92,22.8,40.2,1494.0,Cassava,Silt,Potash
43.2,21.3,37.5,7.46,0.46,30.5,48.7,1781.0,Cassava,Clay,Organic Compost
26.7,31.3,20.5,6.3,0.48,28.7,68.7,1370.0,Cassava,Sandy,NPK 15-15-15
27.1,33.0,35.7,5.84,1.51,25.9,82.1,1674.0,Wheat,Silt,NPK 15-15-15
48.5,52.5,20.5,6.08,1.08,33.3,47.9,1645.0,Sorghum,Clay,Organic Compost
54.6,32.5,42.1,7.13,2.26,28.4,45.9,1967.0,Beans,Loamy,Superphosphate
30.7,40.7,59.9,7.0,1.69,24.5,56.1,452.0,Beans,Clay,Organic Compost
29.4,36.1,59.5,7.64,1.35,37.6,65.4,959.0,Cassava,Clay,Organic Compost
13.0,11.7,33.8,7.22,2.08,32.8,77.6,546.0,Millet,Sandy,NPK 20-10-10
17.7,54.3,13.2,4.62,1.08,34.9,93.8,590.0,Rice,Loamy,NPK 20-10-10
35.1,17.8,21.8,6.7,0.48,33.2,55.1,1725.0,Tomato,Silt,DAP
45.0,15.2,23.2,6.43,2.11,35.0,61.0,1670.0,Tomato,Loamy,DAP
22.6,50.8,35.4,6.28,2.04,18.2,46.5,559.0,Wheat,Loamy,NPK 20-10-10
31.8,53.0,55.2,7.92,0.83,28.1,42.7,784.0,Cassava,Clay,Organic Compost
41.7,48.1,14.6,7.97,0.49,37.6,75.1,469.0,Cassava,Loamy,Potash
46.3,21.7,47.5,5.66,2.58,23.4,77.7,1680.0,Maize,Loamy,NPK 20-10-10
21.5,25.3,29.5,5.51,2.32,36.3,82.9,412.0,Wheat,Sandy,Potash
34.3,45.9,9.7,7.3,1.84,35.0,82.8,1176.0,Wheat,Silt,Superphosphate
44.8,27.3,54.3,5.65,1.22,37.5,76.7,1807.0,Beans,Loamy,NPK 20-10-10
19.2,43.6,29.1,6.59,1.59,18.2,42.5,1386.0,Sorghum,Silt,Urea
16.0,25.1,40.3,4.9,1.63,32.0,62.9,1362.0,Cassava,Silt,Urea
17.8,14.6,43.2,7.83,1.92,37.5,78.9,862.0,Rice,Loamy,NPK 20-10-10
25.3,20.7,20.8,6.04,1.17,30.7,81.1,1701.0,Tomato,Sandy,NPK 15-15-15
32.7,32.8,53.9,8.09,2.45,20.2,55.9,1616.0,Millet,Clay,Organic Compost
20.7,41.1,21.3,5.54,1.85,20.7,79.2,1394.0,Sorghum,Clay,Organic Compost
51.3,35.8,50.2,6.03,1.71,37.1,46.8,820.0,Maize,Loamy,NPK 20-10-10
13.2,34.9,8.1,6.76,2.13,33.7,64.3,470.0,Cassava,Sandy,NPK 20-10-10
12.1,15.2,20.4,4.92,2.21,36.4,57.0,1878.0,Millet,Sandy,NPK 20-10-10
34.1,14.7,32.5,4.86,1.45,29.0,46.8,1580.0,Tomato,Sandy,DAP
44.4,25.7,28.4,5.17,2.49,33.5,69.1,1455.0,Cassava,Clay,Organic Compost
23.6,43.3,31.0,7.73,0.92,29.5,63.1,1589.0,Maize,Clay,Organic Compost
6.3,24.8,8.9,4.89,1.86,20.1,47.1,1103.0,Cassava,Sandy,NPK 20-10-10
19.6,24.8,37.7,7.56,1.17,30.6,74.3,885.0,Beans,Silt,Urea
23.5,25.7,36.6,5.09,0.93,26.9,88.3,1636.0,Tomato,Loamy,NPK 15-15-15
61.5,47.4,48.8,4.7,0.63,23.9,86.3,1857.0,Maize,Clay,Organic Compost
31.2,31.4,18.8,5.46,2.5,23.5,53.9,729.0,Tomato,Sandy,Potash
32.0,47.6,29.2,8.07,2.39,33.8,73.4,1809.0,Wheat,Silt,NPK 20-10-10
58.9,41.1,58.1,5.95,1.14,33.3,74.9,1104.0,Rice,Clay,Organic Compost
8.5,37.1,10.7,6.28,0.82,22.8,93.9,582.0,Sorghum,Silt,NPK 20-10-10
10.9,33.1,11.0,6.41,2.14,33.3,57.6,1743.0,Tomato,Sandy,NPK 20-10-10
47.4,35.3,34.9,6.24,0.83,31.8,49.1,408.0,Cassava,Clay,Organic Compost
31.6,29.9,13.8,5.41,0.45,29.9,56.1,1541.0,Wheat,Silt,Potash
20.9,33.4,33.6,5.73,2.5,21.3,54.9,1732.0,Maize,Clay,Organic Compost
30.7,10.2,41.9,6.7,1.45,24.1,64.4,1576.0,Cassava,Silt,DAP
52.4,28.9,57.9,6.26,1.41,25.2,68.4,941.0,Maize,Clay,Organic Compost
15.4,29.4,12.4,7.54,2.29,31.3,41.7,1298.0,Rice,Sandy,NPK 20-10-10
13.5,14.6,17.7,4.76,0.92,30.9,66.0,796.0,Maize,Sandy,NPK 15-15-15
17.6,20.6,24.8,6.43,0.55,35.1,88.3,909.0,Maize,Loamy,Urea
48.4,23.9,38.2,4.77,0.42,35.5,56.2,1113.0,Rice,Loamy,Potash
36.2,27.5,45.5,5.26,0.97,31.5,92.8,1608.0,Cassava,Clay,Organic Compost
41.4,19.6,39.1,6.25,2.35,25.2,91.4,1052.0,Beans,Silt,DAP
34.8,25.3,12.5,6.12,0.78,37.2,84.5,1583.0,Cassava,Loamy,Potash
14.7,11.1,21.6,7.5,0.81,18.1,46.9,1137.0,Wheat,Sandy,NPK 20-10-10
24.7,24.5,49.9,8.2,0.83,22.6,56.3,1656.0,Cassava,Clay,Organic Compost
35.5,52.3,13.5,5.08,1.24,27.8,46.3,1829.0,Sorghum,Loamy,Potash
47.5,29.5,43.8,7.23,1.19,31.1,92.4,1622.0,Beans,Silt,NPK 20-10-10
29.9,16.7,23.7,7.01,1.53,21.3,78.4,796.0,Rice,Sandy,DAP
38.7,17.0,26.8,7.79,1.4,35.9,67.1,686.0,Rice,Loamy,DAP
60.6,31.0,54.5,6.33,2.25,21.7,74.9,581.0,Maize,Clay,Organic Compost
38.0,47.6,40.1,7.38,1.91,20.6,82.5,1078.0,Rice,Clay,Organic Compost
37.8,54.3,58.9,7.97,1.94,19.6,64.3,709.0,Rice,Clay,Organic Compost
61.1,28.2,22.2,7.62,0.84,18.5,70.1,1951.0,Rice,Clay,Organic Compost
30.0,43.4,33.6,6.69,1.45,36.6,76.9,1492.0,Cassava,Clay,Organic Compost
25.5,33.7,20.3,4.99,1.22,20.6,52.7,1256.0,Maize,Loamy,NPK 15-15-15
46.0,12.7,54.9,6.41,1.45,31.0,66.1,1053.0,Rice,Loamy,DAP
56.2,41.1,55.1,5.05,1.56,27.0,57.9,1870.0,Beans,Clay,Organic Compost
24.1,16.3,27.7,4.9,2.28,18.6,85.0,1526.0,Beans,Sandy,DAP
14.0,31.0,10.8,6.04,0.97,20.5,54.3,1776.0,Millet,Sandy,NPK 20-10-10
29.4,22.3,13.1,6.33,0.49,18.1,73.3,664.0,Wheat,Loamy,Potash
38.4,24.1,37.6,5.85,0.62,24.2,40.4,1140.0,Beans,Silt,NPK 15-15-15
29.7,24.4,27.8,8.14,1.09,26.6,44.2,1663.0,Sorghum,Clay,Organic Compost
27.9,38.0,27.9,8.08,2.32,28.3,91.7,1698.0,Beans,Silt,NPK 15-15-15
20.2,21.2,20.6,7.47,2.42,24.4,75.3,1405.0,Cassava,Sandy,NPK 15-15-15
16.0,16.5,10.2,4.87,1.06,20.1,87.9,979.0,Sorghum,Silt,NPK 15-15-15
25.0,42.8,47.4,5.83,1.45,24.4,63.3,1329.0,Sorghum,Loamy,NPK 20-10-10
28.8,9.0,14.9,6.5,0.41,32.1,89.8,1607.0,Millet,Silt,Superphosphate
40.0,41.3,54.0,6.32,0.95,25.2,90.7,1412.0,Maize,Loamy,NPK 20-10-10
53.5,33.6,52.8,7.78,2.25,36.8,68.9,1589.0,Beans,Loamy,NPK 20-10-10
52.1,51.9,38.0,7.45,2.33,30.7,65.0,1765.0,Sorghum,Clay,Organic Compost
32.4,36.8,36.9,5.65,1.04,35.7,91.5,1043.0,Millet,Silt,NPK 15-15-15
19.2,43.5,14.0,4.92,2.47,28.4,54.7,1169.0,Millet,Loamy,NPK 20-10-10
27.0,28.7,35.6,6.82,2.43,25.8,88.1,1989.0,Cassava,Loamy,NPK 15-15-15
45.4,58.0,22.2,5.23,1.89,34.2,44.8,982.0,Rice,Clay,Organic Compost
25.5,19.3,30.9,6.49,2.4,22.8,41.5,1086.0,Rice,Sandy,DAP
30.4,20.1,40.5,6.45,1.51,21.6,94.7,1454.0,Sorghum,Silt,NPK 15-15-15
29.1,8.4,36.0,4.87,2.52,23.0,60.2,1282.0,Rice,Silt,DAP
40.9,39.8,46.1,6.24,1.58,35.5,55.5,793.0,Beans,Silt,Potash
36.9,19.6,13.5,4.66,1.47,21.9,83.6,1920.0,Tomato,Silt,Superphosphate
34.7,27.2,22.0,7.5,1.64,26.7,41.8,1429.0,Millet,Sandy,NPK 15-15-15
37.0,45.9,54.1,7.33,1.48,25.2,61.8,1853.0,Tomato,Clay,Organic Compost
28.2,61.2,38.8,7.21,2.0,33.5,83.4,463.0,Millet,Clay,Organic Compost
37.3,36.7,20.5,7.44,1.09,24.9,61.9,1591.0,Rice,Silt,NPK 15-15-15
32.6,18.0,41.0,7.73,1.5,23.8,60.9,1066.0,Beans,Silt,DAP
34.4,54.5,39.5,6.83,2.49,26.9,49.4,1280.0,Sorghum,Clay,Organic Compost
56.1,49.9,60.8,5.5,0.93,23.8,76.9,772.0,Millet,Clay,Superphosphate
14.4,11.7,15.8,5.09,0.48,24.1,58.6,1698.0,Beans,Sandy,NPK 15-15-15
50.9,53.1,58.6,6.34,0.63,18.8,50.3,1727.0,Tomato,Clay,Organic Compost
13.6,45.4,29.8,5.14,2.37,32.4,66.3,1144.0,Rice,Silt,Urea
55.0,45.7,39.6,7.04,2.59,18.2,41.3,1656.0,Maize,Loamy,Potash
20.1,14.6,11.9,7.37,0.78,21.2,64.3,591.0,Tomato,Sandy,Superphosphate
39.4,33.3,24.6,8.16,2.34,34.4,52.7,598.0,Beans,Silt,NPK 15-15-15
15.5,50.2,20.0,5.34,2.35,37.2,52.2,871.0,Maize,Loamy,NPK 20-10-10
47.3,38.6,48.3,7.39,0.65,26.7,87.2,1529.0,Beans,Clay,Organic Compost
25.0,12.9,15.3,5.66,2.59,21.7,85.6,1249.0,Millet,Sandy,Superphosphate
33.8,30.6,17.4,5.5,1.1,31.1,58.8,1096.0,Beans,Sandy,NPK 15-15-15
22.2,32.8,30.3,7.8,1.85,33.8,56.7,612.0,Wheat,Silt,NPK 15-15-15
30.0,33.3,13.5,7.32,1.36,24.0,63.7,1435.0,Beans,Sandy,Potash
26.2,15.0,12.5,6.84,2.07,32.3,91.8,572.0,Sorghum,Sandy,Superphosphate
47.1,14.7,19.6,7.36,1.18,31.6,94.9,1136.0,Tomato,Loamy,Superphosphate
44.1,20.5,46.6,6.41,2.13,30.0,52.5,1703.0,Maize,Loamy,Organic Compost
47.2,53.7,13.5,6.12,0.77,25.5,59.8,1356.0,Beans,Loamy,Potash
13.3,17.6,26.0,5.52,1.99,32.2,79.2,1480.0,Beans,Sandy,NPK 20-10-10
22.3,40.9,54.1,4.5,1.6,31.2,50.5,1041.0,Beans,Clay,Organic Compost
9.0,29.5,29.3,6.68,1.32,20.1,84.6,787.0,Wheat,Sandy,NPK 20-10-10
15.5,39.3,51.6,7.75,1.75,21.4,77.4,1466.0,Millet,Loamy,Urea
50.7,33.6,24.8,5.44,1.02,27.2,52.7,1228.0,Maize,Loamy,Potash
13.0,23.0,25.1,5.99,1.99,27.7,78.1,453.0,Maize,Silt,Urea
39.4,45.8,53.5,6.54,1.23,23.3,92.7,717.0,Wheat,Clay,Urea
32.2,14.6,5.1,7.34,1.06,18.4,65.1,1079.0,Wheat,Sandy,Superphosphate
38.5,31.5,8.6,4.58,2.34,21.7,61.9,566.0,Millet,Silt,Potash
29.9,47.7,35.4,7.42,1.72,23.1,84.5,1891.0,Maize,Clay,Organic Compost
39.1,40.8,13.3,4.6,1.05,19.6,60.1,1796.0,Tomato,Loamy,Potash
31.2,37.7,53.5,7.57,1.33,25.9,50.7,1961.0,Cassava,Clay,Organic Compost
30.5,15.5,26.1,7.94,0.56,22.8,52.0,776.0,Tomato,Loamy,DAP
51.6,48.9,38.9,6.57,1.52,31.8,78.6,1359.0,Tomato,Loamy,Potash
26.6,43.2,41.8,6.48,1.52,33.0,81.7,927.0,Rice,Clay,Organic Compost
24.8,31.0,52.2,7.45,0.95,35.4,60.7,1677.0,Cassava,Clay,Organic Compost
15.7,7.1,12.6,7.08,2.42,30.6,82.3,423.0,Rice,Sandy,NPK 15-15-15
37.3,40.7,22.2,5.15,0.52,32.6,84.0,574.0,Maize,Clay,Organic Compost
32.2,49.1,45.1,5.32,2.5,26.9,48.5,720.0,Tomato,Silt,NPK 20-10-10
26.7,32.1,20.6,7.63,0.65,29.6,72.2,402.0,Cassava,Silt,NPK 15-15-15
27.6,38.5,43.6,4.93,0.59,31.8,70.8,1487.0,Maize,Silt,NPK 15-15-15
14.5,17.1,18.0,6.04,2.07,34.6,62.1,1363.0,Millet,Silt,NPK 15-15-15
59.5,31.3,53.1,4.66,1.16,31.2,82.7,1347.0,Wheat,Clay,Organic Compost
38.6,27.0,27.6,6.78,1.84,25.9,61.9,683.0,Rice,Loamy,Superphosphate
54.9,52.2,61.7,6.98,0.91,31.5,85.6,1426.0,Cassava,Clay,Organic Compost
13.1,23.4,18.8,6.03,2.36,21.8,43.9,1643.0,Sorghum,Loamy,NPK 20-10-10
16.3,17.9,24.8,7.58,0.82,36.0,76.2,1581.0,Sorghum,Sandy,NPK 20-10-10
23.2,24.8,20.3,5.1,0.48,23.3,67.3,1467.0,Sorghum,Silt,NPK 15-15-15
24.9,38.1,48.0,7.25,1.11,36.6,83.7,1763.0,Beans,Clay,Organic Compost
59.2,57.9,54.8,7.8,2.42,32.9,51.0,1262.0,Sorghum,Clay,Organic Compost
33.3,34.1,54.8,6.17,0.69,32.2,59.9,798.0,Millet,Loamy,NPK 15-15-15
21.1,23.6,27.6,7.05,1.27,26.5,78.5,1976.0,Maize,Silt,NPK 15-15-15
41.4,16.9,42.4,5.81,0.64,18.5,41.8,1676.0,Wheat,Silt,DAP
51.6,36.0,59.2,7.75,1.17,33.5,85.1,1182.0,Maize,Clay,Organic Compost
49.5,38.1,40.5,7.87,0.85,37.4,68.5,1591.0,Wheat,Silt,NPK 20-10-10
27.5,27.0,14.7,5.65,1.82,36.0,42.3,427.0,Rice,Loamy,Potash
38.2,53.8,21.8,6.28,2.41,30.3,71.7,1893.0,Maize,Loamy,NPK 20-10-10
25.4,54.5,56.0,5.37,1.41,29.7,47.6,1758.0,Tomato,Clay,Organic Compost
27.8,13.8,26.5,7.24,1.08,23.1,85.3,1485.0,Wheat,Sandy,DAP
38.3,38.0,22.0,5.5,1.35,32.8,50.6,1799.0,Maize,Silt,NPK 15-15-15
18.7,43.8,36.1,6.95,2.54,19.1,48.2,527.0,Millet,Loamy,Urea
10.3,40.7,26.2,7.98,1.24,37.7,70.6,1984.0,Beans,Silt,Urea
41.7,28.5,21.0,6.27,2.32,32.6,49.6,1742.0,Wheat,Silt,Potash
18.3,14.8,41.1,5.45,0.61,25.3,87.7,1406.0,Tomato,Loamy,NPK 20-10-10
7.3,31.5,10.3,4.58,1.2,19.2,49.2,1582.0,Rice,Sandy,NPK 20-10-10
47.0,49.7,57.9,5.07,2.29,32.2,71.0,819.0,Tomato,Clay,Organic Compost
26.5,26.1,10.7,5.43,2.38,27.4,70.3,1934.0,Maize,Sandy,Potash
28.2,14.6,14.3,7.82,0.62,21.1,62.6,1677.0,Rice,Sandy,Superphosphate
37.7,38.7,50.5,7.71,1.11,32.2,78.6,1627.0,Wheat,Clay,Organic Compost
40.2,38.3,38.3,5.54,0.62,21.8,51.9,678.0,Sorghum,Loamy,Potash
13.1,34.9,20.3,5.77,1.99,27.4,41.6,1276.0,Maize,Sandy,NPK 20-10-10
10.2,19.5,10.8,5.61,1.91,22.6,62.9,517.0,Rice,Sandy,NPK 15-15-15
54.2,42.5,61.8,5.39,2.03,26.6,60.7,1570.0,Millet,Clay,Organic Compost
33.9,41.4,29.1,6.79,1.29,22.6,41.2,1881.0,Tomato,Clay,Superphosphate
10.7,19.8,10.8,7.22,0.89,21.7,51.9,876.0,Maize,Sandy,NPK 15-15-15
25.9,17.9,10.9,5.39,1.56,25.6,68.3,1700.0,Rice,Sandy,DAP
22.8,31.0,36.4,6.66,1.87,19.5,65.3,1612.0,Beans,Loamy,NPK 15-15-15
37.4,32.0,15.4,6.84,1.58,18.1,51.4,498.0,Sorghum,Loamy,Potash
55.4,59.8,61.0,5.34,1.49,35.8,77.8,878.0,Tomato,Clay,Organic Compost
26.9,34.1,34.9,6.37,0.74,30.4,75.4,1315.0,Sorghum,Sandy,NPK 15-15-15
42.4,59.7,55.2,5.96,1.66,29.3,68.1,493.0,Sorghum,Clay,Organic Compost
40.3,57.9,61.3,7.51,2.44,27.8,90.3,1896.0,Cassava,Clay,Organic Compost
26.4,39.8,50.9,6.36,2.16,33.4,51.2,612.0,Maize,Clay,Organic Compost
32.9,31.1,18.5,6.65,2.26,35.4,70.6,1955.0,Beans,Sandy,Potash
36.2,45.4,54.4,4.89,1.37,29.7,88.5,1545.0,Maize,Loamy,NPK 20-10-10
24.9,31.9,30.0,4.98,2.51,27.1,94.0,699.0,Maize,Sandy,NPK 15-15-15
9.9,49.7,20.7,4.8,2.29,26.6,71.7,1976.0,Wheat,Silt,Urea
41.7,42.6,20.4,6.52,1.21,19.0,57.1,1855.0,Tomato,Loamy,Potash
33.2,16.5,33.2,7.76,1.44,25.7,47.6,705.0,Beans,Sandy,DAP
16.2,29.0,13.9,6.07,0.67,23.4,83.1,1531.0,Tomato,Sandy,NPK 20-10-10
31.7,50.5,29.0,7.17,0.88,26.7,69.1,567.0,Cassava,Loamy,NPK 20-10-10
26.7,61.9,23.9,7.81,1.48,22.5,46.2,1519.0,Maize,Clay,Organic Compost
37.6,27.2,53.2,7.72,1.26,34.8,75.0,1243.0,Tomato,Clay,Organic Compost
25.3,50.5,60.7,6.38,0.52,19.4,65.7,1452.0,Sorghum,Clay,Organic Compost
26.9,9.4,18.1,7.22,0.68,26.9,46.1,956.0,Rice,Sandy,Superphosphate
5.7,9.0,13.8,7.81,2.04,30.3,48.4,1886.0,Wheat,Sandy,NPK 15-15-15
37.0,38.0,44.7,5.89,0.86,31.3,77.3,1108.0,Cassava,Clay,Organic Compost
18.7,29.0,22.7,7.91,1.98,33.6,65.2,678.0,Tomato,Sandy,NPK 20-10-10
32.3,23.5,18.6,5.0,1.27,30.0,91.2,1727.0,Tomato,Sandy,Potash
21.4,34.7,61.2,7.24,1.55,35.2,41.3,1932.0,Rice,Clay,Organic Compost
42.3,15.6,39.5,5.61,0.87,30.6,63.9,503.0,Wheat,Loamy,DAP
23.5,23.3,6.7,8.19,1.38,22.1,64.0,1365.0,Beans,Sandy,NPK 20-10-10
42.5,49.2,33.2,5.99,0.89,23.9,77.8,940.0,Maize,Clay,Organic Compost
38.3,36.1,29.5,6.84,1.81,18.3,58.6,791.0,Maize,Loamy,NPK 15-15-15
14.5,21.1,21.4,7.5,1.25,23.6,73.5,1565.0,Maize,Sandy,NPK 20-10-10
40.6,25.6,61.5,7.03,0.76,27.2,70.8,747.0,Sorghum,Clay,Organic Compost
29.8,61.6,59.8,5.48,1.37,35.9,62.3,1928.0,Tomato,Clay,Organic Compost
37.8,26.9,42.9,4.59,0.91,23.2,46.5,454.0,Tomato,Loamy,NPK 15-15-15
9.0,9.7,29.8,4.85,1.99,19.1,42.2,1108.0,Rice,Sandy,NPK 20-10-10
42.2,25.3,20.4,7.54,0.76,34.0,72.3,863.0,Sorghum,Loamy,Potash
22.7,34.4,14.5,7.98,0.85,20.3,69.3,1962.0,Maize,Sandy,Potash
19.2,30.5,29.4,7.04,1.75,28.4,92.6,1292.0,Millet,Sandy,NPK 20-10-10
47.7,43.4,48.7,5.79,1.33,21.9,87.0,1465.0,Beans,Clay,Organic Compost
49.8,23.0,22.9,8.05,1.84,36.7,74.3,794.0,Maize,Silt,Potash
33.0,42.5,19.2,5.98,2.25,36.8,57.8,676.0,Millet,Loamy,Urea
18.7,13.7,28.3,7.44,1.2,36.0,65.5,818.0,Wheat,Sandy,NPK 20-10-10
49.8,33.8,46.4,5.16,1.26,35.5,86.0,1795.0,Rice,Silt,NPK 20-10-10
16.7,14.6,20.6,7.15,1.54,22.6,84.4,1964.0,Cassava,Sandy,NPK 20-10-10
56.3,30.9,49.6,7.97,2.03,18.6,73.2,1646.0,Cassava,Clay,Organic Compost
13.0,41.7,28.5,8.04,1.31,34.4,42.0,1746.0,Sorghum,Silt,Urea
14.3,32.3,28.3,6.71,1.36,36.2,81.1,1067.0,Rice,Sandy,NPK 20-10-10
46.9,48.2,27.3,5.65,0.95,21.5,92.1,1614.0,Sorghum,Loamy,Potash
9.2,26.3,11.1,5.79,2.51,29.6,84.5,566.0,Tomato,Sandy,NPK 20-10-10
29.3,26.7,22.6,5.5,1.69,19.0,51.1,1229.0,Maize,Sandy,Organic Compost
26.4,34.5,56.1,8.01,0.76,22.6,86.6,676.0,Rice,Clay,Organic Compost
47.2,31.2,51.5,6.42,0.79,26.0,68.3,1994.0,Wheat,Clay,Organic Compost
43.3,29.2,56.9,7.59,0.68,29.8,78.3,803.0,Rice,Clay,Organic Compost
32.7,35.7,36.5,7.13,1.4,32.5,66.7,1461.0,Cassava,Loamy,NPK 15-15-15
27.7,20.7,10.6,6.39,0.42,25.8,60.4,1414.0,Sorghum,Silt,Potash
34.3,33.5,7.2,5.54,1.05,19.4,86.6,1833.0,Millet,Sandy,Potash
42.7,30.9,18.4,8.05,1.92,25.1,47.1,1678.0,Beans,Loamy,Potash
50.0,24.2,47.6,6.83,2.02,36.3,85.7,862.0,Sorghum,Silt,NPK 20-10-10
13.9,41.0,33.5,6.49,1.31,19.3,49.9,1610.0,Sorghum,Loamy,Urea
42.8,29.3,31.8,5.92,2.34,36.8,61.3,474.0,Tomato,Clay,Organic Compost
40.7,38.6,47.5,5.63,2.36,26.4,58.8,1877.0,Cassava,Clay,Organic Compost
14.5,38.0,31.6,6.48,0.58,21.3,61.8,1117.0,Wheat,Silt,Urea
43.5,39.3,38.3,6.56,0.84,30.1,48.7,1541.0,Sorghum,Loamy,Potash
56.2,35.7,24.2,7.8,1.2,26.1,56.3,1072.0,Sorghum,Clay,Organic Compost
26.6,20.4,27.9,7.64,0.53,29.8,42.4,893.0,Millet,Sandy,NPK 15-15-15
50.0,33.4,15.6,4.97,0.94,25.4,69.0,1433.0,Millet,Loamy,Potash
10.2,27.6,14.1,5.12,1.35,23.0,60.3,1718.0,Rice,Sandy,NPK 20-10-10
22.0,13.5,50.7,7.08,1.42,29.2,54.0,1046.0,Rice,Loamy,DAP
39.2,19.9,40.0,4.85,0.85,20.1,53.1,762.0,Millet,Silt,DAP
22.9,12.2,10.8,5.31,0.7,24.9,50.2,685.0,Maize,Silt,Superphosphate
8.5,37.6,35.7,6.66,1.92,28.2,91.0,653.0,Beans,Silt,Urea
58.2,40.5,61.0,6.93,1.94,34.4,80.4,1236.0,Tomato,Clay,Organic Compost
47.2,42.6,34.8,4.75,1.05,23.1,54.1,1475.0,Wheat,Silt,Potash
36.3,60.7,56.2,7.04,1.27,31.7,62.4,648.0,Tomato,Clay,Organic Compost
27.0,52.0,48.7,6.66,0.53,18.3,75.2,1702.0,Tomato,Loamy,NPK 20-10-10
18.2,21.1,39.0,6.3,0.62,28.0,87.8,1103.0,Wheat,Loamy,Urea
59.0,24.9,26.6,6.6,1.15,35.9,79.2,635.0,Sorghum,Clay,Organic Compost
28.7,18.8,35.3,7.82,0.48,25.5,91.5,1013.0,Tomato,Silt,Potash
26.0,8.5,11.6,6.59,1.91,21.1,65.1,1299.0,Beans,Sandy,Potash
32.6,31.4,14.7,7.71,1.79,37.6,93.1,1387.0,Rice,Sandy,Potash
34.8,29.1,39.8,4.83,2.24,37.3,51.5,1412.0,Rice,Loamy,NPK 15-15-15
33.1,20.4,13.1,6.24,1.47,23.1,83.3,1388.0,Sorghum,Sandy,Potash
28.0,31.3,34.7,5.72,2.2,36.6,68.8,1538.0,Cassava,Loamy,NPK 15-15-15
10.7,7.2,18.3,5.73,1.63,27.0,50.5,1026.0,Rice,Sandy,Urea
24.7,22.8,50.0,5.42,1.85,34.3,67.5,613.0,Maize,Clay,Organic Compost
47.1,44.7,29.3,5.5,1.96,29.3,48.0,1615.0,Cassava,Loamy,Potash
29.9,13.3,12.7,5.97,2.17,20.6,57.4,1455.0,Rice,Sandy,Organic Compost
40.0,29.9,31.4,5.42,1.57,28.9,62.8,1943.0,Wheat,Silt,NPK 20-10-10
20.9,52.2,30.3,5.08,0.6,24.5,90.6,1903.0,Wheat,Loamy,NPK 20-10-10
27.2,25.5,17.7,4.78,1.24,25.4,78.7,1031.0,Cassava,Silt,NPK 15-15-15
48.9,47.8,26.7,7.71,1.86,21.1,55.8,1958.0,Wheat,Clay,Organic Compost
42.0,28.6,53.3,7.44,2.16,30.3,78.2,914.0,Rice,Clay,Organic Compost
30.7,61.7,60.3,6.38,1.5,20.3,76.3,450.0,Rice,Clay,Organic Compost
45.5,48.7,48.9,7.46,1.04,18.9,63.4,876.0,Cassava,Silt,Organic Compost
57.4,35.7,35.9,7.31,1.7,23.1,77.2,1301.0,Maize,Clay,Organic Compost
32.6,11.4,17.4,5.52,1.58,37.5,57.0,1733.0,Cassava,Sandy,Superphosphate
28.2,34.6,33.6,6.74,0.73,20.4,54.7,1362.0,Maize,Sandy,NPK 15-15-15
41.1,15.6,46.0,4.72,0.98,34.3,50.1,752.0,Tomato,Silt,DAP
54.1,27.3,30.7,5.37,0.82,37.4,49.1,1595.0,Beans,Clay,NPK 20-10-10
22.6,29.7,58.9,6.86,1.83,24.0,79.8,1490.0,Beans,Clay,Organic Compost
31.0,33.8,34.9,6.31,0.47,22.6,50.8,881.0,Beans,Sandy,NPK 15-15-15
42.1,47.3,60.8,4.68,0.43,31.3,70.0,1172.0,Millet,Clay,Organic Compost
44.1,59.1,38.7,6.65,0.55,25.0,42.3,1316.0,Beans,Clay,Organic Compost
24.2,5.1,30.0,5.72,1.97,23.3,81.8,1884.0,Cassava,Sandy,Organic Compost
42.7,32.0,34.4,7.0,1.04,18.6,82.3,1400.0,Sorghum,Clay,Organic Compost
32.0,33.9,20.4,5.37,0.78,37.0,89.0,1585.0,Beans,Sandy,NPK 15-15-15
49.5,20.4,42.0,7.01,2.06,27.0,81.0,553.0,Cassava,Clay,Organic Compost
15.2,15.3,16.2,6.22,1.36,27.8,81.4,627.0,Rice,Sandy,NPK 15-15-15
5.8,23.2,31.3,5.63,1.28,22.2,47.9,1815.0,Wheat,Sandy,NPK 20-10-10
45.0,32.7,15.6,7.14,2.05,26.3,73.9,1175.0,Tomato,Silt,Potash
30.4,33.8,37.0,6.77,2.27,30.3,79.9,868.0,Tomato,Clay,Organic Compost
31.9,41.7,19.7,7.84,1.32,31.4,65.8,1572.0,Wheat,Loamy,Potash
51.8,40.4,32.3,7.0,0.97,33.4,62.6,1688.0,Wheat,Loamy,Potash
51.0,54.2,45.4,7.1,1.54,20.1,70.8,1301.0,Millet,Loamy,Organic Compost
45.1,39.9,56.8,5.36,0.78,29.0,65.3,658.0,Sorghum,Clay,Organic Compost
27.2,11.3,12.2,6.56,1.89,37.6,45.8,1274.0,Wheat,Sandy,Superphosphate
48.8,27.4,38.1,6.07,2.25,36.2,49.2,1596.0,Tomato,Silt,NPK 15-15-15
31.2,33.3,23.3,5.5,0.78,22.8,47.2,818.0,Maize,Silt,NPK 15-15-15
58.1,30.3,40.7,5.12,0.44,30.5,58.6,952.0,Maize,Clay,Organic Compost
29.2,15.7,24.0,6.63,2.59,20.9,57.8,1177.0,Millet,Loamy,DAP
28.8,26.7,14.2,7.36,1.66,21.4,55.7,925.0,Wheat,Sandy,Potash
24.8,29.6,20.3,5.8,0.55,33.9,44.1,882.0,Tomato,Sandy,NPK 15-15-15
7.1,23.2,9.1,7.3,2.01,33.0,43.5,1295.0,Millet,Sandy,NPK 20-10-10
49.6,11.8,33.0,5.11,1.52,28.4,65.1,1423.0,Cassava,Silt,DAP
60.3,28.0,61.7,5.63,0.48,26.7,53.5,1619.0,Millet,Clay,Organic Compost
28.7,56.8,41.7,5.7,2.04,35.1,64.3,691.0,Wheat,Clay,Organic Compost
20.8,16.4,17.3,7.99,2.48,28.2,78.1,1732.0,Sorghum,Loamy,Superphosphate
53.6,19.4,18.0,7.29,1.95,21.7,56.6,1496.0,Beans,Loamy,Superphosphate
55.2,40.5,48.0,6.88,0.6,26.5,64.2,1836.0,Maize,Clay,Organic Compost
43.5,33.7,8.7,5.91,2.35,25.2,77.2,1305.0,Millet,Silt,Potash
19.5,32.1,17.4,5.21,1.32,32.7,66.1,1571.0,Wheat,Sandy,NPK 20-10-10
49.2,34.8,39.4,7.01,2.03,25.0,74.5,1066.0,Beans,Loamy,Potash
37.1,21.1,51.2,6.66,0.7,23.2,73.6,1229.0,Rice,Clay,Organic Compost
48.3,15.3,38.4,5.87,1.08,36.9,87.5,694.0,Maize,Loamy,DAP
15.1,47.0,19.6,6.02,0.5,28.8,50.4,1090.0,Millet,Silt,NPK 20-10-10
34.7,16.5,33.6,5.57,1.9,33.4,88.4,1870.0,Maize,Silt,DAP
10.0,38.3,15.8,7.46,2.52,21.0,55.6,1239.0,Rice,Silt,NPK 20-10-10
11.5,31.7,25.4,5.07,0.41,33.3,40.9,1809.0,Cassava,Sandy,NPK 20-10-10
45.2,50.5,44.0,6.63,0.78,32.6,72.6,1127.0,Beans,Loamy,Organic Compost
25.0,13.2,25.2,6.23,2.29,28.5,90.0,1949.0,Rice,Silt,NPK 15-15-15
55.8,40.8,23.3,5.3,1.88,19.6,60.8,1795.0,Beans,Clay,Urea
25.3,14.6,8.4,4.88,2.53,31.5,60.7,1734.0,Tomato,Sandy,Superphosphate
28.3,52.1,37.2,6.88,0.91,33.5,84.1,1061.0,Rice,Clay,Organic Compost
30.8,26.2,45.9,6.4,2.12,23.8,52.4,1425.0,Tomato,Clay,Organic Compost
26.6,13.2,27.7,8.06,0.65,29.4,41.0,921.0,Cassava,Silt,DAP
11.4,27.0,11.3,5.88,2.09,23.2,64.9,1201.0,Sorghum,Silt,NPK 20-10-10
21.5,5.9,7.8,5.32,1.98,18.8,92.0,1084.0,Wheat,Sandy,Superphosphate
26.5,43.3,28.3,6.38,2.18,31.0,86.0,538.0,Rice,Loamy,NPK 20-10-10
38.1,37.3,43.1,7.62,0.91,20.1,44.1,653.0,Sorghum,Loamy,NPK 15-15-15
22.7,46.2,45.8,6.49,1.41,23.4,65.3,1057.0,Cassava,Silt,Urea
17.4,36.0,26.8,5.66,0.91,19.2,67.7,1001.0,Beans,Silt,DAP
53.9,40.6,55.2,6.28,0.77,28.4,57.2,1124.0,Millet,Clay,Organic Compost
11.5,8.9,31.5,4.56,2.4,19.2,81.4,870.0,Maize,Sandy,NPK 20-10-10
13.6,10.8,14.5,6.68,1.65,23.6,77.4,1631.0,Rice,Silt,NPK 15-15-15
23.7,48.9,47.6,7.93,1.74,30.4,91.0,1168.0,Cassava,Silt,NPK 20-10-10
55.4,22.4,24.7,7.76,1.06,31.9,46.5,673.0,Beans,Clay,Organic Compost
29.1,9.8,17.8,5.29,2.46,26.4,92.1,1775.0,Beans,Silt,Superphosphate
60.9,20.4,56.0,6.03,1.06,26.2,59.6,1503.0,Wheat,Clay,Organic Compost
34.7,29.4,51.6,7.8,1.76,37.3,60.6,541.0,Maize,Loamy,Superphosphate
44.1,27.3,8.5,6.46,1.71,27.0,86.1,1430.0,Cassava,Silt,Potash
25.7,48.1,24.0,6.97,1.31,20.0,74.6,1013.0,Maize,Loamy,NPK 20-10-10
21.7,28.6,49.4,6.23,1.43,18.0,56.7,1471.0,Tomato,Clay,Organic Compost
42.7,39.8,48.5,7.45,0.89,32.3,53.4,451.0,Wheat,Clay,Potash
19.8,13.3,11.6,5.05,0.48,24.9,85.3,1286.0,Wheat,Silt,Organic Compost
19.4,28.0,26.5,6.33,1.93,27.6,44.1,488.0,Millet,Loamy,Urea
40.3,51.3,35.3,4.77,1.97,21.2,76.6,1041.0,Millet,Loamy,Potash
16.8,22.8,10.1,4.89,1.23,34.1,83.1,1495.0,Wheat,Sandy,NPK 20-10-10
29.5,25.8,20.7,7.68,1.49,18.1,69.1,813.0,Cassava,Clay,Organic Compost
46.8,42.1,50.5,5.37,1.86,35.8,57.0,1679.0,Tomato,Loamy,Organic Compost
19.1,23.2,41.2,7.7,0.45,24.5,52.8,1075.0,Tomato,Loamy,Urea
29.8,33.6,29.7,7.05,0.64,18.5,85.5,1166.0,Sorghum,Silt,NPK 15-15-15
24.5,8.7,20.7,4.91,2.29,29.2,84.6,1554.0,Cassava,Sandy,DAP
9.2,31.7,31.5,7.77,2.58,29.9,68.2,1676.0,Maize,Sandy,NPK 20-10-10
54.1,44.2,36.3,6.93,2.41,21.2,57.1,1474.0,Millet,Clay,Organic Compost
37.4,15.7,30.6,7.79,1.2,25.6,59.7,980.0,Tomato,Loamy,DAP
31.6,38.1,31.0,7.73,0.79,20.5,62.4,1959.0,Millet,Loamy,NPK 15-15-15
36.4,32.4,60.2,6.08,1.96,34.2,76.2,772.0,Sorghum,Clay,Organic Compost
60.7,55.1,37.0,7.8,0.74,18.8,47.4,1813.0,Wheat,Clay,Organic Compost
10.6,17.5,19.9,5.37,2.17,37.2,56.0,1890.0,Wheat,Sandy,NPK 15-15-15
6.8,30.0,22.6,4.64,2.06,22.8,83.8,1402.0,Beans,Sandy,NPK 20-10-10
31.7,9.4,29.9,7.05,0.55,28.8,92.9,1876.0,Wheat,Sandy,DAP
9.6,27.7,9.8,4.74,1.26,37.3,57.0,1559.0,Rice,Sandy,NPK 20-10-10
37.0,50.9,42.8,4.95,1.29,18.0,53.3,1954.0,Sorghum,Loamy,NPK 20-10-10
5.7,31.4,31.7,6.92,0.66,35.5,89.5,722.0,Millet,Sandy,NPK 20-10-10
28.6,36.5,34.1,6.34,2.36,35.5,49.7,1282.0,Beans,Clay,Organic Compost
26.4,24.4,13.3,5.79,2.35,24.5,64.4,1957.0,Cassava,Sandy,Potash
20.8,34.4,35.0,6.02,0.48,25.3,67.9,1920.0,Tomato,Silt,NPK 15-15-15
14.0,20.7,18.5,4.52,2.46,36.1,90.8,1086.0,Wheat,Sandy,NPK 20-10-10
34.0,15.3,19.2,5.38,2.37,31.3,94.1,1306.0,Tomato,Loamy,DAP
50.8,24.0,20.5,6.39,2.18,28.2,42.1,1589.0,Rice,Loamy,NPK 15-15-15
45.9,28.8,38.8,4.52,1.02,30.4,55.6,476.0,Sorghum,Clay,Organic Compost
44.2,44.8,28.8,6.01,1.69,33.9,66.1,1992.0,Tomato,Silt,Potash
53.3,26.3,59.3,5.76,1.91,30.5,45.3,1555.0,Maize,Clay,Organic Compost
24.1,54.0,56.1,5.0,2.19,36.0,45.4,1996.0,Cassava,Clay,Superphosphate
48.2,22.2,23.2,7.61,1.96,30.0,75.4,1492.0,Wheat,Silt,DAP
19.8,19.6,48.2,5.96,1.48,19.8,87.9,416.0,Wheat,Loamy,Urea
41.3,22.7,40.6,4.69,1.15,27.6,74.4,1738.0,Beans,Silt,NPK 20-10-10
9.6,28.9,33.0,4.67,0.58,33.8,88.4,1437.0,Millet,Sandy,NPK 20-10-10
32.6,61.7,55.6,7.78,2.28,36.7,43.5,1854.0,Maize,Clay,Organic Compost
23.6,17.8,26.4,6.37,0.73,25.2,59.1,1479.0,Sorghum,Silt,DAP
45.7,40.7,22.4,6.36,1.43,19.5,89.2,546.0,Maize,Loamy,Potash
50.6,32.1,58.0,7.55,0.46,18.4,73.2,639.0,Tomato,Clay,NPK 15-15-15
39.2,12.5,33.1,5.08,2.17,18.6,60.4,781.0,Beans,Loamy,DAP
26.6,19.3,29.5,5.29,2.28,37.0,51.7,788.0,Wheat,Sandy,DAP
55.1,55.4,33.1,5.16,1.21,29.8,67.3,1579.0,Cassava,Clay,Organic Compost
12.4,26.4,8.7,4.95,1.13,36.0,60.9,838.0,Millet,Silt,NPK 20-10-10
32.7,24.4,25.0,5.19,1.2,21.4,75.4,1832.0,Tomato,Loamy,NPK 15-15-15
50.6,36.4,43.4,7.79,1.86,32.8,61.3,1901.0,Rice,Loamy,NPK 20-10-10
33.0,12.0,29.9,4.83,1.78,27.1,70.4,1438.0,Wheat,Silt,DAP
28.2,31.8,46.8,5.8,1.7,36.5,79.5,925.0,Maize,Silt,NPK 15-15-15
30.8,22.8,34.5,5.19,1.68,37.8,93.3,1382.0,Beans,Loamy,NPK 15-15-15
59.9,56.7,57.8,5.35,0.75,18.9,76.3,1894.0,Millet,Clay,Organic Compost
54.9,41.8,39.0,6.87,0.45,33.9,76.2,672.0,Millet,Clay,Organic Compost
28.6,30.1,12.6,7.51,0.8,25.9,67.1,1688.0,Sorghum,Sandy,Potash
43.7,49.7,53.0,5.49,0.78,28.0,89.6,905.0,Wheat,Loamy,Organic Compost
31.6,39.0,54.8,5.86,1.0,23.7,73.9,660.0,Beans,Loamy,NPK 15-15-15
30.7,43.5,30.2,7.4,2.51,32.8,75.4,413.0,Maize,Silt,NPK 20-10-10
34.0,52.9,25.8,5.09,2.22,37.8,82.9,621.0,Maize,Loamy,NPK 20-10-10
39.2,40.8,46.7,5.39,2.52,22.3,46.8,1726.0,Cassava,Loamy,NPK 20-10-10
14.6,6.4,10.8,7.32,0.89,37.9,83.2,1758.0,Cassava,Sandy,NPK 15-15-15
27.6,46.5,25.9,4.85,1.71,20.1,76.0,1996.0,Tomato,Silt,NPK 20-10-10
25.8,35.0,26.1,6.61,2.12,31.2,73.9,1097.0,Rice,Clay,Organic Compost
17.6,14.2,24.8,5.9,0.77,27.7,55.9,1574.0,Tomato,Sandy,Organic Compost
8.7,13.6,47.7,6.49,2.09,35.7,57.6,1275.0,Millet,Silt,NPK 20-10-10
30.1,52.9,38.1,7.73,0.58,27.3,49.9,1859.0,Maize,Loamy,NPK 20-10-10
10.6,16.4,21.4,7.39,0.95,34.3,83.4,1988.0,Wheat,Silt,NPK 20-10-10
45.3,24.6,41.6,7.65,0.45,20.5,73.0,1755.0,Wheat,Clay,Organic Compost
34.2,39.5,60.0,6.05,1.72,36.7,54.5,547.0,Sorghum,Clay,Organic Compost
48.6,44.4,33.0,6.24,1.46,21.3,64.9,1715.0,Beans,Silt,Potash
60.4,20.8,41.7,5.24,1.75,36.9,88.2,1787.0,Cassava,Clay,Organic Compost
19.8,31.3,20.7,7.49,1.42,32.0,88.0,880.0,Sorghum,Silt,Urea
59.9,26.8,48.6,6.11,1.03,21.2,72.2,935.0,Maize,Clay,Organic Compost
8.0,40.2,14.8,5.43,0.92,24.8,66.7,1700.0,Wheat,Silt,NPK 20-10-10
19.9,48.4,22.7,5.31,0.41,33.5,80.6,956.0,Millet,Loamy,NPK 20-10-10
12.2,27.3,43.3,5.4,1.24,31.2,77.0,1140.0,Millet,Silt,Urea
40.4,34.6,30.8,5.67,1.45,25.6,72.2,1410.0,Cassava,Clay,Organic Compost
43.6,16.2,44.7,6.38,2.31,37.4,52.7,1886.0,Sorghum,Loamy,DAP
19.2,15.6,29.0,4.58,1.59,19.5,54.0,1560.0,Tomato,Sandy,NPK 20-10-10
42.8,41.0,52.6,6.49,1.84,35.4,82.0,1632.0,Beans,Loamy,Organic Compost
35.2,37.4,30.9,5.19,0.95,27.9,51.2,1078.0,Sorghum,Silt,NPK 15-15-15
43.4,30.8,40.8,4.54,1.03,18.4,40.2,451.0,Rice,Silt,NPK 20-10-10
46.3,34.2,22.6,7.6,1.52,25.0,71.2,1476.0,Wheat,Loamy,Potash
22.9,25.2,44.1,6.86,2.53,33.8,68.2,1416.0,Beans,Silt,NPK 15-15-15
17.2,13.4,25.3,6.98,2.46,19.6,65.7,1038.0,Rice,Sandy,NPK 20-10-10
19.7,24.7,14.4,6.91,0.98,25.4,89.9,440.0,Wheat,Sandy,NPK 20-10-10
9.4,16.9,18.6,6.91,1.75,30.5,91.7,1028.0,Beans,Sandy,NPK 15-15-15
8.8,33.4,33.4,8.03,0.55,29.6,86.1,902.0,Beans,Sandy,NPK 20-10-10
25.4,55.8,61.2,4.76,0.67,29.8,44.7,1410.0,Maize,Clay,Organic Compost
51.8,24.8,32.7,7.49,0.59,23.7,74.2,796.0,Cassava,Clay,Organic Compost
19.3,26.3,8.8,7.12,1.18,35.2,44.9,1652.0,Millet,Silt,NPK 20-10-10
50.8,30.0,37.5,5.93,0.93,27.8,78.4,1166.0,Millet,Clay,Organic Compost
31.0,29.4,37.1,6.1,0.89,28.4,77.0,974.0,Tomato,Loamy,NPK 15-15-15
23.2,18.3,40.1,6.86,1.03,37.8,75.5,628.0,Rice,Silt,DAP
20.0,12.0,29.3,4.96,1.32,34.3,84.1,1408.0,Millet,Sandy,NPK 20-10-10
43.0,46.9,14.7,7.98,0.9,24.6,86.2,1050.0,Sorghum,Loamy,Potash
44.4,14.6,12.1,6.84,2.26,36.5,62.0,1576.0,Rice,Silt,Superphosphate
21.0,30.5,27.1,5.49,1.04,35.2,51.2,1711.0,Cassava,Clay,Organic Compost
43.2,25.7,12.8,7.13,1.73,27.2,89.4,1564.0,Rice,Loamy,Potash
49.7,54.3,39.3,7.34,1.51,22.7,90.2,1501.0,Wheat,Loamy,Potash
20.4,6.8,24.8,4.52,0.88,21.1,58.7,1853.0,Maize,Sandy,Potash
27.8,30.9,27.1,8.07,1.93,32.9,63.2,883.0,Maize,Sandy,NPK 15-15-15
24.5,28.2,23.8,7.21,0.74,24.5,70.9,426.0,Millet,Sandy,NPK 15-15-15
23.7,47.9,28.1,6.58,0.95,21.3,80.4,1021.0,Rice,Clay,Organic Compost
35.8,30.1,14.2,7.19,1.62,36.5,84.4,1314.0,Rice,Loamy,DAP
43.1,32.3,8.1,7.52,2.16,20.0,77.6,1242.0,Rice,Silt,Potash
30.5,20.6,28.8,7.89,0.87,31.5,83.4,1701.0,Maize,Clay,Organic Compost
61.5,42.2,22.7,4.6,2.18,36.1,68.8,995.0,Wheat,Clay,Organic Compost
57.8,30.8,28.0,5.65,0.54,25.8,79.3,1197.0,Wheat,Clay,Organic Compost
36.7,41.8,44.0,5.19,2.18,19.8,45.4,800.0,Rice,Clay,Organic Compost
5.2,19.2,15.4,5.08,1.84,30.8,46.7,768.0,Wheat,Sandy,NPK 15-15-15
45.0,26.5,53.5,6.18,1.24,36.9,80.5,1277.0,Beans,Loamy,NPK 20-10-10
18.6,26.9,30.1,8.14,0.59,20.2,63.9,671.0,Beans,Loamy,Urea
55.5,51.4,39.8,7.63,0.62,29.6,73.3,794.0,Maize,Clay,Potash
47.5,28.9,27.5,8.12,0.65,38.0,79.6,1407.0,Sorghum,Clay,Organic Compost
58.2,50.3,49.8,6.32,0.57,38.0,40.9,1193.0,Maize,Clay,Organic Compost
38.9,34.4,11.1,5.38,0.61,37.6,47.0,1948.0,Beans,Silt,Potash
32.1,42.9,34.6,7.34,2.01,23.2,91.4,1430.0,Tomato,Silt,NPK 20-10-10
30.4,45.0,41.5,5.62,1.91,18.0,58.3,1743.0,Maize,Silt,NPK 20-10-10
12.0,13.0,18.3,4.88,1.48,36.0,44.7,1792.0,Tomato,Loamy,NPK 15-15-15
24.5,20.3,45.9,7.18,1.07,19.1,49.3,1408.0,Cassava,Loamy,NPK 20-10-10
45.7,48.9,25.3,6.2,1.42,34.7,65.8,1051.0,Sorghum,Clay,Organic Compost
38.7,42.8,40.2,7.74,2.33,24.2,50.0,1882.0,Tomato,Loamy,NPK 20-10-10
19.9,33.9,8.7,6.68,1.49,18.1,50.6,646.0,Beans,Sandy,Urea
45.5,49.5,42.9,7.95,0.83,23.1,87.4,1167.0,Rice,Silt,Organic Compost
20.8,20.0,39.4,6.47,1.19,30.3,63.1,1160.0,Maize,Silt,DAP
59.9,40.4,60.4,7.64,2.36,33.3,73.2,1252.0,Rice,Clay,Organic Compost
21.2,13.5,44.1,4.96,1.68,20.8,43.7,1254.0,Cassava,Loamy,DAP
32.6,5.3,19.0,5.04,1.09,18.5,41.9,1541.0,Tomato,Sandy,Superphosphate
50.7,41.6,26.5,6.01,1.04,34.6,67.2,616.0,Beans,Loamy,Potash
17.1,22.8,33.9,5.47,1.12,18.5,60.5,1480.0,Beans,Sandy,NPK 20-10-10
17.1,50.3,48.1,5.2,2.46,32.3,83.1,1135.0,Maize,Loamy,Urea
40.1,60.6,26.4,5.81,2.02,29.4,63.8,1523.0,Sorghum,Clay,Organic Compost
21.4,34.0,30.9,7.45,1.84,27.9,41.0,667.0,Sorghum,Silt,NPK 15-15-15
53.3,60.3,45.2,7.2,1.77,26.6,73.5,1041.0,Cassava,Clay,Organic Compost
43.7,24.2,42.0,8.03,0.62,37.4,94.3,1297.0,Sorghum,Clay,Organic Compost
8.7,24.3,40.9,7.99,0.74,27.8,67.6,1008.0,Tomato,Silt,Urea
18.2,9.1,25.0,4.62,2.47,36.8,45.1,1281.0,Tomato,Sandy,NPK 20-10-10
28.1,48.7,17.7,6.45,0.65,24.0,86.8,1546.0,Beans,Silt,Potash
48.6,24.8,35.0,5.36,1.55,29.2,58.7,1209.0,Millet,Loamy,Potash
21.3,31.3,6.5,4.6,0.81,20.4,68.9,720.0,Millet,Sandy,Potash
20.3,26.4,18.2,8.06,0.84,28.3,53.9,1691.0,Maize,Sandy,Potash
50.1,43.4,42.4,5.84,0.45,36.3,83.7,616.0,Beans,Clay,Organic Compost
44.8,33.6,40.1,4.52,2.43,21.3,57.5,1915.0,Maize,Loamy,NPK 20-10-10
30.9,6.8,7.3,5.07,0.98,32.2,69.3,1082.0,Sorghum,Sandy,Superphosphate
23.6,36.7,52.2,6.25,2.55,35.1,83.5,1637.0,Maize,Clay,Organic Compost
37.4,28.0,20.4,7.51,1.22,33.8,94.1,1038.0,Beans,Loamy,NPK 15-15-15
32.4,40.1,25.4,6.3,1.58,23.5,41.3,745.0,Rice,Loamy,NPK 20-10-10
5.4,17.7,25.5,7.28,1.31,29.4,81.0,1823.0,Maize,Sandy,NPK 20-10-10
12.1,25.7,45.3,5.09,1.08,31.6,89.6,494.0,Tomato,Silt,Urea
56.2,57.3,52.6,7.92,2.51,36.5,68.2,1142.0,Rice,Clay,Organic Compost
47.4,25.3,59.6,5.34,0.59,22.7,42.7,666.0,Rice,Clay,Organic Compost
41.6,25.0,38.0,7.12,0.7,19.1,86.3,1521.0,Maize,Silt,Potash
14.9,6.7,11.9,7.3,1.26,28.9,47.5,548.0,Tomato,Sandy,NPK 15-15-15
55.6,52.1,26.7,4.76,0.9,35.0,68.4,1691.0,Cassava,Clay,Organic Compost
45.0,46.3,39.7,5.39,1.34,37.5,55.0,1560.0,Sorghum,Clay,Organic Compost
19.7,8.6,27.6,7.87,2.56,22.0,90.6,992.0,Sorghum,Sandy,NPK 20-10-10
22.7,38.6,32.8,8.07,0.98,35.6,65.3,615.0,Rice,Loamy,NPK 15-15-15
29.8,6.2,17.3,6.33,1.75,31.0,85.7,837.0,Millet,Sandy,Superphosphate
47.3,31.0,17.2,7.41,1.69,25.3,41.0,1652.0,Rice,Silt,Potash
13.0,13.1,25.1,5.59,1.08,25.5,93.9,1136.0,Maize,Sandy,NPK 20-10-10
42.9,50.0,54.6,6.3,1.41,24.6,82.9,1449.0,Cassava,Loamy,Organic Compost
11.2,25.8,12.6,5.79,0.55,22.4,50.7,1576.0,Sorghum,Sandy,NPK 20-10-10
36.3,57.4,57.1,6.73,1.85,33.9,79.8,760.0,Sorghum,Clay,Organic Compost
29.3,24.6,34.4,5.01,1.52,32.5,87.7,1765.0,Rice,Sandy,NPK 15-15-15
61.2,60.7,45.8,7.58,0.57,23.1,45.1,1209.0,Beans,Clay,Organic Compost
27.4,41.3,31.1,6.19,1.78,28.2,75.3,1684.0,Tomato,Silt,NPK 20-10-10
36.0,50.9,30.2,7.64,1.76,18.2,66.2,737.0,Cassava,Loamy,NPK 20-10-10
49.9,46.4,42.5,6.33,1.26,35.7,91.3,1623.0,Rice,Clay,Organic Compost
29.6,8.7,15.3,5.71,2.01,28.5,54.7,769.0,Beans,Sandy,Superphosphate
33.9,23.2,38.7,8.2,0.79,28.6,60.7,749.0,Tomato,Loamy,NPK 15-15-15
27.1,26.9,15.9,6.79,0.46,27.9,48.4,1476.0,Beans,Loamy,Potash
28.3,29.9,10.3,7.91,1.77,28.7,76.9,861.0,Wheat,Sandy,Potash
51.5,30.5,23.3,4.99,2.46,22.6,90.1,694.0,Sorghum,Loamy,Superphosphate
28.7,22.6,46.1,6.52,0.66,30.5,61.4,1486.0,Rice,Silt,NPK 15-15-15
44.2,35.4,38.2,5.99,1.39,18.6,53.6,1980.0,Beans,Clay,Organic Compost
49.1,41.3,8.1,7.88,2.51,30.6,83.4,932.0,Wheat,Silt,Potash
31.6,20.8,35.3,7.6,2.24,20.6,64.5,462.0,Tomato,Silt,NPK 15-15-15
32.9,23.5,17.0,7.21,0.86,19.8,44.8,1332.0,Rice,Sandy,Potash
39.9,9.6,22.8,6.92,2.22,36.9,74.8,1140.0,Rice,Silt,Urea
37.1,26.7,22.7,4.92,2.05,26.2,91.5,1127.0,Sorghum,Loamy,NPK 15-15-15
14.3,19.5,16.0,8.11,2.18,25.0,68.6,1253.0,Sorghum,Silt,NPK 15-15-15
15.5,7.6,32.6,5.99,2.0,36.4,57.0,541.0,Maize,Sandy,NPK 20-10-10
20.0,7.2,7.1,7.09,2.02,20.2,83.7,953.0,Rice,Sandy,Potash
43.4,40.2,32.7,5.53,1.32,25.6,61.5,1184.0,Maize,Loamy,Potash
20.2,13.4,33.3,6.06,1.88,19.8,59.0,689.0,Wheat,Silt,DAP
15.3,23.4,20.3,7.9,2.58,26.4,51.1,1197.0,Cassava,Silt,Urea
5.6,8.9,9.2,5.8,1.68,35.6,52.3,1634.0,Wheat,Sandy,NPK 15-15-15
39.9,21.2,51.5,7.95,0.63,21.9,51.6,1858.0,Maize,Loamy,NPK 15-15-15
24.4,37.0,19.6,7.48,1.88,18.4,53.0,1146.0,Millet,Loamy,Potash
16.6,32.8,10.8,7.67,2.39,30.5,93.2,1057.0,Millet,Sandy,NPK 20-10-10
31.5,43.8,56.8,8.03,1.67,35.1,84.0,1638.0,Wheat,Clay,Organic Compost
32.9,45.9,37.2,7.53,2.5,29.1,83.5,1297.0,Cassava,Loamy,NPK 20-10-10
33.8,29.5,27.6,5.72,1.47,35.3,91.5,1996.0,Cassava,Sandy,NPK 15-15-15
7.8,27.5,15.4,7.7,0.42,36.7,66.6,605.0,Tomato,Sandy,NPK 20-10-10
52.8,49.5,43.2,4.8,2.3,37.7,82.8,456.0,Tomato,Clay,Organic Compost
33.9,6.9,7.8,5.17,2.06,31.0,80.0,966.0,Maize,Sandy,Superphosphate
13.6,40.2,30.2,6.7,1.25,32.2,42.0,1186.0,Cassava,Silt,Urea
13.0,12.0,14.6,6.28,0.86,31.7,58.2,1074.0,Tomato,Sandy,NPK 15-15-15
49.5,47.6,51.8,6.44,1.21,22.0,64.0,1797.0,Cassava,Clay,Organic Compost
35.9,32.1,46.5,4.61,2.33,32.5,82.7,1006.0,Rice,Silt,NPK 15-15-15
41.1,14.8,17.5,5.52,2.31,23.8,63.4,1596.0,Wheat,Silt,Superphosphate
30.5,8.1,14.6,5.44,1.31,25.2,68.3,1059.0,Millet,Silt,Superphosphate
54.8,48.3,26.4,5.97,2.52,36.7,61.6,495.0,Wheat,Loamy,Potash
25.8,13.2,29.6,6.56,1.43,32.8,60.5,1087.0,Tomato,Sandy,DAP
53.8,36.2,25.8,5.56,1.57,20.4,72.3,1024.0,Tomato,Loamy,Potash
40.8,21.6,45.5,5.56,2.39,28.5,82.9,1762.0,Rice,Clay,Organic Compost
29.5,32.7,49.7,6.49,1.74,31.6,46.3,669.0,Millet,Clay,Organic Compost
54.3,49.1,28.7,4.76,1.26,25.4,82.2,1474.0,Tomato,Clay,Organic Compost
24.4,33.7,21.3,4.72,1.5,26.3,41.8,1554.0,Sorghum,Loamy,NPK 15-15-15
37.8,11.5,29.7,6.8,1.5,32.9,61.2,741.0,Wheat,Silt,DAP
18.5,32.3,20.7,6.24,1.7,33.6,86.9,1469.0,Maize,Loamy,Urea
37.8,40.4,42.6,7.28,2.39,27.5,92.4,1040.0,Sorghum,Silt,Superphosphate
5.4,9.7,16.2,6.81,0.76,29.5,76.5,1622.0,Maize,Sandy,NPK 15-15-15
61.9,57.3,35.7,4.61,1.56,35.3,85.2,1836.0,Beans,Clay,Organic Compost
19.0,13.6,18.5,5.24,0.54,27.1,83.1,407.0,Wheat,Loamy,NPK 15-15-15
26.4,20.9,40.1,7.71,2.02,18.7,77.0,1708.0,Sorghum,Clay,Organic Compost
28.7,16.6,45.9,5.33,2.25,32.0,52.1,1538.0,Millet,Silt,Potash
20.0,45.3,46.4,5.5,1.44,37.6,76.6,512.0,Rice,Silt,Urea
14.2,20.6,27.1,7.06,1.17,32.7,69.4,1631.0,Cassava,Sandy,NPK 20-10-10
16.8,15.6,25.9,6.56,1.25,28.7,78.7,1480.0,Cassava,Sandy,NPK 20-10-10
43.8,19.7,48.4,5.73,1.87,37.8,56.2,832.0,Millet,Loamy,DAP
37.9,52.9,22.1,5.17,0.54,34.3,45.9,1877.0,Beans,Clay,Organic Compost
25.2,30.1,9.2,6.22,1.7,20.0,94.0,407.0,Beans,Silt,Potash
40.9,30.0,61.4,5.2,1.65,20.3,43.1,1181.0,Sorghum,Clay,Organic Compost
24.6,12.7,52.4,5.28,1.66,18.3,45.3,672.0,Sorghum,Loamy,DAP
24.7,41.7,12.9,6.09,1.34,22.6,45.3,417.0,Sorghum,Silt,Superphosphate
29.0,30.8,31.2,5.21,1.5,25.8,94.4,473.0,Beans,Loamy,NPK 15-15-15
19.2,15.7,44.7,6.47,1.75,18.2,54.3,815.0,Millet,Silt,NPK 20-10-10
32.3,47.1,49.4,4.97,1.62,32.0,83.0,1872.0,Cassava,Silt,NPK 20-10-10
14.3,35.4,37.7,7.08,1.68,26.2,66.8,1948.0,Tomato,Loamy,Urea
38.1,31.1,29.8,6.49,2.16,20.4,90.1,1639.0,Millet,Loamy,NPK 15-15-15
8.2,9.3,8.1,4.88,2.51,31.2,85.1,1301.0,Wheat,Sandy,NPK 15-15-15
12.9,25.8,32.0,7.96,1.38,35.1,67.7,813.0,Beans,Sandy,NPK 20-10-10
30.8,21.3,24.4,7.64,2.34,35.5,70.5,1896.0,Cassava,Clay,Organic Compost
27.9,18.7,33.8,6.16,2.54,21.4,44.2,962.0,Cassava,Silt,DAP
43.5,35.1,47.0,6.18,0.86,25.9,55.7,1420.0,Beans,Clay,Organic Compost
23.6,26.3,16.1,6.3,1.19,25.5,64.5,873.0,Maize,Sandy,Potash
16.8,33.4,11.5,6.16,1.72,28.9,92.1,919.0,Millet,Sandy,NPK 20-10-10
33.0,41.1,41.4,4.54,2.08,32.4,72.2,907.0,Sorghum,Silt,NPK 20-10-10
12.7,14.2,26.3,7.9,1.48,35.6,61.0,1032.0,Tomato,Sandy,NPK 20-10-10
25.8,50.6,30.2,5.15,0.6,22.5,53.8,946.0,Wheat,Clay,Organic Compost
37.1,13.6,16.1,7.83,1.8,34.2,59.7,1324.0,Tomato,Silt,Superphosphate
42.6,22.0,27.6,4.99,1.8,33.8,62.6,1965.0,Rice,Silt,Potash
50.3,58.9,51.1,6.33,1.31,34.6,86.2,1342.0,Millet,Clay,Organic Compost
21.4,14.1,40.1,6.98,1.86,29.2,58.8,787.0,Cassava,Loamy,NPK 15-15-15
28.0,32.2,7.5,7.51,1.71,24.0,79.9,1983.0,Millet,Sandy,Potash
31.0,28.6,26.3,4.62,1.99,20.9,77.2,1791.0,Cassava,Clay,Organic Compost
25.2,38.6,27.6,5.88,1.65,30.9,52.0,764.0,Cassava,Clay,Organic Compost
39.6,35.9,40.3,4.98,2.37,22.2,76.8,755.0,Tomato,Loamy,NPK 15-15-15
39.1,26.0,33.5,6.71,1.98,28.0,67.9,1495.0,Cassava,Silt,NPK 15-15-15
14.2,38.4,24.3,7.61,0.59,27.2,49.2,1790.0,Wheat,Silt,Urea
24.4,53.5,31.8,6.7,0.77,25.0,46.3,1281.0,Cassava,Clay,DAP
25.5,34.4,20.0,5.44,2.26,33.2,75.4,1604.0,Beans,Silt,NPK 15-15-15
18.6,31.1,27.1,5.56,1.65,37.3,42.0,1082.0,Beans,Sandy,NPK 20-10-10
33.4,51.4,58.5,6.49,2.49,20.0,52.5,540.0,Maize,Clay,Organic Compost
20.6,31.3,41.4,6.87,1.78,30.1,94.3,1542.0,Tomato,Loamy,NPK 15-15-15
44.1,12.0,30.2,5.91,0.61,29.3,51.7,1331.0,Beans,Silt,DAP
33.5,28.0,29.1,4.92,2.47,18.7,86.4,447.0,Cassava,Sandy,NPK 15-15-15
43.7,50.7,40.7,7.19,1.04,37.5,62.4,1861.0,Maize,Loamy,Organic Compost
22.4,36.5,47.5,6.99,2.29,37.3,58.2,1262.0,Maize,Silt,NPK 15-15-15
53.5,31.0,49.7,6.44,2.24,28.2,72.3,690.0,Rice,Clay,Organic Compost
22.4,30.4,19.4,5.52,0.98,29.3,56.0,942.0,Cassava,Sandy,Potash
39.6,42.1,44.9,6.68,1.21,36.0,68.1,1731.0,Cassava,Clay,Organic Compost
27.2,10.3,34.1,6.62,0.63,26.4,79.2,509.0,Maize,Sandy,DAP
27.3,18.8,16.2,6.79,1.63,31.0,92.7,496.0,Beans,Loamy,Superphosphate
17.8,8.6,17.3,7.52,0.76,36.3,90.1,1221.0,Rice,Sandy,NPK 15-15-15
15.7,21.9,8.5,6.33,2.23,29.7,61.0,1462.0,Tomato,Sandy,NPK 20-10-10
26.2,18.7,53.1,6.52,0.69,30.2,67.5,495.0,Wheat,Loamy,DAP
12.2,53.3,18.8,4.5,1.34,20.8,71.4,898.0,Tomato,Loamy,NPK 20-10-10
26.3,29.8,24.7,7.6,0.83,20.6,88.5,693.0,Beans,Loamy,NPK 15-15-15
47.4,15.0,53.4,5.61,0.53,33.3,49.8,962.0,Sorghum,Loamy,DAP
20.7,33.0,30.1,6.56,2.0,25.1,62.2,836.0,Wheat,Loamy,NPK 15-15-15
22.4,10.2,26.5,4.66,0.53,23.7,64.1,1510.0,Wheat,Sandy,DAP
22.8,10.5,44.2,7.2,0.55,19.7,66.2,947.0,Beans,Silt,DAP
33.8,20.4,27.5,4.97,1.76,35.3,41.3,1264.0,Rice,Sandy,NPK 15-15-15
54.3,49.0,51.7,5.28,2.23,30.3,43.8,1780.0,Cassava,Clay,Superphosphate
5.4,7.7,5.5,7.76,0.5,25.5,51.9,947.0,Tomato,Sandy,NPK 15-15-15
40.3,45.2,38.2,5.72,0.81,28.6,59.6,1429.0,Maize,Silt,Organic Compost
32.6,39.4,61.1,5.3,0.66,22.2,59.3,1258.0,Tomato,Clay,Organic Compost
38.0,38.3,19.9,7.93,1.59,21.3,92.3,1210.0,Millet,Silt,Potash
12.0,10.6,13.0,6.64,1.04,18.8,61.3,775.0,Tomato,Sandy,NPK 15-15-15
15.4,22.5,24.1,6.29,2.21,22.4,48.7,402.0,Cassava,Loamy,Urea
36.1,37.0,9.9,6.05,2.53,23.5,69.1,1261.0,Maize,Silt,Potash
20.2,29.5,44.9,7.89,0.42,30.0,40.2,1397.0,Millet,Clay,Organic Compost
48.6,36.7,16.2,8.19,0.96,31.7,77.4,1760.0,Cassava,Silt,Potash
23.8,18.1,32.5,5.43,0.89,30.6,50.5,1728.0,Tomato,Sandy,DAP
41.3,50.1,41.7,4.85,1.14,33.0,89.9,1414.0,Cassava,Loamy,Organic Compost
28.1,26.2,10.3,4.58,1.76,28.2,53.5,1828.0,Cassava,Silt,Potash
45.9,48.1,48.1,7.44,1.41,30.5,87.2,1072.0,Tomato,Loamy,Organic Compost
31.7,13.9,35.7,5.89,0.9,25.2,78.6,1853.0,Rice,Silt,DAP
22.1,14.6,24.6,7.71,0.97,27.7,41.1,1914.0,Rice,Sandy,DAP
61.7,29.2,51.2,7.35,2.23,31.7,50.5,546.0,Rice,Clay,Organic Compost
36.9,42.9,21.1,6.32,1.3,28.7,60.6,521.0,Beans,Clay,Organic Compost
23.1,24.3,32.5,6.54,1.75,28.5,49.7,898.0,Beans,Sandy,NPK 15-15-15
20.8,47.6,15.8,6.87,1.94,24.1,49.2,1117.0,Cassava,Loamy,Potash
42.2,12.6,17.4,6.78,1.96,18.2,47.8,550.0,Beans,Silt,Superphosphate
47.6,11.8,29.3,5.88,1.28,19.4,55.9,804.0,Tomato,Silt,DAP
46.7,41.8,34.4,5.4,0.42,21.0,52.1,1961.0,Tomato,Clay,Organic Compost
38.2,40.8,37.8,6.89,0.88,37.5,81.6,775.0,Millet,Loamy,NPK 20-10-10
32.3,16.5,19.5,5.65,1.23,22.6,41.6,1066.0,Millet,Sandy,Superphosphate
42.0,33.7,39.5,7.45,1.46,29.1,49.5,412.0,Millet,Clay,Organic Compost
15.4,8.4,20.4,7.23,1.91,35.1,55.8,903.0,Maize,Sandy,NPK 20-10-10
55.0,45.7,27.6,8.04,1.11,30.8,54.0,1321.0,Cassava,Clay,Organic Compost
61.5,25.9,38.6,4.62,1.9,27.2,70.8,1518.0,Maize,Clay,Organic Compost
49.2,25.9,43.3,4.78,0.7,27.2,65.3,1209.0,Beans,Loamy,NPK 20-10-10
53.0,19.4,27.4,4.77,0.84,37.7,42.2,742.0,Tomato,Loamy,DAP
21.4,34.7,26.1,6.0,1.9,35.4,52.6,1547.0,Maize,Sandy,NPK 15-15-15
7.5,27.0,28.6,7.04,0.83,21.2,80.6,1436.0,Tomato,Sandy,NPK 20-10-10
21.9,45.1,44.2,6.43,2.04,24.2,51.9,602.0,Cassava,Loamy,NPK 20-10-10
30.9,57.1,30.5,7.03,1.56,22.2,70.6,1928.0,Tomato,Clay,Organic Compost
42.5,26.3,39.7,5.69,2.44,30.7,50.2,1988.0,Maize,Clay,Organic Compost
53.6,43.4,36.8,5.23,1.01,21.3,84.2,837.0,Rice,Clay,Organic Compost
54.8,46.0,46.4,8.0,2.15,27.0,43.3,733.0,Beans,Loamy,Organic Compost
33.8,22.5,43.2,5.8,0.97,30.2,55.2,1162.0,Maize,Clay,Organic Compost
48.7,15.5,47.3,7.65,2.52,34.6,70.4,512.0,Tomato,Loamy,DAP
33.7,10.3,21.2,8.19,0.43,18.9,54.8,760.0,Beans,Sandy,DAP
37.1,18.3,41.5,5.29,1.39,18.7,83.9,1403.0,Beans,Loamy,DAP
30.8,47.5,54.3,4.96,1.48,23.2,81.2,455.0,Millet,Loamy,NPK 20-10-10
36.4,55.2,26.2,7.9,2.14,25.8,47.2,1233.0,Cassava,Clay,Organic Compost
47.2,40.0,48.0,5.61,1.35,22.8,55.1,632.0,Wheat,Silt,Organic Compost
9.7,9.0,21.0,7.1,2.11,29.6,51.1,1317.0,Rice,Sandy,NPK 20-10-10
26.1,58.9,24.0,5.53,0.91,35.8,67.6,1931.0,Millet,Clay,Organic Compost
19.6,26.8,47.3,8.14,2.33,37.0,75.3,1173.0,Wheat,Loamy,Urea
14.5,20.8,11.8,4.83,1.09,31.3,73.8,1295.0,Millet,Silt,NPK 20-10-10
31.0,34.3,14.9,6.65,2.05,23.3,87.0,826.0,Cassava,Loamy,Potash
43.7,36.8,38.8,4.9,1.94,30.2,44.6,599.0,Rice,Loamy,Potash
45.6,19.6,24.6,6.56,1.78,28.0,59.2,1198.0,Millet,Silt,DAP
21.4,16.4,14.9,5.61,0.89,33.2,94.1,446.0,Cassava,Sandy,Superphosphate
26.7,28.7,40.5,5.8,1.48,36.0,71.1,1467.0,Beans,Loamy,NPK 15-15-15
45.4,46.5,41.9,4.95,2.2,18.4,72.8,1480.0,Millet,Silt,Organic Compost
43.9,50.5,20.1,5.01,1.79,22.6,50.7,726.0,Sorghum,Loamy,Potash
53.5,47.6,35.4,4.8,1.88,27.0,82.8,1190.0,Sorghum,Loamy,Potash
47.8,45.5,28.1,8.07,0.75,18.4,82.0,1361.0,Millet,Loamy,Potash
8.9,10.0,18.8,4.69,1.54,30.1,80.0,1914.0,Beans,Sandy,NPK 20-10-10
9.2,15.1,20.8,4.52,1.92,37.1,53.7,414.0,Wheat,Sandy,NPK 20-10-10
21.8,45.9,30.2,6.84,2.0,22.5,54.3,1379.0,Millet,Clay,Organic Compost
33.9,46.4,43.5,6.96,0.82,23.5,71.2,506.0,Beans,Loamy,NPK 15-15-15
25.7,30.1,33.9,7.09,1.53,27.6,81.0,1789.0,Sorghum,Sandy,NPK 15-15-15
40.5,28.0,24.1,5.6,0.52,22.0,80.2,675.0,Beans,Silt,Potash
14.2,32.7,21.6,4.88,0.53,28.5,54.3,1289.0,Sorghum,Loamy,Urea
5.8,8.4,28.9,6.16,1.77,35.5,51.7,1794.0,Cassava,Sandy,NPK 20-10-10
31.1,8.8,21.2,6.29,1.86,22.8,47.0,1958.0,Wheat,Sandy,DAP
25.4,44.9,26.2,5.18,2.49,18.6,50.3,1474.0,Cassava,Clay,Organic Compost
21.7,25.9,17.9,7.39,2.19,30.5,71.8,1706.0,Tomato,Sandy,NPK 20-10-10
13.4,17.3,47.9,4.51,1.08,21.1,71.4,1751.0,Sorghum,Silt,NPK 20-10-10
26.5,46.2,43.6,5.16,2.35,21.9,67.0,714.0,Millet,Silt,NPK 20-10-10
28.0,21.6,33.1,5.83,0.78,34.6,40.7,1687.0,Beans,Sandy,Organic Compost
25.7,22.5,16.7,4.51,2.1,27.1,48.9,531.0,Rice,Loamy,Potash
31.8,16.3,54.1,5.49,1.37,32.2,57.1,532.0,Tomato,Loamy,DAP
48.2,27.8,50.2,6.52,1.98,18.6,89.3,742.0,Maize,Loamy,NPK 20-10-10
60.3,34.5,29.3,8.05,2.18,31.3,62.5,1073.0,Millet,Clay,Organic Compost
51.8,45.2,60.7,6.57,1.02,33.6,94.2,1852.0,Tomato,Clay,Organic Compost
27.6,22.9,5.3,5.02,0.59,21.6,56.8,1948.0,Maize,Sandy,Potash
38.1,30.8,44.4,7.77,0.54,37.6,43.2,1572.0,Tomato,Loamy,NPK 15-15-15
9.5,11.2,6.2,4.98,0.53,19.1,70.9,523.0,Millet,Sandy,NPK 15-15-15
8.6,34.8,39.8,6.49,1.45,32.6,69.1,1215.0,Rice,Silt,Urea
35.5,37.5,53.6,6.52,1.91,19.5,45.2,1251.0,Beans,Clay,Organic Compost
48.3,39.9,40.8,7.59,0.96,24.6,46.5,1009.0,Millet,Silt,Urea
29.1,11.4,19.7,6.99,2.03,37.4,51.0,795.0,Millet,Sandy,Superphosphate
45.8,17.7,32.0,6.69,2.09,20.3,85.3,1761.0,Wheat,Loamy,DAP
56.6,52.3,44.3,7.49,2.55,30.7,53.3,797.0,Beans,Clay,Organic Compost
21.0,53.7,23.5,6.03,2.4,37.2,71.2,1920.0,Beans,Loamy,NPK 20-10-10
44.5,24.2,9.3,5.11,0.56,22.8,43.0,843.0,Millet,Silt,Potash
25.6,21.6,16.1,7.0,2.36,32.3,77.6,1973.0,Rice,Loamy,Potash
11.5,24.1,24.2,7.58,0.75,37.6,68.4,1873.0,Wheat,Sandy,NPK 20-10-10
22.7,17.3,19.1,7.79,1.23,21.7,60.0,1388.0,Rice,Silt,Superphosphate
31.2,12.2,33.1,4.67,1.83,31.3,48.6,1464.0,Wheat,Sandy,DAP
49.7,53.0,19.3,7.03,0.74,18.7,48.2,1415.0,Cassava,Loamy,Potash
48.0,40.1,14.8,5.27,1.71,24.7,40.0,439.0,Sorghum,Silt,Potash
40.1,44.8,53.7,7.6,1.18,28.7,51.9,1950.0,Sorghum,Loamy,Organic Compost
43.1,33.0,54.9,4.78,1.14,36.8,65.4,899.0,Rice,Loamy,NPK 20-10-10
7.8,12.8,14.3,5.41,1.24,24.7,80.2,1358.0,Tomato,Sandy,NPK 15-15-15
25.7,15.6,48.0,5.14,2.29,30.3,84.6,1822.0,Rice,Silt,DAP
31.2,47.7,20.2,5.9,2.29,29.6,54.3,1827.0,Sorghum,Clay,Potash
14.1,10.6,48.0,4.75,2.54,26.4,59.4,1440.0,Tomato,Silt,NPK 20-10-10
34.9,22.7,9.4,7.55,1.53,31.7,71.6,1383.0,Wheat,Silt,Potash
31.3,51.6,46.7,7.16,1.41,18.5,57.3,1464.0,Wheat,Loamy,NPK 20-10-10
29.7,14.5,20.9,6.36,0.66,20.3,51.6,1347.0,Rice,Silt,DAP
26.6,10.7,24.1,5.01,2.26,32.9,77.4,423.0,Maize,Sandy,DAP
21.0,28.3,24.0,7.53,1.96,33.1,56.4,1007.0,Tomato,Sandy,NPK 15-15-15
25.8,21.7,26.3,5.06,1.27,36.3,51.9,630.0,Tomato,Sandy,NPK 15-15-15
39.2,49.9,40.4,7.84,2.33,28.1,92.8,867.0,Tomato,Clay,Organic Compost
22.2,12.5,16.1,5.36,0.92,25.4,90.8,1736.0,Wheat,Sandy,Superphosphate
21.3,39.4,46.2,7.38,1.18,36.4,86.2,532.0,Rice,Clay,Organic Compost
51.7,39.1,29.7,6.11,1.64,34.9,86.0,1064.0,Rice,Loamy,Potash
17.5,12.3,29.8,6.79,1.35,31.2,87.4,717.0,Millet,Sandy,NPK 20-10-10
15.3,26.4,44.8,5.44,2.18,37.1,52.3,1055.0,Tomato,Loamy,Urea
32.7,37.3,45.5,7.37,1.54,35.6,91.3,1409.0,Millet,Loamy,Potash
31.8,21.7,26.0,5.82,1.5,34.0,88.2,584.0,Millet,Sandy,Urea
45.3,12.4,44.9,6.48,1.94,28.2,83.5,1099.0,Tomato,Loamy,DAP
31.1,25.0,51.3,7.18,0.83,32.8,53.9,1090.0,Tomato,Loamy,NPK 15-15-15
36.8,43.3,32.7,4.78,0.95,22.9,72.5,851.0,Sorghum,Clay,Organic Compost
13.0,27.2,25.0,7.02,1.35,24.3,72.5,1935.0,Tomato,Sandy,NPK 20-10-10
31.0,52.1,23.4,6.2,1.49,32.6,79.7,1583.0,Cassava,Loamy,NPK 20-10-10
26.5,56.6,33.6,4.91,0.68,27.9,63.4,1462.0,Beans,Clay,Organic Compost
24.8,50.5,45.0,7.72,0.45,36.2,87.4,1124.0,Wheat,Loamy,NPK 20-10-10
24.8,29.0,19.5,4.6,1.32,32.5,78.7,1178.0,Maize,Sandy,Potash
18.8,23.1,46.6,7.32,2.1,35.6,64.4,910.0,Tomato,Loamy,Urea
20.7,9.2,16.9,6.25,0.59,37.9,42.1,1871.0,Cassava,Sandy,Urea
35.6,20.4,21.9,5.8,2.15,20.9,53.3,1508.0,Millet,Loamy,NPK 15-15-15
14.6,36.0,21.9,6.76,1.0,37.6,72.5,1314.0,Cassava,Loamy,Urea
28.4,22.8,30.9,5.17,2.08,31.6,71.0,1787.0,Beans,Sandy,NPK 15-15-15
32.3,26.0,12.7,5.18,1.53,22.7,78.5,1748.0,Tomato,Sandy,Potash
51.4,61.5,28.3,6.21,1.81,33.3,90.2,1826.0,Beans,Clay,Organic Compost
42.9,17.7,53.3,7.26,2.22,36.1,49.8,1075.0,Cassava,Loamy,DAP
43.7,17.2,39.8,5.59,1.29,37.9,48.6,567.0,Millet,Loamy,DAP
26.8,23.4,37.6,6.84,0.74,34.1,86.5,1236.0,Millet,Clay,NPK 20-10-10
38.7,51.9,22.3,4.5,0.69,18.9,54.3,1047.0,Cassava,Clay,Organic Compost
15.5,32.9,22.3,7.56,1.46,19.9,50.3,1613.0,Cassava,Sandy,NPK 20-10-10
19.8,18.5,5.6,4.85,2.58,18.8,59.2,1505.0,Wheat,Sandy,NPK 15-15-15
13.4,49.6,17.8,5.26,1.56,35.4,62.8,870.0,Maize,Loamy,NPK 20-10-10
43.2,46.4,36.4,6.15,1.75,29.0,42.8,1031.0,Rice,Silt,Potash
15.8,29.6,27.7,7.94,2.58,18.8,64.1,1638.0,Tomato,Sandy,NPK 20-10-10
33.5,45.7,17.5,5.79,1.27,25.9,70.9,497.0,Beans,Silt,Potash
29.4,5.5,28.6,5.81,1.84,21.6,69.5,879.0,Tomato,Sandy,NPK 15-15-15
25.5,59.5,42.8,4.51,2.48,20.7,85.9,927.0,Tomato,Clay,Organic Compost
10.1,36.6,14.2,7.15,0.75,18.4,48.5,1401.0,Millet,Silt,NPK 20-10-10
27.4,29.7,31.2,6.45,0.9,31.2,47.8,1732.0,Beans,Sandy,NPK 15-15-15
43.4,12.7,48.9,8.02,1.74,32.2,42.0,1099.0,Maize,Silt,DAP
24.5,27.2,41.0,7.11,0.54,22.4,85.4,707.0,Wheat,Loamy,NPK 15-15-15
51.7,21.1,32.7,6.47,0.41,37.1,87.8,1436.0,Rice,Clay,Organic Compost
43.3,30.0,46.8,5.04,1.98,24.5,67.6,659.0,Rice,Clay,Organic Compost
18.7,35.0,15.1,4.81,1.55,24.4,88.3,736.0,Cassava,Sandy,NPK 20-10-10
27.9,37.0,40.7,6.43,1.27,29.7,79.4,1210.0,Tomato,Clay,Organic Compost
19.9,17.5,12.4,4.99,1.04,26.1,82.0,748.0,Millet,Sandy,NPK 15-15-15
26.7,33.7,39.7,5.17,0.65,29.3,62.7,1065.0,Wheat,Clay,Organic Compost
15.7,19.4,30.8,6.43,2.39,34.7,40.4,768.0,Maize,Silt,NPK 20-10-10
40.1,48.3,42.8,4.52,0.85,20.0,49.2,636.0,Maize,Clay,Organic Compost
22.8,23.5,59.9,5.07,0.96,29.5,50.3,716.0,Cassava,Clay,Superphosphate
30.2,45.3,33.0,5.47,1.44,27.6,61.9,1606.0,Tomato,Silt,NPK 20-10-10
35.6,23.0,61.5,6.33,0.51,30.2,83.0,1052.0,Maize,Clay,Organic Compost
12.0,22.9,23.9,7.48,2.36,36.8,46.9,1706.0,Sorghum,Sandy,NPK 20-10-10
58.8,56.1,52.5,4.71,0.79,36.4,94.0,844.0,Wheat,Clay,Organic Compost
15.3,37.6,53.7,5.6,2.03,28.5,55.8,1060.0,Beans,Loamy,Urea
42.7,58.9,24.9,8.04,1.61,25.8,44.2,874.0,Millet,Clay,Organic Compost
39.8,10.5,21.8,6.32,2.27,33.5,51.9,481.0,Cassava,Silt,DAP
11.8,18.5,42.5,5.99,2.59,33.1,54.6,412.0,Cassava,Silt,NPK 20-10-10
39.7,58.1,52.3,6.42,0.44,24.8,67.2,800.0,Maize,Clay,Organic Compost
28.6,52.7,45.5,5.23,1.57,31.9,64.7,884.0,Tomato,Clay,Organic Compost
12.7,22.1,39.8,5.33,2.52,21.3,81.2,1997.0,Rice,Loamy,Urea
24.4,46.1,61.5,8.1,1.31,34.4,85.5,924.0,Beans,Clay,Organic Compost
61.1,56.3,41.4,5.93,2.48,19.4,67.4,1179.0,Rice,Clay,Organic Compost
12.5,34.5,29.2,7.6,1.52,31.2,67.8,1484.0,Tomato,Sandy,NPK 20-10-10
33.5,32.4,17.6,8.11,2.34,18.8,42.3,1532.0,Beans,Sandy,Potash
20.0,21.2,18.4,4.76,0.88,34.3,44.0,1395.0,Wheat,Sandy,NPK 20-10-10
34.6,33.4,21.2,4.65,1.01,27.5,42.2,459.0,Millet,Sandy,NPK 15-15-15
32.4,47.2,24.4,4.68,1.59,25.2,89.6,1090.0,Rice,Silt,NPK 20-10-10
33.2,35.9,18.5,5.89,0.5,33.1,53.5,593.0,Tomato,Loamy,Potash
33.3,60.4,46.7,7.93,1.06,29.0,62.7,1061.0,Maize,Clay,Potash
31.1,30.5,8.2,4.57,0.62,30.8,53.2,1620.0,Rice,Sandy,NPK 15-15-15
21.9,56.4,58.6,6.48,1.03,29.3,57.1,1893.0,Tomato,Clay,Organic Compost
33.6,20.1,29.0,7.76,1.24,24.8,92.6,934.0,Millet,Silt,NPK 15-15-15
41.3,33.8,13.0,4.74,1.06,31.1,59.8,834.0,Sorghum,Silt,Potash
8.7,24.3,32.4,6.5,2.52,30.0,77.0,1666.0,Tomato,Sandy,NPK 20-10-10
33.8,13.0,27.1,7.35,0.49,26.3,48.0,681.0,Cassava,Silt,DAP
37.8,21.1,58.9,7.77,0.87,19.3,53.8,445.0,Millet,Clay,Organic Compost
21.3,30.6,29.3,6.01,1.74,26.8,74.3,642.0,Tomato,Sandy,NPK 15-15-15
27.0,37.4,50.5,5.97,2.56,24.0,92.1,710.0,Rice,Clay,Organic Compost
22.2,18.8,38.9,5.24,0.59,23.3,77.3,1086.0,Rice,Loamy,DAP
26.9,26.1,18.8,6.45,0.93,27.7,80.1,1634.0,Cassava,Sandy,Potash
19.6,27.2,25.7,7.28,0.76,24.4,54.6,1115.0,Rice,Sandy,NPK 20-10-10
43.9,44.4,46.6,5.51,0.9,22.3,82.9,556.0,Rice,Clay,Organic Compost
44.9,58.8,56.9,4.89,1.59,18.7,83.6,1000.0,Sorghum,Clay,Organic Compost
30.7,52.6,13.4,8.01,0.92,20.9,80.8,1236.0,Maize,Loamy,Potash
33.7,20.9,52.8,6.96,1.72,33.8,45.6,1786.0,Maize,Loamy,NPK 15-15-15
49.9,39.0,52.3,7.17,0.41,32.2,68.0,1743.0,Millet,Clay,Organic Compost
8.9,16.2,39.1,7.72,1.94,34.4,72.3,1210.0,Millet,Silt,NPK 20-10-10
17.6,13.3,8.7,6.74,0.98,27.3,47.5,1024.0,Rice,Sandy,NPK 15-15-15
20.7,29.0,19.6,4.66,1.93,19.0,61.7,1275.0,Maize,Sandy,Potash
16.6,35.9,27.7,7.34,2.47,28.7,55.8,1678.0,Millet,Silt,Urea
31.8,47.4,8.7,7.23,1.16,31.4,91.8,1446.0,Sorghum,Silt,Potash
15.2,32.1,26.1,4.91,2.0,32.0,45.0,478.0,Sorghum,Silt,Urea
31.8,18.0,7.5,7.61,0.67,30.7,62.7,1855.0,Rice,Sandy,Superphosphate
35.7,27.6,31.9,5.98,1.59,34.0,44.8,1106.0,Maize,Clay,Organic Compost
20.6,28.4,26.4,6.39,2.53,18.7,43.0,1084.0,Millet,Sandy,NPK 15-15-15
18.5,41.8,30.1,7.59,0.95,30.5,51.7,423.0,Wheat,Loamy,Urea
25.8,25.7,25.0,6.69,2.35,19.5,91.3,506.0,Cassava,Sandy,NPK 15-15-15
13.1,30.1,22.8,7.69,0.51,29.1,50.4,429.0,Beans,Sandy,NPK 20-10-10
38.9,38.5,41.6,6.24,1.16,33.4,76.7,720.0,Maize,Silt,NPK 15-15-15
52.7,30.4,46.2,7.22,2.58,26.7,88.0,1463.0,Beans,Clay,NPK 20-10-10
36.6,25.0,38.4,4.93,2.24,25.2,50.1,1363.0,Cassava,Clay,Organic Compost
45.6,45.0,22.6,6.37,1.22,36.4,45.1,1287.0,Beans,Silt,Potash
34.2,56.3,59.0,5.14,2.06,25.0,62.2,839.0,Millet,Clay,Organic Compost
27.2,28.4,16.9,4.52,0.55,23.5,92.5,1030.0,Maize,Sandy,Potash
15.3,21.8,30.6,6.77,0.65,33.4,89.7,1630.0,Beans,Sandy,NPK 20-10-10
33.7,18.4,46.3,4.98,2.22,25.2,77.1,1688.0,Millet,Silt,DAP
33.7,17.0,12.7,6.4,2.57,37.6,71.5,1635.0,Rice,Silt,Superphosphate
49.7,53.0,51.2,4.89,1.18,18.9,83.2,899.0,Rice,Clay,Organic Compost
20.0,34.9,50.5,5.56,1.66,37.5,46.5,829.0,Sorghum,Clay,Organic Compost
54.1,13.5,49.8,6.31,0.9,28.1,62.7,687.0,Sorghum,Loamy,DAP
35.7,15.6,15.8,5.73,1.96,37.6,40.7,1956.0,Maize,Loamy,Superphosphate
21.1,18.9,28.6,6.54,2.37,35.9,69.2,1318.0,Beans,Sandy,DAP
25.5,24.5,6.9,8.07,1.14,22.9,51.6,511.0,Tomato,Sandy,Potash
26.8,20.2,27.3,8.18,1.59,19.3,71.0,1361.0,Wheat,Clay,Organic Compost
40.3,18.1,21.4,8.18,1.31,21.0,51.9,1559.0,Maize,Loamy,DAP
26.1,21.8,32.5,4.91,1.4,18.7,93.4,1368.0,Maize,Loamy,NPK 15-15-15
27.0,15.9,9.5,6.48,1.01,19.9,59.0,1602.0,Wheat,Sandy,Superphosphate
25.1,45.0,41.9,7.0,1.66,27.9,66.1,1938.0,Sorghum,Clay,Organic Compost
24.6,5.6,5.6,5.68,2.06,36.5,77.6,1530.0,Millet,Sandy,Urea
7.6,33.4,9.3,4.62,1.64,20.3,41.6,1469.0,Beans,Sandy,NPK 20-10-10
30.4,32.6,14.8,6.13,1.8,35.7,63.0,1519.0,Maize,Silt,Potash
41.1,30.3,10.6,7.74,1.72,30.0,68.0,678.0,Tomato,Silt,Potash
24.1,14.3,40.0,6.19,1.94,18.9,67.7,518.0,Sorghum,Silt,DAP
27.0,48.9,21.7,6.06,2.02,28.5,76.2,1962.0,Sorghum,Silt,NPK 20-10-10
11.3,31.1,6.4,6.38,2.39,33.5,46.4,1585.0,Rice,Sandy,NPK 20-10-10
22.2,21.5,5.3,5.42,1.31,32.5,68.6,1764.0,Beans,Sandy,Organic Compost
40.3,33.6,29.2,4.76,1.93,36.1,84.5,1522.0,Tomato,Loamy,Potash
52.6,20.3,35.0,7.71,2.27,32.2,57.0,1677.0,Maize,Clay,Organic Compost
30.5,32.0,22.8,6.73,1.96,21.6,55.9,1520.0,Millet,Silt,NPK 15-15-15
8.9,22.1,29.0,5.38,1.82,26.6,76.5,451.0,Sorghum,Sandy,NPK 20-10-10
25.6,12.8,26.3,6.5,0.46,24.0,49.8,1955.0,Wheat,Silt,DAP
29.3,24.4,48.7,6.96,1.76,19.9,54.2,842.0,Sorghum,Loamy,NPK 15-15-15
37.0,33.8,23.0,5.92,0.52,25.3,93.2,1290.0,Rice,Clay,Organic Compost
32.0,8.8,45.8,6.64,1.48,32.3,51.0,435.0,Rice,Silt,DAP
12.5,51.9,45.9,4.92,2.37,19.4,84.2,1063.0,Beans,Loamy,Urea
8.0,32.2,9.3,7.98,0.6,21.4,43.2,1036.0,Millet,Sandy,NPK 20-10-10
54.8,42.2,41.4,5.71,1.83,36.2,59.5,970.0,Millet,Clay,Organic Compost
43.8,24.4,55.1,5.01,0.78,19.4,61.0,1612.0,Cassava,Clay,Organic Compost
12.1,26.8,25.6,7.02,1.38,29.3,43.4,800.0,Beans,Sandy,NPK 20-10-10
25.0,21.7,17.6,7.92,0.68,27.8,86.2,406.0,Sorghum,Loamy,Potash
9.4,10.5,22.7,5.13,1.81,36.3,52.6,740.0,Tomato,Sandy,Urea
36.7,40.5,27.7,5.7,0.71,31.6,61.6,1575.0,Wheat,Clay,Organic Compost
46.3,20.3,49.0,5.87,1.53,28.5,70.7,1524.0,Cassava,Clay,Organic Compost
7.5,12.0,10.7,6.72,1.73,34.6,68.7,1591.0,Cassava,Sandy,NPK 15-15-15
50.3,33.8,31.7,8.06,0.85,36.3,85.3,1806.0,Rice,Clay,Organic Compost
17.1,17.0,30.5,5.93,1.47,37.9,59.5,1716.0,Sorghum,Sandy,NPK 20-10-10
44.9,40.1,53.0,4.52,0.56,35.2,66.4,1210.0,Wheat,Clay,Organic Compost
46.4,29.7,17.1,8.14,2.36,28.4,74.5,1103.0,Beans,Silt,Potash
36.1,31.0,42.2,6.17,2.29,22.3,92.9,728.0,Tomato,Silt,NPK 15-15-15
7.8,10.0,26.9,5.64,2.16,21.1,61.2,1018.0,Sorghum,Sandy,NPK 20-10-10
36.2,33.8,20.6,6.78,1.44,25.5,51.6,1826.0,Cassava,Clay,Organic Compost
17.1,48.8,25.6,6.47,1.06,36.8,55.5,1568.0,Beans,Silt,DAP
39.8,47.0,52.3,6.35,0.88,25.9,80.2,834.0,Wheat,Clay,Organic Compost
59.1,45.3,39.7,7.5,2.15,19.9,56.9,1134.0,Beans,Clay,Organic Compost
15.6,9.3,8.6,5.46,0.55,28.2,48.4,508.0,Tomato,Sandy,NPK 15-15-15
50.6,54.3,37.5,7.45,0.75,32.0,70.2,1482.0,Cassava,Loamy,Potash
37.5,52.6,61.6,7.73,1.09,26.0,75.7,1261.0,Tomato,Clay,Organic Compost
46.2,21.0,13.4,7.0,1.7,36.1,80.8,1035.0,Tomato,Silt,Potash
34.6,20.6,46.3,4.6,2.46,21.4,60.6,1914.0,Beans,Clay,Organic Compost
12.4,49.4,48.8,5.92,2.03,32.7,45.5,776.0,Wheat,Silt,Urea
41.9,30.3,43.4,5.23,0.87,18.9,94.5,581.0,Rice,Clay,Organic Compost
14.1,28.8,15.1,6.81,1.59,35.3,85.1,749.0,Cassava,Sandy,NPK 20-10-10
51.5,53.4,43.7,6.16,1.04,35.3,90.4,556.0,Millet,Loamy,Organic Compost
12.5,16.5,14.3,7.15,0.57,30.3,72.0,1660.0,Rice,Sandy,Superphosphate
42.6,31.3,31.9,8.07,1.12,21.0,92.4,1695.0,Cassava,Loamy,Potash
30.6,54.8,46.4,6.29,2.44,34.2,47.1,1529.0,Wheat,Clay,Organic Compost
19.6,17.8,48.9,6.12,1.54,30.0,45.5,530.0,Beans,Silt,NPK 20-10-10
57.7,26.2,29.5,6.49,2.37,19.0,51.9,1548.0,Tomato,Clay,Organic Compost
5.5,31.0,22.4,7.59,2.52,32.6,41.7,1538.0,Sorghum,Sandy,NPK 20-10-10
31.4,27.1,58.8,7.44,1.94,33.3,73.1,1768.0,Millet,Clay,Organic Compost
22.8,29.3,30.1,8.11,2.08,22.7,52.7,1113.0,Cassava,Sandy,NPK 15-15-15
14.9,32.7,47.1,5.39,1.8,23.4,70.6,1522.0,Sorghum,Loamy,Urea
48.4,33.1,57.6,7.39,1.55,19.7,64.2,928.0,Beans,Clay,Organic Compost
58.7,26.2,51.1,6.8,1.87,34.9,60.6,1327.0,Cassava,Clay,Organic Compost
41.6,20.3,30.4,5.06,0.66,25.7,45.7,647.0,Rice,Clay,Organic Compost
52.6,51.6,49.6,7.06,0.99,21.6,92.2,1935.0,Wheat,Loamy,Organic Compost
20.2,26.2,42.9,5.17,1.45,33.9,84.0,1779.0,Maize,Clay,Organic Compost
46.3,44.4,62.0,5.52,0.56,25.8,68.5,1020.0,Wheat,Clay,Organic Compost
30.4,41.6,18.4,7.7,1.81,20.1,41.3,482.0,Millet,Loamy,NPK 20-10-10
52.5,17.7,24.2,7.7,1.51,26.5,66.0,562.0,Tomato,Loamy,DAP
35.0,20.0,47.8,5.97,0.71,37.3,76.6,1605.0,Beans,Silt,Urea
18.7,49.6,45.1,5.9,2.35,36.5,87.7,1052.0,Millet,Loamy,Urea
13.5,45.9,49.2,4.72,1.91,37.0,73.4,475.0,Wheat,Silt,Urea
47.5,19.7,22.7,7.45,2.16,36.9,86.1,1350.0,Sorghum,Silt,DAP
45.3,20.7,39.1,4.66,2.38,18.2,56.9,1992.0,Sorghum,Clay,Organic Compost
26.4,6.5,13.6,7.45,2.37,25.0,54.3,777.0,Millet,Sandy,Superphosphate
8.9,24.4,31.3,6.85,1.15,24.3,55.6,1397.0,Maize,Silt,Urea
31.8,53.2,33.4,6.85,1.94,21.5,60.9,604.0,Beans,Clay,Organic Compost
37.6,42.2,24.2,6.23,2.03,20.6,46.7,759.0,Beans,Loamy,NPK 20-10-10
14.7,12.4,13.8,5.25,1.21,21.9,44.8,619.0,Beans,Silt,NPK 15-15-15
44.1,19.6,25.1,8.13,0.59,26.8,56.3,412.0,Sorghum,Loamy,DAP
21.5,27.8,24.5,6.22,2.27,32.3,55.4,783.0,Sorghum,Silt,NPK 15-15-15
46.1,43.0,18.6,7.47,0.82,18.5,92.9,1618.0,Rice,Silt,Potash
11.2,39.1,48.2,7.53,1.35,24.9,89.1,866.0,Millet,Silt,Urea
8.8,12.1,20.6,4.99,1.24,36.1,45.2,1383.0,Maize,Sandy,NPK 20-10-10
40.6,56.8,36.9,6.38,0.69,27.8,46.3,1333.0,Tomato,Clay,Organic Compost
30.0,39.1,14.5,7.13,2.51,27.0,40.5,1366.0,Millet,Loamy,Potash
6.0,18.3,31.2,5.0,1.5,23.1,54.4,1429.0,Cassava,Sandy,NPK 20-10-10
31.7,23.0,38.6,6.66,2.03,33.1,87.5,450.0,Millet,Clay,Organic Compost
6.1,14.4,28.0,6.27,0.41,25.1,71.8,1807.0,Beans,Sandy,NPK 20-10-10
19.0,28.9,8.0,6.42,2.42,34.8,76.1,639.0,Beans,Sandy,NPK 20-10-10
14.8,14.9,30.4,4.58,1.26,22.8,41.5,747.0,Tomato,Sandy,NPK 20-10-10
38.3,39.8,56.9,6.33,1.81,30.9,68.4,888.0,Sorghum,Clay,Organic Compost
22.1,21.8,29.8,6.48,1.41,27.2,82.9,928.0,Cassava,Sandy,NPK 15-15-15
17.9,25.6,50.9,5.53,1.1,22.3,43.0,1166.0,Millet,Loamy,Urea
5.8,20.7,14.9,6.87,1.29,37.6,85.6,1521.0,Tomato,Sandy,NPK 20-10-10
38.6,53.4,58.1,8.2,1.72,31.6,62.0,414.0,Sorghum,Clay,Organic Compost
44.1,44.9,24.9,7.14,1.8,28.8,48.3,1321.0,Beans,Silt,Potash
33.3,26.8,12.8,6.22,1.64,32.5,48.1,1241.0,Tomato,Sandy,Potash
26.8,31.4,28.9,7.95,2.12,28.4,66.2,451.0,Wheat,Sandy,Potash
32.9,53.9,24.7,5.55,1.91,18.6,68.6,537.0,Millet,Clay,Organic Compost
38.2,21.5,43.2,5.62,1.66,19.8,45.3,710.0,Tomato,Loamy,NPK 15-15-15
25.0,56.9,43.3,6.8,1.03,19.1,93.3,486.0,Millet,Clay,Organic Compost
17.2,27.4,27.9,7.75,1.6,22.3,71.5,559.0,Rice,Sandy,NPK 20-10-10
30.6,56.3,61.0,4.78,0.85,27.5,42.1,549.0,Cassava,Clay,Organic Compost
30.4,37.8,20.9,7.5,2.23,25.9,51.1,1828.0,Rice,Clay,Organic Compost
16.8,21.2,12.5,6.16,1.91,26.2,77.7,1582.0,Maize,Sandy,NPK 20-10-10
27.7,49.4,54.4,4.85,2.37,36.8,76.8,578.0,Maize,Clay,Organic Compost
32.8,21.5,50.4,6.6,1.39,25.8,62.7,1125.0,Maize,Clay,Organic Compost
28.4,14.8,45.4,6.43,2.16,26.6,48.4,879.0,Tomato,Loamy,DAP
28.7,8.5,17.0,4.84,1.26,29.7,43.8,507.0,Maize,Sandy,Superphosphate
27.1,41.5,15.6,7.68,2.11,25.8,65.8,1036.0,Cassava,Loamy,Potash
40.9,25.0,45.5,8.14,1.01,26.9,70.1,1282.0,Millet,Loamy,NPK 20-10-10
26.7,33.3,26.8,6.73,0.91,20.0,74.9,1400.0,Cassava,Sandy,NPK 15-15-15
27.2,29.4,40.0,5.65,0.8,20.2,62.7,940.0,Tomato,Clay,Organic Compost
19.9,44.4,32.6,7.93,1.74,22.1,50.8,1948.0,Sorghum,Loamy,Urea
31.7,31.0,40.1,6.26,0.67,24.5,71.3,962.0,Wheat,Silt,NPK 15-15-15
22.4,50.2,42.8,6.67,0.69,26.2,94.7,1437.0,Wheat,Loamy,NPK 20-10-10
21.5,28.5,34.9,7.67,1.41,23.5,55.5,620.0,Tomato,Silt,NPK 15-15-15
28.0,17.4,30.8,8.01,0.57,32.2,44.7,515.0,Cassava,Sandy,DAP
40.5,42.8,39.5,6.63,2.12,33.5,87.9,1509.0,Beans,Loamy,Potash
19.7,8.2,29.4,7.88,2.57,23.0,45.3,578.0,Beans,Sandy,NPK 20-10-10
51.8,58.0,29.5,5.85,2.14,23.2,67.8,1110.0,Cassava,Clay,Organic Compost
24.4,40.4,60.3,5.79,2.03,36.6,53.2,530.0,Millet,Clay,Organic Compost
22.7,13.3,25.0,7.29,1.06,27.6,47.0,1517.0,Wheat,Silt,DAP
60.1,52.3,47.4,7.18,1.34,24.0,67.5,1720.0,Rice,Clay,Organic Compost
35.8,50.2,49.3,5.42,1.36,20.7,62.1,1620.0,Sorghum,Clay,Organic Compost
33.8,26.2,51.1,6.68,2.22,31.6,84.9,648.0,Tomato,Clay,Organic Compost
44.1,36.9,14.3,6.47,2.04,23.3,76.0,1745.0,Maize,Loamy,Superphosphate
25.3,31.3,46.3,6.67,2.15,30.6,71.7,1123.0,Maize,Clay,Organic Compost
9.7,34.9,7.4,4.78,2.13,20.0,62.3,1884.0,Sorghum,Sandy,NPK 20-10-10
22.8,37.5,32.9,4.93,0.75,34.1,59.0,1678.0,Rice,Loamy,NPK 15-15-15
33.7,26.0,38.2,4.96,2.28,32.9,55.8,1328.0,Sorghum,Loamy,NPK 15-15-15
15.9,29.0,5.0,7.04,0.87,31.9,64.1,432.0,Cassava,Sandy,NPK 20-10-10
14.4,26.1,19.9,4.63,1.83,37.4,52.2,1781.0,Sorghum,Sandy,NPK 20-10-10
43.4,31.0,46.1,6.85,0.41,20.5,59.4,1171.0,Wheat,Loamy,NPK 20-10-10
29.0,21.2,7.8,7.26,0.59,19.8,54.0,1876.0,Millet,Sandy,Potash
58.6,52.9,45.4,4.97,1.1,24.0,75.2,1341.0,Wheat,Clay,Organic Compost
20.6,30.4,8.8,7.19,2.59,33.0,64.3,1571.0,Maize,Sandy,Potash
12.5,17.7,16.6,4.62,1.97,23.3,79.7,1466.0,Millet,Loamy,NPK 15-15-15
25.1,13.2,51.1,5.64,0.61,18.1,73.6,1394.0,Wheat,Loamy,DAP
10.0,40.7,20.8,5.72,2.4,29.5,62.0,1921.0,Maize,Silt,Urea
11.9,6.3,17.2,7.57,2.55,32.0,90.9,1054.0,Wheat,Sandy,NPK 15-15-15
29.0,21.7,12.5,7.95,0.67,32.8,43.7,1243.0,Rice,Silt,Potash
15.3,37.5,37.9,5.65,1.23,18.9,56.3,1812.0,Rice,Loamy,Urea
41.1,46.5,15.5,6.69,1.78,21.9,41.7,1751.0,Cassava,Loamy,Potash
36.9,28.2,15.4,5.56,1.12,29.5,62.2,571.0,Wheat,Loamy,Potash
29.3,10.7,12.3,8.0,0.82,24.1,77.8,1667.0,Tomato,Silt,Superphosphate
61.7,24.4,54.7,5.51,2.46,35.4,81.9,1366.0,Cassava,Clay,Organic Compost
21.5,49.8,24.9,5.46,0.94,33.8,62.0,1255.0,Cassava,Clay,Organic Compost
41.5,28.2,49.0,6.16,2.56,22.9,61.8,1879.0,Maize,Clay,Organic Compost
8.7,17.3,22.6,5.44,0.82,28.6,49.7,1799.0,Cassava,Sandy,NPK 20-10-10
49.3,39.6,14.4,5.34,0.64,32.6,49.3,1543.0,Wheat,Silt,Potash
47.8,57.6,51.6,4.98,1.04,28.7,54.5,1209.0,Beans,Clay,Organic Compost
23.3,18.3,50.7,5.35,0.83,29.0,65.4,1017.0,Tomato,Loamy,DAP
14.9,29.8,43.0,5.91,2.59,22.7,67.3,1478.0,Cassava,Loamy,Urea
41.6,60.6,37.1,4.93,0.45,26.2,50.2,1736.0,Millet,Clay,Organic Compost
16.2,18.6,14.5,4.98,1.63,21.7,43.3,1759.0,Wheat,Sandy,NPK 15-15-15
21.8,44.6,24.7,4.77,1.41,29.1,63.8,1657.0,Cassava,Silt,NPK 20-10-10
11.1,38.3,47.0,6.55,2.33,31.8,40.8,1474.0,Tomato,Silt,Urea
25.2,9.6,20.3,8.15,2.47,31.7,60.2,1034.0,Sorghum,Silt,NPK 15-15-15
45.7,34.3,32.5,4.84,2.42,23.7,61.1,929.0,Maize,Loamy,Potash
39.0,37.7,14.9,8.09,1.97,35.7,48.8,1891.0,Sorghum,Loamy,Potash
21.0,30.6,55.2,5.9,1.89,32.6,82.7,1012.0,Sorghum,Clay,Organic Compost
30.1,17.7,12.0,5.77,2.16,30.3,47.5,598.0,Maize,Sandy,Superphosphate
11.3,27.5,14.7,4.75,1.33,29.4,73.1,494.0,Rice,Sandy,NPK 20-10-10
18.5,6.3,13.9,6.88,0.68,37.2,94.7,977.0,Maize,Sandy,NPK 15-15-15
19.2,28.7,54.2,4.97,1.67,30.0,49.2,1256.0,Tomato,Loamy,Urea
10.7,12.7,27.5,6.64,1.51,33.8,93.8,714.0,Wheat,Sandy,NPK 20-10-10
14.1,18.8,24.8,7.83,1.45,30.3,41.8,502.0,Maize,Silt,NPK 20-10-10
28.6,16.4,9.7,8.11,0.41,22.8,77.6,1901.0,Millet,Silt,Superphosphate
15.0,25.4,7.9,7.7,1.96,37.1,67.6,1820.0,Millet,Sandy,NPK 20-10-10
16.1,47.0,29.7,6.72,1.83,33.5,71.6,1392.0,Sorghum,Loamy,Urea
38.7,52.6,54.0,6.41,0.72,25.5,86.2,1867.0,Sorghum,Clay,Organic Compost
23.9,51.5,52.2,6.37,2.49,29.0,60.8,1696.0,Beans,Loamy,NPK 20-10-10
11.4,23.7,26.3,7.6,2.38,35.5,77.5,1864.0,Rice,Sandy,NPK 20-10-10
23.2,25.3,29.5,4.88,2.52,27.3,89.9,1163.0,Tomato,Clay,Organic Compost
33.5,6.0,25.9,8.02,2.13,34.6,56.5,1123.0,Maize,Sandy,DAP
12.4,45.5,53.0,7.09,2.18,28.3,50.5,1553.0,Cassava,Loamy,Urea
32.0,16.2,13.7,4.62,1.94,22.3,75.2,987.0,Cassava,Sandy,Superphosphate
12.1,28.8,9.6,5.02,1.34,24.5,94.3,1686.0,Beans,Sandy,NPK 20-10-10
50.0,45.4,24.2,7.44,2.28,36.3,91.7,572.0,Rice,Clay,Organic Compost
41.7,19.9,29.2,4.83,0.41,36.4,93.5,1871.0,Beans,Loamy,DAP
41.0,40.8,38.0,7.98,2.14,34.9,41.9,1059.0,Sorghum,Clay,Organic Compost
45.6,15.0,11.8,7.8,1.51,28.8,89.0,1600.0,Tomato,Silt,Superphosphate
34.1,26.9,33.7,6.63,0.46,24.9,65.2,1200.0,Rice,Silt,DAP
28.6,35.9,38.2,5.9,0.68,22.1,49.1,791.0,Tomato,Silt,NPK 15-15-15
19.3,41.3,14.7,7.87,1.65,29.8,55.7,1219.0,Cassava,Loamy,NPK 20-10-10
23.2,39.3,53.2,6.51,1.64,36.2,60.7,403.0,Tomato,Clay,Organic Compost
41.5,13.9,8.9,5.81,2.3,18.7,54.4,846.0,Millet,Silt,NPK 15-15-15
46.1,37.2,21.1,5.38,0.49,25.2,56.6,1867.0,Wheat,Silt,Potash
36.6,21.5,40.8,7.19,0.48,35.1,60.0,553.0,Cassava,Silt,NPK 15-15-15
7.1,15.6,31.9,6.98,1.57,28.1,73.5,1445.0,Tomato,Sandy,Potash
43.4,43.9,38.0,6.67,1.21,34.7,90.4,1754.0,Rice,Loamy,Potash
28.5,41.6,42.5,6.3,2.27,24.5,48.9,839.0,Wheat,Clay,Organic Compost
12.9,11.7,26.9,6.72,1.74,19.8,93.4,595.0,Maize,Silt,NPK 20-10-10
50.0,34.0,23.9,7.56,1.75,33.8,62.0,1861.0,Tomato,Loamy,Potash
47.6,27.0,16.2,6.93,1.84,27.8,54.3,1399.0,Beans,Silt,Potash
58.1,27.0,54.5,5.23,1.5,36.6,44.5,544.0,Wheat,Clay,Organic Compost
22.4,27.3,8.3,5.2,2.22,28.4,61.7,1491.0,Maize,Silt,Potash
34.8,28.2,21.6,6.45,2.26,30.0,58.7,1068.0,Millet,Sandy,NPK 15-15-15
40.0,29.1,27.5,7.86,1.19,33.1,85.9,1856.0,Sorghum,Loamy,Potash
21.7,47.6,8.5,6.61,1.52,35.6,51.9,540.0,Cassava,Silt,Potash
21.6,12.4,46.6,6.84,1.92,36.0,86.4,1123.0,Wheat,Silt,DAP
40.0,14.0,50.7,5.74,1.34,28.3,90.2,673.0,Sorghum,Loamy,DAP
61.7,38.5,36.7,7.96,1.86,21.3,49.7,1431.0,Rice,Clay,Organic Compost
38.8,59.5,51.4,6.57,0.83,24.7,94.8,1454.0,Maize,Clay,Organic Compost
7.7,16.1,11.9,7.82,2.02,27.9,62.4,1774.0,Millet,Sandy,NPK 15-15-15
55.8,56.0,30.2,5.22,1.99,20.9,74.2,1522.0,Beans,Clay,Organic Compost
29.5,32.9,26.2,6.05,2.59,27.0,46.4,692.0,Tomato,Sandy,NPK 15-15-15
45.5,12.6,29.5,7.75,0.66,29.5,91.4,515.0,Sorghum,Loamy,DAP
25.5,17.5,33.4,7.06,1.72,36.2,47.1,1654.0,Rice,Sandy,DAP
24.1,8.7,29.4,6.85,2.1,35.5,69.8,1931.0,Maize,Sandy,DAP
33.9,29.1,43.3,5.54,1.91,36.9,82.3,1072.0,Millet,Clay,Organic Compost
29.3,11.1,25.6,4.76,0.92,18.3,78.8,434.0,Wheat,Sandy,DAP
20.8,23.4,44.5,7.84,2.29,33.0,55.3,519.0,Millet,Silt,NPK 15-15-15
29.4,28.8,52.7,6.69,1.29,35.3,72.0,1872.0,Cassava,Clay,Organic Compost
11.1,23.4,15.5,4.62,0.96,27.8,53.6,575.0,Millet,Silt,NPK 20-10-10
15.7,53.3,32.5,7.47,0.78,27.2,44.9,1059.0,Beans,Loamy,Urea
20.6,13.6,27.0,6.86,1.44,27.5,67.1,943.0,Maize,Sandy,DAP
31.9,28.8,25.7,5.7,1.77,27.7,45.5,999.0,Wheat,Silt,NPK 15-15-15
34.9,28.8,26.7,5.54,1.24,19.4,94.7,1289.0,Cassava,Loamy,NPK 15-15-15
32.7,22.1,17.4,7.14,1.07,36.7,49.3,1733.0,Rice,Sandy,Potash
56.8,23.0,46.1,5.82,1.2,27.0,72.8,1386.0,Cassava,Clay,Organic Compost
12.5,24.0,8.1,6.07,2.55,37.8,68.5,796.0,Cassava,Sandy,NPK 20-10-10
21.8,61.5,33.7,5.98,1.53,35.6,84.0,729.0,Cassava,Clay,Organic Compost
50.0,25.8,42.6,7.6,0.83,28.8,76.8,1417.0,Millet,Clay,Organic Compost
43.2,28.8,34.0,6.04,0.43,28.2,94.7,1053.0,Maize,Clay,Organic Compost
29.6,27.2,44.2,6.87,1.28,25.7,70.1,805.0,Maize,Silt,NPK 15-15-15
41.6,43.0,55.6,5.43,2.39,28.7,80.0,1379.0,Maize,Clay,Organic Compost
5.3,16.7,33.2,6.17,2.22,35.4,58.3,1772.0,Tomato,Sandy,NPK 20-10-10
25.8,29.6,18.5,5.14,1.75,32.8,76.0,969.0,Wheat,Sandy,Potash
16.1,43.5,12.3,6.3,2.29,28.6,81.9,783.0,Sorghum,Silt,NPK 20-10-10
31.6,24.3,12.3,5.04,2.25,29.1,50.1,1177.0,Tomato,Sandy,Potash
58.6,42.9,30.5,7.76,2.6,35.7,81.1,1939.0,Wheat,Clay,Organic Compost
27.4,13.4,13.4,5.19,2.11,35.9,47.0,1753.0,Beans,Loamy,Superphosphate
26.9,6.2,12.9,6.46,2.4,20.1,59.2,1323.0,Wheat,Sandy,Superphosphate
32.2,48.2,38.5,5.25,1.68,24.3,78.7,855.0,Beans,Loamy,NPK 20-10-10
51.1,31.4,44.9,8.13,0.59,30.1,53.9,1680.0,Beans,Loamy,NPK 20-10-10
16.4,27.2,42.2,4.75,2.44,22.3,67.5,1575.0,Millet,Silt,Urea
34.2,37.2,40.5,6.06,1.06,21.7,91.6,1042.0,Sorghum,Loamy,NPK 15-15-15
44.3,34.7,20.2,7.81,2.45,35.6,70.9,997.0,Wheat,Loamy,Potash
23.4,11.8,18.9,6.62,2.01,19.8,87.7,1130.0,Cassava,Sandy,Superphosphate
10.0,31.5,29.1,8.18,1.26,20.5,40.8,1668.0,Beans,Sandy,NPK 20-10-10
61.5,38.6,29.7,7.29,1.0,28.6,48.7,1137.0,Maize,Clay,Organic Compost
35.3,33.4,61.7,7.57,1.62,36.9,51.6,1318.0,Millet,Clay,Organic Compost
14.2,29.3,9.2,5.06,2.01,19.4,42.8,1007.0,Sorghum,Sandy,NPK 20-10-10
51.1,43.9,50.0,4.68,1.09,37.3,63.5,756.0,Cassava,Clay,Organic Compost
40.1,29.4,47.6,5.27,1.74,33.1,75.9,545.0,Cassava,Clay,Organic Compost
13.7,23.8,35.5,7.59,2.4,32.0,48.1,1629.0,Cassava,Silt,Urea
28.8,15.0,20.8,7.72,0.6,33.2,45.4,868.0,Maize,Silt,DAP
41.0,25.6,44.2,8.11,1.32,18.6,86.7,839.0,Millet,Loamy,NPK 20-10-10
12.0,23.2,12.6,7.14,1.83,28.2,70.5,764.0,Rice,Sandy,Organic Compost
50.2,45.4,42.4,6.25,1.68,31.8,41.4,1078.0,Millet,Loamy,Organic Compost
39.5,23.3,39.0,8.1,2.43,34.6,86.9,1030.0,Maize,Silt,NPK 15-15-15
61.3,44.1,38.1,7.6,2.05,20.5,72.8,1348.0,Tomato,Clay,Organic Compost
23.1,31.1,15.8,4.71,1.23,28.7,85.8,1411.0,Beans,Sandy,Potash
34.9,9.2,11.2,6.81,1.94,25.9,41.8,1235.0,Cassava,Sandy,Superphosphate
15.3,9.1,18.2,7.32,0.5,28.0,67.3,403.0,Wheat,Sandy,NPK 15-15-15
47.1,34.9,20.1,7.92,1.28,23.2,61.1,1379.0,Wheat,Silt,Potash
32.6,33.7,10.9,7.88,0.63,37.1,54.3,825.0,Tomato,Sandy,Potash
47.6,17.4,30.9,7.86,1.8,30.1,94.7,436.0,Rice,Loamy,DAP
19.9,21.3,39.0,5.51,1.86,32.8,62.1,1258.0,Rice,Loamy,Urea
17.6,30.0,20.8,7.08,1.19,25.4,64.0,1418.0,Millet,Sandy,NPK 20-10-10
14.4,50.7,51.8,5.4,0.62,29.4,43.5,768.0,Millet,Loamy,Urea
20.4,52.1,19.8,5.07,0.76,36.6,88.3,453.0,Sorghum,Loamy,Potash
23.2,23.2,54.8,6.08,1.63,18.6,89.5,1971.0,Wheat,Clay,Organic Compost
25.4,34.0,19.5,5.38,1.19,30.8,66.0,527.0,Tomato,Sandy,Potash
32.6,34.5,33.1,6.46,0.63,26.7,64.6,1996.0,Millet,Loamy,Urea
48.4,31.8,24.5,6.48,1.05,29.0,77.9,1249.0,Wheat,Loamy,Potash
40.3,53.7,33.1,7.47,1.61,32.1,57.0,1947.0,Millet,Loamy,Potash
6.4,21.2,23.6,6.9,0.78,31.0,49.1,1608.0,Wheat,Sandy,NPK 20-10-10
16.0,16.0,26.6,8.19,1.56,26.0,56.2,1399.0,Tomato,Sandy,NPK 20-10-10
38.1,29.7,53.0,4.54,1.92,26.2,46.7,548.0,Wheat,Loamy,NPK 15-15-15
44.0,21.1,22.4,6.94,0.88,18.1,64.5,1245.0,Cassava,Silt,Potash
25.0,30.4,16.0,7.42,0.54,27.6,60.7,1146.0,Millet,Sandy,DAP
32.3,31.5,36.2,6.19,0.89,30.4,60.7,496.0,Rice,Clay,Organic Compost
23.2,29.0,12.4,6.58,1.45,35.0,80.1,611.0,Sorghum,Sandy,Potash
33.6,13.6,19.1,6.54,0.54,32.3,45.8,663.0,Maize,Sandy,Superphosphate
53.8,33.0,34.9,5.28,1.32,37.7,83.5,1516.0,Beans,Loamy,Potash
60.6,61.5,45.2,5.09,2.52,28.8,42.1,530.0,Millet,Clay,Organic Compost
47.5,47.7,32.3,8.13,0.73,19.9,41.7,1639.0,Millet,Silt,Potash
47.5,31.0,40.0,5.75,2.09,33.1,64.0,470.0,Millet,Silt,NPK 20-10-10
32.7,25.0,47.8,5.86,1.12,33.4,59.5,1114.0,Beans,Silt,NPK 15-15-15
25.9,12.7,49.0,6.45,2.27,30.4,51.0,981.0,Cassava,Loamy,DAP
43.0,46.7,51.6,5.51,2.34,27.1,76.4,749.0,Tomato,Clay,Organic Compost
15.5,31.3,24.9,6.96,1.24,36.1,92.0,813.0,Tomato,Sandy,NPK 20-10-10
24.3,32.5,60.1,6.29,2.49,25.6,69.0,1127.0,Beans,Clay,Organic Compost
49.2,59.7,33.8,8.18,1.96,20.6,62.7,798.0,Beans,Clay,Organic Compost
60.3,20.6,25.8,5.53,2.27,30.2,71.1,1357.0,Beans,Clay,Organic Compost
13.2,33.5,48.7,7.13,2.36,35.9,52.1,1497.0,Maize,Silt,Urea
47.4,31.4,54.5,5.33,1.22,31.5,70.6,592.0,Wheat,Clay,Organic Compost
61.5,49.1,20.4,7.25,1.81,26.2,52.5,665.0,Beans,Clay,NPK 15-15-15
41.8,42.1,45.5,6.7,1.54,21.1,41.5,1322.0,Maize,Clay,Organic Compost
30.5,16.9,19.7,6.95,1.53,30.2,47.1,1703.0,Wheat,Loamy,Superphosphate
32.0,32.1,45.5,4.91,0.56,20.0,94.7,1883.0,Tomato,Loamy,NPK 15-15-15
23.6,54.5,28.0,5.51,2.25,23.1,86.5,1658.0,Tomato,Clay,Organic Compost
27.1,40.1,47.7,7.27,2.3,37.7,78.0,1885.0,Cassava,Loamy,NPK 20-10-10
58.2,21.7,44.8,6.36,2.19,20.5,69.0,1202.0,Rice,Clay,Organic Compost
30.7,25.4,44.0,5.01,1.03,23.6,91.4,1809.0,Millet,Silt,NPK 15-15-15
27.7,32.0,30.7,5.45,0.69,36.2,75.2,632.0,Tomato,Silt,NPK 15-15-15
43.5,19.6,52.1,4.79,2.5,32.5,52.5,689.0,Cassava,Loamy,DAP
16.9,40.9,15.3,6.5,1.66,18.4,60.7,446.0,Cassava,Loamy,NPK 20-10-10
25.7,25.2,28.2,5.74,0.81,28.6,78.2,1608.0,Sorghum,Sandy,NPK 20-10-10
8.4,20.7,21.7,4.97,2.52,30.8,52.3,481.0,Millet,Sandy,NPK 20-10-10
15.9,23.1,39.6,6.05,1.15,26.5,67.8,695.0,Millet,Loamy,Urea
5.2,34.3,6.6,4.66,2.36,37.5,86.4,623.0,Wheat,Sandy,NPK 20-10-10
40.4,12.7,24.4,5.52,1.84,24.9,68.0,1402.0,Tomato,Silt,DAP
49.1,26.6,57.3,5.26,0.52,26.7,77.7,639.0,Beans,Clay,Organic Compost
46.0,49.7,41.8,6.14,2.26,26.4,64.3,1324.0,Wheat,Clay,Organic Compost
9.7,43.7,27.0,7.85,1.58,27.5,50.7,1151.0,Millet,Silt,Urea
50.1,32.9,49.3,7.66,2.49,25.2,51.7,1910.0,Beans,Loamy,NPK 20-10-10
37.3,23.6,28.6,5.58,1.61,28.3,69.9,522.0,Cassava,Clay,Organic Compost
50.3,30.5,27.1,6.51,1.78,19.6,80.8,620.0,Millet,Loamy,Potash
22.1,25.7,29.0,6.45,0.74,31.9,66.3,1342.0,Beans,Sandy,NPK 15-15-15
42.2,34.5,49.3,7.25,1.45,22.3,41.0,729.0,Sorghum,Loamy,NPK 20-10-10
40.8,26.0,13.3,6.12,2.13,24.8,89.6,1764.0,Beans,Loamy,Potash
29.2,16.7,25.8,5.33,0.85,36.9,70.2,515.0,Tomato,Sandy,DAP
55.5,57.6,24.8,4.73,0.67,31.4,69.3,1581.0,Sorghum,Clay,Organic Compost
23.1,26.3,42.4,6.71,2.48,20.9,91.6,752.0,Cassava,Loamy,NPK 15-15-15
13.9,11.0,11.5,6.62,2.12,32.9,85.6,1570.0,Rice,Sandy,NPK 15-15-15
34.6,17.3,19.3,6.64,0.42,21.6,64.5,1631.0,Millet,Sandy,Superphosphate
12.9,23.2,15.8,5.6,1.24,32.0,50.9,499.0,Tomato,Sandy,NPK 20-10-10
22.8,36.2,49.9,5.59,0.8,18.0,94.0,1227.0,Sorghum,Loamy,NPK 15-15-15
54.8,49.0,24.6,6.59,2.52,30.7,82.3,1851.0,Millet,Loamy,Potash
22.6,15.2,12.5,6.84,2.56,36.3,51.5,1748.0,Tomato,Sandy,Potash
60.3,45.3,46.5,5.94,1.99,22.9,41.9,1736.0,Millet,Clay,Organic Compost
30.8,13.9,18.9,4.87,0.87,30.7,71.4,1093.0,Tomato,Loamy,Superphosphate
41.4,37.8,41.9,5.34,0.97,24.0,80.8,1092.0,Millet,Loamy,NPK 20-10-10
24.1,14.5,42.3,6.27,1.76,30.0,44.3,1654.0,Wheat,Silt,DAP
19.8,38.4,37.4,7.88,0.66,36.2,88.8,876.0,Sorghum,Silt,Urea
12.1,24.2,6.5,4.86,1.85,37.0,41.9,437.0,Maize,Sandy,Superphosphate
19.2,25.8,17.5,8.19,1.46,36.8,75.7,1916.0,Wheat,Sandy,NPK 20-10-10
22.0,35.8,33.9,6.3,1.5,21.4,89.8,1127.0,Tomato,Silt,NPK 15-15-15
38.5,9.9,22.0,6.66,2.21,24.2,56.5,1579.0,Maize,Silt,DAP
53.2,57.5,34.9,5.11,1.69,21.8,54.6,1041.0,Maize,Clay,Organic Compost
20.0,18.4,37.0,5.63,1.93,32.9,79.3,1863.0,Rice,Silt,NPK 20-10-10
25.8,45.9,45.6,4.76,2.52,35.1,89.5,727.0,Maize,Loamy,NPK 20-10-10
15.8,11.8,9.2,7.72,1.57,30.0,54.4,1896.0,Maize,Sandy,NPK 15-15-15
25.8,22.0,37.6,7.58,2.53,19.4,58.4,1026.0,Wheat,Loamy,NPK 15-15-15
43.0,57.4,29.3,5.98,1.59,34.3,85.3,1775.0,Tomato,Clay,Organic Compost
50.5,60.1,32.0,5.23,0.45,31.3,70.0,616.0,Tomato,Clay,Organic Compost
18.1,12.0,23.2,4.69,0.44,23.2,55.9,567.0,Maize,Sandy,NPK 20-10-10
50.4,53.9,27.6,6.93,0.91,35.6,54.8,608.0,Beans,Clay,Organic Compost
11.0,15.2,24.8,4.93,1.03,35.2,55.1,670.0,Maize,Sandy,NPK 20-10-10
29.1,11.7,9.0,7.49,2.25,32.7,52.9,1243.0,Wheat,Sandy,Superphosphate
33.5,25.3,30.3,5.21,2.44,35.1,83.2,1906.0,Beans,Sandy,NPK 15-15-15
39.9,47.3,44.2,6.69,1.72,35.6,40.5,1549.0,Cassava,Loamy,NPK 20-10-10
28.6,42.1,25.4,6.94,2.08,30.5,70.5,949.0,Wheat,Clay,Organic Compost
38.3,9.0,29.4,7.22,1.51,29.8,90.1,1798.0,Rice,Silt,Organic Compost
23.7,30.6,13.0,5.02,1.71,27.4,54.2,1909.0,Sorghum,Sandy,Potash
14.5,20.6,17.0,5.96,0.58,29.2,62.5,1357.0,Wheat,Loamy,NPK 20-10-10
17.5,16.0,25.4,5.86,2.11,30.0,51.0,1064.0,Beans,Sandy,NPK 20-10-10
49.8,49.8,40.3,5.59,1.71,20.3,72.9,564.0,Sorghum,Clay,Organic Compost
19.8,45.7,43.2,7.2,1.14,28.5,72.2,1003.0,Tomato,Loamy,Urea
56.7,60.3,33.7,5.77,0.88,35.3,49.0,1678.0,Rice,Clay,Organic Compost
52.6,39.0,34.6,7.81,1.4,19.1,74.9,1453.0,Maize,Clay,Organic Compost
36.5,20.2,27.5,5.3,1.75,34.2,45.4,443.0,Maize,Silt,NPK 15-15-15
33.6,43.7,40.4,4.95,2.07,21.5,85.4,1623.0,Maize,Clay,Organic Compost
40.4,54.2,42.6,5.94,1.76,31.2,81.0,1150.0,Millet,Loamy,Organic Compost
60.5,33.0,21.6,5.24,2.44,33.8,64.2,1848.0,Maize,Clay,Organic Compost
8.9,18.3,20.4,5.04,0.65,25.8,52.8,1319.0,Rice,Sandy,NPK 20-10-10
20.6,47.1,52.5,6.31,1.67,37.2,82.2,934.0,Rice,Clay,Organic Compost
20.7,25.8,17.9,7.76,0.77,26.4,43.6,1529.0,Sorghum,Sandy,Potash
50.1,20.0,12.1,6.64,1.36,19.1,56.3,783.0,Cassava,Loamy,Potash
20.8,28.6,19.2,8.02,2.1,26.5,80.0,904.0,Millet,Silt,NPK 20-10-10
27.0,29.3,42.7,7.81,2.37,29.5,74.6,1252.0,Rice,Loamy,NPK 15-15-15
24.7,57.5,31.9,5.31,1.0,34.2,54.8,1375.0,Tomato,Clay,Organic Compost
44.8,61.9,33.1,5.79,0.84,27.3,86.1,738.0,Tomato,Clay,Organic Compost
53.8,49.0,58.0,6.43,1.9,19.0,61.7,1633.0,Maize,Clay,Organic Compost
14.2,15.6,24.4,4.79,1.77,36.3,45.2,805.0,Rice,Sandy,Superphosphate
43.4,51.8,27.8,5.05,0.46,24.5,68.2,1841.0,Sorghum,Loamy,Potash
40.2,56.4,56.2,7.67,1.28,24.9,51.4,765.0,Millet,Clay,Organic Compost
33.5,25.3,18.2,6.91,0.86,19.9,45.1,1761.0,Beans,Silt,Potash
19.9,25.7,29.8,7.74,0.76,22.3,48.3,1113.0,Beans,Sandy,NPK 20-10-10
23.2,48.5,42.3,7.18,1.92,18.8,44.6,1091.0,Tomato,Silt,NPK 20-10-10
30.1,46.1,25.8,7.94,2.46,19.1,73.9,633.0,Wheat,Loamy,NPK 20-10-10
11.1,47.4,49.8,6.98,1.18,23.0,63.8,688.0,Beans,Silt,Urea
5.6,14.0,25.3,5.15,1.13,18.6,46.2,761.0,Maize,Sandy,NPK 20-10-10
25.3,32.8,50.4,6.92,1.24,36.6,83.3,1371.0,Cassava,Clay,Organic Compost
29.8,35.4,54.6,8.02,0.65,37.6,81.5,1491.0,Tomato,Loamy,NPK 15-15-15
17.0,31.1,8.1,7.12,2.18,35.7,52.1,1487.0,Wheat,Sandy,Urea
19.5,23.7,30.5,6.37,1.52,27.3,73.0,1548.0,Millet,Sandy,NPK 20-10-10
15.4,18.0,8.0,7.28,1.55,18.0,74.7,942.0,Wheat,Sandy,NPK 15-15-15
20.1,23.6,38.5,7.27,1.73,18.3,72.5,1171.0,Rice,Clay,Organic Compost
50.2,46.5,46.2,6.0,0.43,21.8,86.4,1387.0,Maize,Clay,Organic Compost
11.2,22.6,34.0,4.96,2.43,19.5,77.4,882.0,Sorghum,Silt,Urea
15.0,18.9,33.8,6.75,0.41,33.5,59.9,841.0,Millet,Sandy,NPK 20-10-10
22.6,36.4,31.7,7.82,2.31,36.0,42.3,480.0,Beans,Clay,Organic Compost
12.7,18.9,37.8,6.99,2.13,19.3,82.2,1185.0,Rice,Silt,NPK 20-10-10
53.6,24.4,53.9,6.61,1.76,35.6,79.0,1334.0,Sorghum,Clay,Organic Compost
55.1,61.8,51.8,7.42,1.94,33.3,53.4,1078.0,Sorghum,Clay,Organic Compost
22.9,34.2,30.7,7.56,2.23,33.9,77.4,810.0,Sorghum,Sandy,NPK 15-15-15
50.4,24.7,43.0,5.68,1.95,35.1,40.9,583.0,Maize,Clay,Organic Compost
50.7,54.1,51.1,4.62,2.02,37.2,60.3,1536.0,Rice,Clay,Organic Compost
16.8,20.8,15.1,8.03,1.66,22.9,47.4,1800.0,Beans,Silt,Organic Compost
52.4,48.6,55.1,4.64,1.35,19.6,62.3,1297.0,Tomato,Clay,Organic Compost
58.7,33.0,49.4,7.14,2.51,19.7,73.9,1052.0,Cassava,Clay,Organic Compost
19.7,9.5,40.7,4.82,1.12,29.9,74.3,1466.0,Beans,Silt,NPK 20-10-10
25.8,25.8,41.4,5.92,2.41,28.2,64.9,1780.0,Tomato,Clay,Organic Compost
34.7,22.1,36.4,4.93,1.58,35.0,68.3,510.0,Wheat,Loamy,Potash
29.4,42.1,52.6,5.44,2.02,19.5,81.2,502.0,Millet,Clay,Organic Compost
31.7,21.0,30.3,6.65,2.18,29.0,64.7,1453.0,Maize,Sandy,NPK 15-15-15
51.0,15.1,51.4,5.17,1.9,34.5,53.3,580.0,Beans,Loamy,DAP
19.6,27.9,12.6,4.86,2.51,32.0,75.9,933.0,Cassava,Sandy,NPK 20-10-10
19.7,25.7,43.8,5.38,1.09,28.6,75.7,639.0,Rice,Loamy,Urea
15.4,7.4,34.2,7.06,0.62,25.3,44.4,1266.0,Cassava,Sandy,NPK 20-10-10
46.7,23.7,17.9,4.98,0.72,35.0,66.4,1678.0,Wheat,Silt,Potash
17.4,18.6,7.9,4.67,2.59,31.3,43.0,1636.0,Maize,Sandy,NPK 15-15-15
52.8,13.1,53.5,5.11,1.05,30.5,79.4,672.0,Millet,Loamy,DAP
33.7,33.4,27.2,8.09,2.16,37.6,45.7,521.0,Maize,Clay,Organic Compost
34.7,11.9,43.4,6.31,1.21,28.1,42.2,744.0,Sorghum,Silt,DAP
7.4,13.8,10.5,7.92,2.17,28.9,92.3,997.0,Sorghum,Sandy,NPK 15-15-15
48.5,50.7,31.9,5.16,0.82,23.8,52.3,1021.0,Cassava,Loamy,Potash
58.2,20.1,25.8,4.53,2.57,26.2,50.8,590.0,Wheat,Clay,Organic Compost
35.6,27.2,27.7,4.93,1.54,26.5,80.1,707.0,Beans,Loamy,NPK 15-15-15
43.9,33.4,46.0,7.61,2.42,25.6,89.7,1534.0,Sorghum,Loamy,NPK 20-10-10
5.6,21.8,28.4,8.16,1.35,37.8,49.4,1933.0,Sorghum,Sandy,NPK 20-10-10
32.1,49.3,9.9,6.02,2.33,21.3,71.3,1238.0,Tomato,Silt,Potash
30.9,49.1,43.0,6.95,0.84,23.5,70.2,405.0,Beans,Clay,Organic Compost
52.0,49.0,38.8,7.8,2.57,33.5,74.5,1119.0,Rice,Loamy,Potash
19.2,20.0,11.9,7.42,2.33,18.3,46.2,1986.0,Tomato,Sandy,NPK 20-10-10
40.2,41.9,24.6,5.01,1.67,25.6,83.9,1955.0,Tomato,Clay,Organic Compost
32.7,18.7,41.9,6.16,2.29,31.0,49.4,1058.0,Cassava,Loamy,DAP
27.1,40.8,19.5,7.85,1.67,33.4,61.8,1905.0,Millet,Loamy,Potash
21.5,13.2,30.0,7.4,1.49,24.0,86.9,1761.0,Rice,Sandy,DAP
13.6,15.5,33.3,7.22,0.56,27.2,61.8,770.0,Tomato,Sandy,NPK 20-10-10
25.5,48.5,17.7,5.89,1.8,24.7,62.5,1280.0,Rice,Loamy,Potash
24.7,43.9,47.4,5.71,0.98,30.0,62.8,1848.0,Millet,Clay,Organic Compost
50.7,50.5,29.9,7.29,2.26,23.1,76.0,1579.0,Wheat,Loamy,Potash
60.6,40.4,23.2,7.9,1.55,20.8,80.3,1499.0,Beans,Clay,Organic Compost
56.3,60.7,37.0,5.0,1.17,28.2,56.5,1378.0,Maize,Clay,NPK 15-15-15
40.9,20.7,34.6,5.85,1.26,32.2,86.4,1730.0,Maize,Silt,Potash
19.2,34.4,23.4,7.42,2.46,23.8,87.8,1584.0,Millet,Silt,Urea
33.4,28.5,23.5,7.14,0.89,27.9,88.9,1474.0,Maize,Clay,Organic Compost
29.0,52.8,23.3,5.02,2.46,23.6,48.3,744.0,Maize,Clay,Organic Compost
26.4,20.7,56.3,5.61,0.57,18.6,89.5,1237.0,Beans,Clay,Organic Compost
29.9,40.3,46.1,6.87,2.26,18.2,66.4,1366.0,Maize,Silt,NPK 20-10-10
25.7,32.0,54.6,4.6,1.73,19.4,72.6,804.0,Beans,Clay,Organic Compost
11.9,16.3,24.0,7.96,1.76,28.1,70.6,1155.0,Cassava,Sandy,NPK 20-10-10
33.2,45.9,28.8,4.9,1.81,33.9,82.9,803.0,Beans,Loamy,NPK 20-10-10
24.4,42.0,32.8,7.43,1.11,32.7,48.8,507.0,Tomato,Clay,Organic Compost
43.7,14.3,9.4,7.66,1.22,29.8,44.6,1852.0,Maize,Silt,Superphosphate
39.3,27.7,27.2,6.01,1.52,30.4,48.1,1607.0,Cassava,Loamy,NPK 15-15-15
10.5,18.4,21.8,6.9,2.14,28.3,88.4,1928.0,Tomato,Sandy,NPK 20-10-10
6.0,26.5,12.6,7.34,0.41,33.5,43.9,1807.0,Maize,Sandy,NPK 20-10-10
29.3,29.2,44.9,6.47,1.61,24.4,80.1,480.0,Rice,Silt,NPK 15-15-15
48.4,45.6,21.4,5.57,1.01,22.5,40.9,1723.0,Sorghum,Loamy,Potash
33.1,17.3,30.8,5.59,2.36,32.0,48.9,1523.0,Sorghum,Loamy,DAP
10.9,14.2,42.0,7.57,1.74,18.3,57.4,1041.0,Wheat,Silt,NPK 20-10-10
14.7,12.9,37.3,5.48,1.91,33.6,73.6,1984.0,Sorghum,Loamy,NPK 20-10-10
24.2,29.2,16.7,6.11,1.14,29.5,60.6,1981.0,Millet,Sandy,Potash
33.9,45.6,46.7,6.86,0.41,35.4,90.0,1795.0,Maize,Loamy,NPK 20-10-10
59.9,22.8,26.3,6.82,1.42,33.1,74.8,407.0,Wheat,Clay,Organic Compost
43.8,14.6,22.6,4.94,2.05,30.6,66.6,880.0,Millet,Silt,DAP
40.6,25.2,39.5,7.82,1.68,33.1,56.2,949.0,Millet,Clay,Organic Compost
15.1,30.6,24.5,7.59,1.24,22.2,44.6,804.0,Maize,Silt,Urea
23.6,30.7,12.6,6.24,0.77,22.4,60.4,1531.0,Tomato,Sandy,Potash
29.1,50.2,45.6,7.05,1.3,24.8,79.8,549.0,Maize,Loamy,NPK 20-10-10
38.8,36.4,14.6,6.05,0.82,34.0,90.2,903.0,Wheat,Loamy,Urea
41.5,23.0,11.3,8.11,1.49,25.1,82.7,1473.0,Tomato,Silt,Superphosphate
31.4,15.9,8.7,6.54,1.71,20.0,70.0,1091.0,Beans,Silt,Superphosphate
20.4,45.1,22.5,5.16,0.73,36.8,41.3,751.0,Beans,Silt,NPK 20-10-10
28.2,12.9,34.2,7.77,2.35,37.8,58.8,596.0,Tomato,Loamy,Potash
34.4,28.9,27.2,6.33,1.2,27.5,51.6,588.0,Millet,Silt,NPK 15-15-15
61.6,51.6,55.2,4.88,0.67,19.9,43.5,1596.0,Beans,Clay,Organic Compost
35.5,15.2,42.3,7.55,1.64,19.8,62.0,1278.0,Beans,Silt,DAP
44.7,18.5,49.9,4.93,2.23,20.6,81.8,1780.0,Maize,Silt,DAP
35.0,34.1,27.7,5.93,0.7,26.4,79.6,644.0,Wheat,Sandy,Organic Compost
37.1,47.8,29.9,5.68,2.4,37.7,41.1,929.0,Cassava,Silt,NPK 20-10-10
29.3,21.0,49.2,4.9,2.35,29.7,59.6,1694.0,Millet,Clay,Organic Compost
31.3,29.2,28.4,7.2,1.23,31.0,71.1,1942.0,Cassava,Sandy,NPK 15-15-15
27.2,25.4,27.7,6.65,2.49,23.6,93.3,1647.0,Maize,Silt,NPK 15-15-15
32.3,29.0,9.3,6.66,1.01,30.6,49.5,963.0,Sorghum,Sandy,Potash
22.3,43.3,46.8,6.87,2.39,33.8,42.4,536.0,Sorghum,Loamy,NPK 20-10-10
60.7,20.1,30.0,7.58,2.36,27.3,66.6,1766.0,Beans,Clay,Organic Compost
59.8,31.0,31.5,7.97,1.33,18.3,67.6,1387.0,Rice,Clay,Organic Compost
17.8,13.0,18.5,6.48,2.28,28.6,86.7,503.0,Sorghum,Silt,NPK 15-15-15
53.7,45.6,53.0,5.75,2.45,34.3,90.4,820.0,Cassava,Clay,DAP
40.7,52.7,24.1,6.7,0.84,28.3,48.7,1860.0,Sorghum,Clay,Organic Compost
5.2,9.7,20.0,4.65,1.59,21.7,80.0,1789.0,Sorghum,Sandy,NPK 15-15-15
40.8,24.7,37.2,7.61,0.49,23.0,85.5,1049.0,Wheat,Clay,Organic Compost
26.5,53.1,27.5,8.06,2.13,23.5,94.1,583.0,Beans,Clay,Organic Compost
10.2,21.4,5.4,6.62,1.68,26.2,85.3,1889.0,Tomato,Sandy,NPK 20-10-10
14.1,49.9,44.0,8.01,2.11,24.5,52.2,1218.0,Tomato,Silt,Organic Compost
50.6,46.3,30.4,7.21,1.08,23.0,63.0,653.0,Wheat,Clay,Organic Compost
12.9,24.9,32.1,7.57,0.8,24.5,41.6,520.0,Sorghum,Loamy,Urea
44.2,44.8,51.3,7.86,0.62,20.2,67.3,1343.0,Sorghum,Loamy,Organic Compost
54.2,33.9,52.2,8.16,1.38,20.7,57.9,974.0,Wheat,Loamy,NPK 20-10-10
19.3,12.9,47.7,6.57,2.05,24.6,48.7,823.0,Tomato,Loamy,Organic Compost
16.3,31.9,46.4,4.68,2.37,20.5,76.1,785.0,Cassava,Loamy,Urea
17.6,33.9,8.4,7.31,2.0,24.4,43.3,1733.0,Wheat,Sandy,NPK 20-10-10
43.6,43.0,32.2,7.4,0.49,27.9,93.2,1640.0,Rice,Silt,Potash
11.4,11.7,10.7,5.2,1.5,24.2,82.8,1831.0,Sorghum,Sandy,NPK 15-15-15
61.9,22.0,43.1,5.31,2.46,24.5,92.7,1956.0,Rice,Clay,Organic Compost
43.9,53.0,21.6,7.5,0.65,25.2,62.1,1993.0,Millet,Loamy,Potash
39.2,41.1,17.2,6.57,1.8,36.1,92.7,776.0,Sorghum,Loamy,Potash
19.7,27.3,30.5,4.54,2.33,23.3,93.3,1088.0,Tomato,Sandy,NPK 20-10-10
20.8,6.9,27.0,7.99,2.25,31.6,46.5,1974.0,Rice,Sandy,DAP
31.5,54.7,35.9,5.95,0.41,29.5,53.8,1875.0,Tomato,Clay,Organic Compost
36.4,47.8,39.0,7.86,1.11,24.6,60.1,1196.0,Beans,Clay,Organic Compost
47.4,32.9,23.5,8.03,2.13,37.0,62.0,1611.0,Rice,Clay,Organic Compost
13.7,15.1,20.4,7.27,2.16,30.9,50.6,1644.0,Sorghum,Loamy,NPK 20-10-10
28.5,43.3,19.3,5.66,1.49,27.9,45.3,1277.0,Beans,Loamy,Organic Compost
26.4,32.2,40.8,4.76,1.95,36.2,64.2,421.0,Rice,Silt,NPK 15-15-15
17.1,12.6,52.2,7.69,1.41,18.1,72.1,1707.0,Wheat,Loamy,NPK 20-10-10
46.0,40.3,26.8,7.85,1.74,36.9,45.7,1098.0,Maize,Silt,Potash
15.5,25.9,23.2,5.55,1.38,32.1,74.5,1125.0,Cassava,Sandy,NPK 20-10-10
48.1,47.3,38.4,6.61,0.7,26.9,66.6,1138.0,Rice,Loamy,Potash
32.9,21.7,30.9,6.99,2.2,22.3,45.8,1382.0,Millet,Sandy,NPK 15-15-15
23.3,10.5,8.2,8.15,1.62,24.6,45.4,1867.0,Sorghum,Sandy,Superphosphate
18.1,24.4,8.3,6.49,0.88,22.5,73.2,896.0,Cassava,Sandy,NPK 20-10-10
33.0,52.1,32.8,6.35,1.48,35.1,77.5,449.0,Rice,Loamy,NPK 20-10-10
44.7,17.0,33.6,6.88,1.28,31.9,58.8,1397.0,Wheat,Loamy,DAP
46.8,34.8,50.3,7.48,1.31,25.3,48.4,1483.0,Rice,Clay,Organic Compost
31.6,49.6,10.2,6.41,2.46,37.2,58.8,675.0,Sorghum,Silt,Potash
19.5,22.9,28.0,6.85,2.36,32.7,68.5,591.0,Sorghum,Sandy,NPK 20-10-10
26.5,22.0,40.3,4.81,2.13,22.5,72.6,886.0,Beans,Loamy,NPK 15-15-15
32.1,21.4,23.3,4.78,1.41,19.7,62.7,1517.0,Millet,Clay,Organic Compost
44.8,49.1,34.3,7.23,1.46,19.5,92.8,1912.0,Millet,Silt,Potash
7.0,19.9,32.7,4.65,1.75,34.7,60.9,1379.0,Rice,Sandy,NPK 20-10-10
20.1,7.7,25.5,5.65,2.17,29.7,91.4,1580.0,Wheat,Sandy,DAP
18.3,27.4,26.7,7.06,0.42,18.3,43.7,451.0,Sorghum,Sandy,NPK 20-10-10
33.7,15.7,45.3,4.84,0.89,34.4,78.1,548.0,Tomato,Loamy,DAP
23.1,12.4,22.6,5.83,1.69,32.5,86.4,713.0,Cassava,Sandy,NPK 20-10-10
14.7,5.9,30.0,7.64,1.97,25.1,78.9,1319.0,Tomato,Sandy,NPK 20-10-10
31.2,15.5,13.1,5.95,0.94,37.9,75.5,1834.0,Wheat,Sandy,Superphosphate
29.0,32.2,9.5,5.5,1.28,30.5,82.3,952.0,Cassava,Sandy,Potash
35.6,48.6,55.8,5.74,1.25,31.8,63.6,684.0,Rice,Clay,Organic Compost
30.3,56.4,47.0,6.1,1.24,21.7,43.7,1855.0,Rice,Clay,NPK 20-10-10
44.3,50.4,42.5,5.4,1.0,37.2,78.5,1724.0,Wheat,Loamy,Organic Compost
34.4,15.7,14.6,4.66,2.02,22.8,54.0,1411.0,Millet,Sandy,Superphosphate
33.3,9.9,20.8,6.78,1.76,31.1,74.9,1667.0,Cassava,Sandy,DAP
52.4,34.4,42.4,5.99,1.83,18.1,60.2,1863.0,Beans,Loamy,NPK 20-10-10
30.0,23.4,42.0,4.92,1.73,32.2,72.8,839.0,Wheat,Silt,NPK 15-15-15
23.2,19.2,35.9,5.86,1.16,27.0,65.2,1727.0,Millet,Silt,DAP
7.6,15.1,10.7,6.95,1.72,37.6,64.6,569.0,Tomato,Sandy,NPK 15-15-15
27.5,35.6,30.0,5.23,1.46,34.2,88.7,817.0,Maize,Clay,Organic Compost
54.5,48.5,33.2,7.72,1.95,20.3,44.6,1898.0,Millet,Loamy,Potash
40.5,25.1,42.2,6.15,1.17,26.8,65.1,1908.0,Cassava,Loamy,NPK 20-10-10
24.0,24.9,12.5,6.46,1.46,20.5,94.5,1618.0,Rice,Loamy,Potash
34.3,46.6,39.8,5.01,1.41,37.2,81.1,1403.0,Tomato,Clay,Organic Compost
57.3,24.6,25.4,7.46,2.59,29.3,93.0,1461.0,Millet,Clay,Superphosphate
30.5,39.2,22.8,6.78,1.31,28.5,75.0,486.0,Rice,Silt,Superphosphate
22.8,17.4,20.0,6.35,0.49,33.9,78.5,1501.0,Wheat,Sandy,DAP
51.9,24.1,51.4,8.06,2.27,35.9,44.2,1247.0,Beans,Clay,Organic Compost
49.7,51.4,61.6,8.04,0.94,36.3,88.6,1557.0,Cassava,Clay,Organic Compost
38.3,21.6,31.9,4.77,1.55,30.3,46.1,1798.0,Cassava,Clay,NPK 20-10-10
20.0,22.5,14.6,7.14,1.15,23.1,64.9,581.0,Cassava,Sandy,Potash
14.1,41.4,38.3,6.09,2.56,28.0,51.7,1666.0,Sorghum,Silt,Urea
20.3,45.6,50.8,5.47,2.52,21.4,84.1,1802.0,Maize,Clay,Organic Compost
5.8,24.3,21.4,7.38,1.5,25.1,47.5,482.0,Sorghum,Sandy,NPK 20-10-10
40.2,24.5,49.3,5.18,2.59,22.6,49.3,1773.0,Beans,Silt,NPK 20-10-10
39.4,14.6,13.1,6.15,1.64,26.5,51.7,748.0,Beans,Silt,Superphosphate
38.4,21.4,56.7,6.79,0.75,33.4,67.1,1217.0,Wheat,Clay,Organic Compost
44.9,14.2,34.2,5.3,1.38,28.7,46.7,526.0,Cassava,Silt,DAP
46.7,37.3,45.7,7.93,0.44,35.6,92.7,1124.0,Cassava,Silt,NPK 20-10-10
12.1,19.0,11.4,6.3,1.84,18.1,52.6,518.0,Maize,Silt,NPK 15-15-15
13.3,47.0,47.6,7.48,2.33,27.4,53.2,1793.0,Millet,Loamy,Urea
37.0,35.9,33.0,6.75,0.58,27.1,55.4,404.0,Maize,Loamy,NPK 15-15-15
38.1,24.7,41.2,5.5,0.4,33.6,74.5,1245.0,Maize,Clay,Organic Compost
8.7,15.7,28.7,6.75,2.14,36.0,53.7,1863.0,Maize,Sandy,NPK 20-10-10
41.1,39.7,23.1,4.7,1.13,22.1,44.8,439.0,Sorghum,Clay,Organic Compost
49.4,30.9,16.1,5.04,0.84,25.3,51.3,1725.0,Rice,Silt,Potash
33.6,40.4,54.9,6.14,1.11,37.5,94.9,1649.0,Sorghum,Loamy,NPK 20-10-10
21.2,15.6,23.6,7.56,1.22,28.7,82.6,734.0,Cassava,Sandy,DAP
14.2,22.9,13.1,4.52,1.45,32.0,61.1,1394.0,Millet,Loamy,NPK 20-10-10
35.2,49.7,25.5,7.53,1.54,37.4,62.3,1797.0,Millet,Clay,Organic Compost
36.9,15.7,41.6,5.74,2.06,27.6,69.5,1575.0,Wheat,Silt,DAP
47.7,44.6,53.9,5.61,0.8,32.7,69.7,1841.0,Tomato,Clay,Organic Compost
31.0,39.7,22.0,4.55,2.12,33.6,40.4,1782.0,Millet,Silt,NPK 15-15-15
5.5,31.3,7.1,5.36,1.59,34.3,83.0,1490.0,Maize,Sandy,NPK 20-10-10
24.1,10.0,18.2,6.17,0.44,26.1,52.5,543.0,Tomato,Sandy,Superphosphate
16.0,41.0,42.0,6.95,0.82,30.7,79.2,773.0,Rice,Silt,Urea
30.2,18.6,20.2,6.35,1.56,28.8,94.0,463.0,Cassava,Loamy,DAP
27.6,27.1,23.6,6.84,1.86,33.0,47.2,977.0,Maize,Sandy,NPK 15-15-15
25.8,60.4,61.5,6.4,1.57,23.8,68.4,1950.0,Sorghum,Clay,Organic Compost
50.6,28.5,53.8,5.79,0.41,37.1,53.0,1511.0,Maize,Loamy,DAP
53.6,60.6,21.9,5.86,1.97,37.9,60.0,1992.0,Beans,Clay,Organic Compost
16.5,21.1,26.6,7.04,1.03,29.1,85.9,1160.0,Wheat,Sandy,NPK 20-10-10
26.7,22.8,37.1,6.84,2.07,19.7,57.5,1693.0,Sorghum,Clay,Organic Compost
39.2,52.4,43.4,8.07,1.86,23.4,84.0,762.0,Maize,Loamy,NPK 20-10-10
41.6,39.9,44.3,5.41,2.59,34.1,61.3,604.0,Rice,Silt,NPK 20-10-10
38.5,16.9,30.5,6.97,1.4,35.6,53.3,1238.0,Millet,Loamy,DAP
19.2,33.0,20.0,7.7,2.47,23.1,83.2,1446.0,Millet,Sandy,NPK 20-10-10
46.1,26.9,38.1,7.38,2.53,23.0,44.3,1962.0,Rice,Loamy,Potash
41.8,59.3,61.3,5.71,2.12,27.2,61.9,1613.0,Wheat,Clay,Organic Compost
12.4,9.3,16.4,8.05,1.32,31.7,55.7,1785.0,Beans,Sandy,NPK 15-15-15
26.0,35.1,20.2,5.0,1.69,34.1,51.0,1525.0,Tomato,Loamy,NPK 15-15-15
40.2,32.9,47.8,7.33,2.35,25.2,84.6,1987.0,Tomato,Silt,NPK 20-10-10
49.1,29.1,33.9,7.27,2.21,22.0,61.5,1031.0,Wheat,Loamy,Potash
51.3,55.8,60.0,8.04,2.59,19.7,61.8,531.0,Cassava,Clay,Organic Compost
6.1,20.8,21.0,5.1,2.23,25.9,63.1,1939.0,Tomato,Sandy,NPK 20-10-10
40.3,28.2,33.3,6.27,1.02,21.3,86.8,840.0,Cassava,Silt,Potash
49.9,52.7,14.5,6.82,2.12,30.3,88.4,612.0,Sorghum,Loamy,Potash
15.3,20.8,15.2,6.19,0.74,34.9,61.4,1147.0,Maize,Sandy,NPK 20-10-10
53.1,21.3,58.1,5.2,1.36,36.1,45.2,613.0,Beans,Clay,Organic Compost
24.4,42.0,45.6,8.17,0.67,31.5,87.9,785.0,Cassava,Silt,NPK 20-10-10
17.8,17.4,42.4,6.8,0.49,29.9,43.7,724.0,Beans,Loamy,NPK 20-10-10
28.4,14.4,8.3,7.79,0.76,25.0,78.6,1347.0,Millet,Sandy,Superphosphate
18.3,21.7,39.5,5.04,1.59,25.5,88.8,1869.0,Maize,Loamy,Urea
49.6,14.3,15.3,5.43,1.15,21.0,57.7,435.0,Cassava,Silt,Superphosphate
29.5,24.4,19.4,8.1,1.25,21.6,71.8,624.0,Tomato,Sandy,Potash
50.4,32.0,32.6,6.6,0.59,23.1,71.9,914.0,Beans,Loamy,Potash
31.8,21.7,47.4,7.38,1.71,22.2,75.6,1500.0,Millet,Silt,NPK 15-15-15
26.8,34.1,57.4,5.01,1.7,36.0,40.8,1947.0,Sorghum,Clay,Organic Compost
49.8,56.4,27.2,7.09,1.16,35.5,69.3,1625.0,Beans,Clay,Organic Compost
55.2,36.6,42.2,7.18,0.77,24.1,57.9,1867.0,Sorghum,Clay,Organic Compost
33.8,30.0,25.1,6.53,2.25,36.9,90.8,1423.0,Beans,Sandy,NPK 15-15-15
46.8,43.5,19.7,7.31,1.26,22.0,45.6,785.0,Millet,Loamy,Potash
36.0,48.5,9.8,4.98,0.94,34.1,54.9,706.0,Maize,Silt,Potash
26.6,26.2,14.3,6.16,1.78,37.5,80.9,1685.0,Millet,Sandy,Potash
7.1,27.4,8.6,6.12,2.02,29.2,60.2,1223.0,Maize,Sandy,NPK 20-10-10
29.7,14.5,54.1,6.16,2.34,37.0,64.7,1073.0,Millet,Loamy,DAP
19.6,13.1,27.6,7.6,1.76,26.1,70.5,1319.0,Sorghum,Sandy,NPK 20-10-10
12.5,11.0,10.7,7.08,2.39,24.5,63.1,1949.0,Sorghum,Sandy,NPK 15-15-15
48.3,41.6,22.1,6.92,1.04,20.4,45.9,415.0,Tomato,Silt,Potash
21.5,32.3,34.0,5.18,1.04,28.9,86.2,607.0,Wheat,Silt,NPK 15-15-15
40.6,26.0,43.1,5.81,0.82,35.6,65.3,528.0,Tomato,Clay,Organic Compost
59.4,30.2,41.3,7.26,0.75,26.7,75.9,1811.0,Maize,Clay,Organic Compost
14.6,15.5,16.6,7.98,0.48,24.0,67.1,538.0,Sorghum,Sandy,NPK 15-15-15
30.1,13.1,20.7,6.79,1.07,25.0,68.1,1689.0,Beans,Sandy,DAP
22.9,17.8,26.8,4.52,1.46,36.5,73.9,1178.0,Millet,Sandy,DAP
32.1,20.4,17.3,4.59,2.01,27.4,91.7,683.0,Cassava,Loamy,Potash
14.3,33.6,17.3,5.1,1.53,29.4,51.7,834.0,Cassava,Loamy,NPK 20-10-10
60.6,49.1,24.7,5.82,0.78,22.7,91.7,619.0,Sorghum,Clay,Organic Compost
27.3,19.9,12.8,7.57,2.23,28.5,42.6,709.0,Maize,Sandy,Superphosphate
29.4,43.9,35.4,6.72,2.05,30.8,64.4,1705.0,Rice,Silt,NPK 20-10-10
24.9,46.8,41.0,6.08,1.35,18.8,81.3,964.0,Beans,Clay,Organic Compost
32.2,43.8,13.8,5.54,0.9,35.7,83.0,1735.0,Millet,Silt,Potash
35.8,43.1,20.8,6.87,2.28,24.5,77.4,1174.0,Rice,Clay,Organic Compost
43.2,29.3,20.0,4.73,1.97,25.3,75.6,755.0,Wheat,Loamy,Potash
22.2,41.4,50.7,7.95,2.54,27.1,73.7,1292.0,Beans,Clay,Organic Compost
40.8,53.5,17.5,5.65,0.57,26.1,66.5,973.0,Beans,Loamy,Potash
11.4,27.7,28.8,6.65,1.09,36.7,60.0,480.0,Wheat,Sandy,NPK 20-10-10
14.3,26.8,37.1,6.62,1.84,25.0,76.4,415.0,Tomato,Silt,Urea
27.1,14.1,31.0,5.17,1.31,19.5,64.2,1693.0,Tomato,Silt,DAP
17.8,12.0,14.1,5.62,2.03,22.0,93.8,1500.0,Wheat,Sandy,NPK 15-15-15
29.1,52.0,31.4,6.51,0.52,34.9,60.1,1335.0,Maize,Clay,Organic Compost
48.7,30.1,40.8,6.25,2.19,35.6,61.0,1556.0,Maize,Silt,NPK 20-10-10
33.7,27.1,14.9,7.56,1.87,18.7,49.5,818.0,Cassava,Sandy,Potash
42.7,10.8,11.0,5.61,1.9,34.8,87.8,732.0,Maize,Silt,Superphosphate
46.9,40.5,30.2,7.4,1.08,33.7,83.0,1768.0,Maize,Silt,Potash
27.1,52.4,59.1,4.63,1.78,31.2,84.8,565.0,Sorghum,Clay,Organic Compost
36.2,26.1,34.7,4.7,2.06,19.4,57.7,623.0,Sorghum,Silt,NPK 15-15-15
37.4,10.7,23.6,6.0,1.73,20.0,75.6,1032.0,Beans,Silt,DAP
24.3,24.3,30.7,5.39,2.15,32.4,44.2,1762.0,Wheat,Clay,DAP
24.7,35.8,51.5,5.44,0.65,33.7,78.0,1826.0,Millet,Clay,Organic Compost
46.8,54.5,23.5,5.0,1.89,33.8,59.4,1576.0,Wheat,Clay,Organic Compost
44.2,20.6,27.0,6.83,1.16,35.5,92.6,1428.0,Cassava,Loamy,Potash
49.5,52.5,23.4,7.55,1.0,19.4,72.4,763.0,Beans,Clay,NPK 15-15-15
57.3,60.7,51.0,5.56,1.64,18.6,74.2,822.0,Maize,Clay,Organic Compost
34.6,11.2,17.5,5.44,1.59,36.1,49.0,625.0,Tomato,Sandy,NPK 20-10-10
33.3,42.5,43.1,4.88,2.4,34.6,75.6,955.0,Sorghum,Silt,NPK 20-10-10
27.2,12.6,37.5,6.63,0.74,36.1,48.8,859.0,Sorghum,Loamy,DAP
15.5,42.2,29.8,5.18,0.65,26.2,64.5,620.0,Tomato,Loamy,Urea
61.2,50.0,20.5,6.26,0.45,28.2,58.6,1846.0,Sorghum,Clay,Organic Compost
22.5,16.9,11.9,5.18,2.15,35.7,57.8,1191.0,Millet,Sandy,Superphosphate
31.1,9.1,13.7,7.07,1.08,19.6,60.6,1482.0,Cassava,Sandy,Superphosphate
31.6,40.6,32.0,6.33,0.78,23.8,64.9,1977.0,Beans,Silt,NPK 20-10-10
18.9,10.9,49.1,5.72,1.58,19.4,87.3,401.0,Beans,Silt,NPK 20-10-10
15.7,42.7,24.2,5.45,1.71,23.1,55.8,473.0,Rice,Silt,Urea
55.2,51.5,32.0,6.47,1.67,31.3,63.0,1444.0,Rice,Clay,Organic Compost
11.9,47.5,24.9,6.78,1.48,18.5,43.4,823.0,Cassava,Silt,Urea
10.6,19.7,16.0,6.6,1.14,35.9,66.0,1083.0,Tomato,Sandy,NPK 15-15-15
30.8,16.7,15.7,5.71,2.01,31.1,55.8,407.0,Millet,Loamy,Superphosphate
45.2,41.5,22.6,7.21,1.47,29.5,59.6,1665.0,Sorghum,Loamy,Potash
30.0,53.2,50.6,5.5,0.72,18.6,77.6,1262.0,Rice,Clay,Organic Compost
55.5,37.5,54.7,6.11,1.96,29.0,90.7,992.0,Tomato,Clay,Organic Compost
49.9,11.2,33.1,5.36,2.35,33.9,76.4,1169.0,Sorghum,Silt,DAP
20.1,42.4,29.5,5.45,1.86,18.4,79.6,1153.0,Sorghum,Silt,NPK 20-10-10
42.9,43.1,43.9,6.23,1.81,29.0,52.8,437.0,Rice,Loamy,Organic Compost
33.5,51.5,46.9,5.81,0.4,26.6,61.6,622.0,Millet,Clay,Organic Compost
25.1,29.7,46.6,8.02,2.45,36.6,64.2,1977.0,Beans,Clay,Organic Compost
49.6,43.4,53.6,6.8,2.21,24.9,55.8,1612.0,Wheat,Clay,Organic Compost
35.8,53.6,58.8,7.31,1.98,34.2,51.0,1327.0,Rice,Clay,Organic Compost
12.7,53.7,43.2,4.58,1.54,19.4,73.2,1123.0,Beans,Loamy,Urea
28.6,16.1,30.7,7.71,1.84,23.3,94.5,1708.0,Sorghum,Sandy,DAP
54.7,29.1,41.3,7.11,1.3,22.9,67.5,880.0,Wheat,Clay,Organic Compost
17.2,22.7,34.7,6.33,1.34,37.8,90.9,1477.0,Wheat,Sandy,NPK 20-10-10
46.2,55.0,61.2,5.13,1.0,35.7,87.4,1547.0,Maize,Clay,Organic Compost
39.7,35.6,30.5,5.68,1.58,21.2,68.0,477.0,Tomato,Clay,Organic Compost
27.2,7.1,25.6,5.23,1.44,23.9,91.4,487.0,Beans,Sandy,DAP
23.2,44.9,25.1,7.08,2.13,23.7,44.0,1789.0,Tomato,Silt,NPK 20-10-10
25.5,29.8,30.5,6.23,2.52,22.9,73.5,871.0,Beans,Loamy,NPK 15-15-15
21.6,23.2,12.9,8.15,1.2,34.6,41.9,1512.0,Maize,Sandy,Potash
55.1,50.4,35.1,7.21,1.31,19.3,76.6,1899.0,Sorghum,Clay,Potash
45.1,40.4,30.0,5.22,1.27,30.8,57.3,1181.0,Rice,Clay,Organic Compost
39.1,34.4,32.9,6.27,1.2,29.0,82.1,1530.0,Wheat,Silt,NPK 15-15-15
28.4,15.1,12.0,4.95,2.23,30.5,86.3,1298.0,Rice,Sandy,Superphosphate
24.4,6.7,25.1,6.71,0.93,20.3,59.1,496.0,Maize,Sandy,DAP
58.5,41.7,50.6,6.96,1.94,24.3,62.8,592.0,Wheat,Clay,Organic Compost
43.0,58.7,48.7,5.49,1.53,30.0,86.8,1670.0,Sorghum,Clay,Organic Compost
18.3,23.9,13.5,5.65,1.31,22.8,40.7,417.0,Wheat,Loamy,NPK 20-10-10
37.3,41.0,37.2,4.73,2.44,26.6,64.9,1819.0,Beans,Silt,NPK 20-10-10
55.9,41.8,37.6,8.03,2.36,35.7,51.7,1750.0,Maize,Clay,Organic Compost
14.1,35.9,21.4,7.93,1.64,30.3,53.4,1074.0,Beans,Loamy,Urea
45.7,24.7,38.9,5.59,1.59,27.4,41.2,732.0,Tomato,Clay,Organic Compost
10.2,33.1,29.1,5.06,0.4,24.7,82.9,613.0,Rice,Silt,Urea
51.9,61.0,31.0,6.66,1.15,19.7,83.6,419.0,Maize,Clay,Organic Compost
46.8,44.8,55.5,4.71,2.02,21.6,41.1,900.0,Millet,Clay,Organic Compost
37.9,31.5,46.6,7.32,2.22,36.1,84.3,589.0,Sorghum,Silt,NPK 15-15-15
15.0,31.6,20.7,7.74,1.25,36.1,43.9,1113.0,Tomato,Sandy,NPK 20-10-10
43.5,27.5,47.7,6.84,2.19,28.7,75.1,1246.0,Cassava,Loamy,NPK 20-10-10
17.2,45.0,27.3,4.55,1.82,30.3,79.9,1997.0,Tomato,Loamy,Urea
44.3,35.0,48.5,5.23,2.53,26.8,40.6,1449.0,Beans,Clay,Organic Compost
9.0,45.1,9.4,6.49,1.48,36.2,90.1,1873.0,Maize,Silt,NPK 20-10-10
29.8,8.6,8.4,7.91,0.46,25.7,50.7,534.0,Maize,Sandy,Superphosphate
30.6,23.0,33.1,7.34,1.85,29.4,68.1,611.0,Cassava,Loamy,NPK 15-15-15
29.6,6.9,30.2,7.56,2.16,34.3,94.1,488.0,Tomato,Sandy,DAP
31.2,36.7,23.2,5.28,2.55,25.2,70.8,790.0,Maize,Silt,NPK 15-15-15
46.4,20.3,47.8,5.86,2.32,30.0,46.3,873.0,Rice,Silt,NPK 20-10-10
27.3,20.4,47.6,6.8,1.9,27.6,59.3,1012.0,Millet,Loamy,Potash
27.8,32.8,27.4,5.81,1.91,31.4,84.6,515.0,Beans,Loamy,NPK 15-15-15
54.5,17.5,32.9,7.97,2.07,19.2,87.9,1742.0,Beans,Loamy,DAP
24.0,26.5,16.9,7.4,1.0,21.7,87.2,943.0,Cassava,Sandy,Urea
41.7,22.3,33.3,4.55,0.41,23.2,68.9,1361.0,Maize,Silt,Potash
48.3,13.0,42.6,6.77,1.51,27.8,81.2,734.0,Rice,Silt,DAP
11.6,31.2,19.3,7.25,1.83,22.5,87.4,955.0,Millet,Silt,NPK 20-10-10
20.5,49.0,51.5,5.8,1.09,32.1,52.5,1783.0,Maize,Loamy,NPK 20-10-10
25.1,33.3,56.4,6.87,0.64,19.6,55.9,1392.0,Rice,Clay,Organic Compost
52.0,46.6,61.3,6.54,1.12,20.4,90.6,460.0,Wheat,Clay,Organic Compost
31.9,32.5,38.1,4.97,1.98,35.8,41.7,457.0,Sorghum,Silt,NPK 15-15-15
31.6,25.3,35.9,7.13,2.07,25.1,54.3,1275.0,Maize,Loamy,NPK 15-15-15
38.3,50.5,12.2,4.88,2.13,29.7,43.4,1908.0,Sorghum,Loamy,Potash
28.4,22.9,16.2,5.6,1.4,27.5,79.2,1157.0,Cassava,Sandy,Superphosphate
55.5,49.7,45.1,6.18,0.78,31.1,46.0,1367.0,Wheat,Clay,Organic Compost
9.5,7.8,19.1,7.13,0.92,28.0,83.9,1279.0,Sorghum,Sandy,NPK 15-15-15
25.2,26.3,60.9,4.82,0.73,22.1,83.3,1037.0,Maize,Clay,Organic Compost
28.8,31.9,18.4,8.15,2.45,18.3,71.0,1451.0,Millet,Sandy,Potash
41.6,24.5,47.3,4.73,1.85,22.0,82.1,1664.0,Cassava,Loamy,NPK 20-10-10
55.2,22.2,38.1,5.21,0.68,34.1,56.1,1430.0,Rice,Clay,Superphosphate
38.2,27.9,49.8,4.8,1.77,32.1,73.6,1489.0,Wheat,Loamy,NPK 15-15-15
35.9,45.9,17.2,4.97,1.27,25.8,47.1,530.0,Millet,Loamy,Superphosphate
29.2,33.0,17.8,5.19,1.12,34.4,91.1,782.0,Rice,Sandy,NPK 15-15-15
24.2,8.1,36.6,4.96,0.58,32.4,82.4,694.0,Maize,Silt,DAP
32.9,25.1,29.5,4.64,1.88,35.0,42.7,809.0,Maize,Clay,Organic Compost
29.7,6.3,23.4,6.47,2.24,24.1,45.6,609.0,Cassava,Sandy,DAP
44.9,25.8,21.8,6.6,0.58,36.6,84.2,688.0,Sorghum,Clay,Organic Compost
59.3,44.8,33.3,7.02,0.41,23.8,52.9,954.0,Rice,Clay,Potash
44.0,10.5,43.5,6.92,1.89,34.1,68.9,1414.0,Cassava,Silt,DAP
14.4,54.3,49.9,6.4,2.12,35.6,65.7,557.0,Wheat,Loamy,Urea
5.7,33.8,26.5,7.41,1.71,23.4,72.2,1488.0,Rice,Sandy,NPK 20-10-10
47.0,24.8,29.1,6.54,2.55,24.3,42.3,1956.0,Millet,Loamy,Potash
29.9,32.6,5.4,7.29,0.8,34.5,41.2,1506.0,Sorghum,Sandy,Potash
27.7,8.6,7.4,7.91,2.43,32.8,89.0,427.0,Beans,Sandy,Superphosphate
31.8,16.0,14.7,7.09,0.53,33.6,53.7,1235.0,Sorghum,Sandy,Superphosphate
48.2,30.7,47.9,5.99,1.03,34.8,42.1,850.0,Tomato,Silt,NPK 20-10-10
57.4,40.3,30.3,5.87,1.02,32.0,46.0,1766.0,Rice,Clay,Organic Compost
23.8,15.6,20.3,6.61,0.97,28.7,91.7,404.0,Tomato,Sandy,DAP
49.1,16.2,14.6,6.0,1.88,18.1,84.6,938.0,Wheat,Loamy,Superphosphate
44.8,43.7,37.8,7.44,0.79,34.3,71.1,1651.0,Wheat,Loamy,Potash
22.3,25.8,23.3,7.24,0.84,36.6,85.6,1779.0,Beans,Silt,NPK 15-15-15
57.5,38.7,24.3,4.68,0.54,21.8,59.8,1967.0,Beans,Clay,Organic Compost
46.8,49.0,45.7,8.1,0.66,27.6,58.9,855.0,Rice,Loamy,Organic Compost
49.4,19.1,46.3,5.12,1.86,24.1,92.8,1415.0,Tomato,Silt,DAP
32.3,59.0,20.6,5.31,1.01,31.8,83.9,1408.0,Beans,Clay,NPK 20-10-10
27.4,30.0,32.8,6.55,1.79,22.2,89.6,1725.0,Rice,Loamy,NPK 15-15-15
34.6,53.0,27.7,6.05,2.2,35.4,64.7,1757.0,Tomato,Loamy,NPK 20-10-10
46.0,29.1,43.7,7.51,0.61,35.4,48.9,1702.0,Millet,Silt,NPK 20-10-10
51.6,37.8,26.6,6.69,1.93,25.3,54.0,1184.0,Cassava,Loamy,Potash
57.7,40.0,59.8,7.43,1.18,27.0,94.9,1926.0,Sorghum,Clay,Organic Compost
58.2,30.6,41.7,7.3,0.57,34.1,51.6,1166.0,Maize,Clay,Organic Compost
17.8,27.6,19.2,4.7,2.26,22.5,52.8,475.0,Cassava,Silt,NPK 20-10-10
43.8,50.4,21.9,5.24,1.26,35.6,46.0,1590.0,Wheat,Clay,Organic Compost
26.3,45.1,52.2,5.41,1.81,32.6,62.2,1471.0,Wheat,Loamy,NPK 20-10-10
21.2,20.5,25.1,5.06,1.57,19.0,74.5,1255.0,Tomato,Sandy,NPK 15-15-15
26.2,35.7,20.7,5.93,0.57,20.0,85.0,1955.0,Maize,Silt,NPK 15-15-15
11.7,9.9,44.9,6.14,2.34,25.3,72.3,1478.0,Beans,Silt,NPK 15-15-15
41.6,8.9,10.5,6.43,2.54,37.5,46.0,1617.0,Tomato,Silt,Superphosphate
13.9,53.8,47.3,6.75,0.55,22.8,59.1,1772.0,Beans,Loamy,Urea
30.2,51.4,50.5,4.57,0.93,34.0,76.6,757.0,Beans,Loamy,NPK 20-10-10
23.1,33.0,12.2,4.7,1.85,32.6,57.2,1149.0,Maize,Sandy,Potash
49.1,31.5,31.5,5.7,0.72,20.7,85.0,1731.0,Millet,Clay,Organic Compost
32.0,37.9,45.0,5.64,1.86,24.2,89.7,879.0,Millet,Silt,NPK 15-15-15
16.1,15.5,27.5,5.56,1.12,18.2,57.4,835.0,Rice,Sandy,NPK 20-10-10
61.2,42.9,23.1,7.5,0.52,34.7,62.3,499.0,Cassava,Clay,Organic Compost
48.8,30.1,31.8,5.84,1.21,33.9,41.7,1184.0,Cassava,Loamy,Potash
11.5,15.5,21.0,7.24,2.48,22.9,66.6,958.0,Sorghum,Sandy,NPK 20-10-10
12.1,33.8,9.5,4.66,2.35,35.4,70.9,429.0,Maize,Silt,NPK 20-10-10
50.3,54.1,34.9,6.06,0.89,32.6,59.2,1529.0,Maize,Clay,Organic Compost
50.1,47.5,37.1,4.82,0.77,19.8,65.5,825.0,Rice,Loamy,Potash
31.4,51.6,36.8,5.93,2.56,27.2,71.9,1011.0,Cassava,Loamy,NPK 20-10-10
23.9,12.5,33.3,6.39,2.22,18.2,68.5,1897.0,Millet,Sandy,DAP
37.8,8.6,23.5,5.38,0.95,18.8,73.9,1587.0,Wheat,Silt,DAP
28.9,49.7,42.1,8.0,2.21,31.2,43.9,1773.0,Sorghum,Silt,NPK 20-10-10
19.3,30.0,19.9,8.09,0.83,21.1,42.4,1284.0,Maize,Silt,NPK 20-10-10
28.7,58.8,35.9,5.02,0.82,26.8,69.9,1362.0,Sorghum,Clay,NPK 15-15-15
18.9,36.9,33.8,8.17,1.3,21.7,93.5,1171.0,Beans,Silt,Urea
26.4,54.5,53.5,8.14,2.21,28.0,71.5,520.0,Sorghum,Loamy,NPK 20-10-10
26.2,16.5,13.0,7.5,2.54,26.5,43.1,1841.0,Beans,Sandy,Superphosphate
59.7,48.2,45.9,7.13,1.46,23.7,53.8,1562.0,Beans,Clay,Organic Compost
36.9,46.6,21.8,6.16,1.28,33.1,43.0,1044.0,Sorghum,Clay,Organic Compost
40.7,40.1,35.8,5.95,1.28,19.0,50.7,1293.0,Rice,Silt,Potash
36.3,54.9,38.8,5.46,0.58,34.6,73.9,1329.0,Tomato,Clay,Organic Compost
34.7,45.9,25.9,5.6,1.58,19.4,85.2,471.0,Sorghum,Clay,Organic Compost
48.6,26.5,54.5,6.08,0.95,20.0,90.9,1045.0,Tomato,Clay,Organic Compost
33.8,25.8,19.1,7.29,2.38,25.0,55.8,997.0,Sorghum,Loamy,Potash
10.0,24.0,17.0,4.56,2.53,20.3,62.7,1452.0,Maize,Sandy,NPK 20-10-10
45.5,50.5,55.7,5.18,0.48,36.9,77.4,1128.0,Maize,Clay,Organic Compost
33.8,24.6,31.3,6.56,2.16,24.6,47.3,966.0,Millet,Sandy,NPK 15-15-15
18.7,12.1,22.9,6.69,1.57,32.8,53.4,1218.0,Cassava,Sandy,NPK 20-10-10
34.0,53.7,24.8,5.52,1.57,26.0,85.5,1647.0,Tomato,Clay,Organic Compost
5.6,14.4,23.0,4.88,2.21,37.7,80.6,1063.0,Beans,Sandy,NPK 20-10-10
53.0,27.8,41.7,4.57,1.79,23.9,45.6,1094.0,Cassava,Loamy,NPK 20-10-10
50.5,14.7,38.9,4.72,1.98,37.6,63.6,1949.0,Tomato,Loamy,DAP
10.1,33.6,30.8,4.99,0.46,25.2,48.8,938.0,Beans,Sandy,NPK 20-10-10
38.5,31.6,44.3,7.97,2.14,35.4,81.9,1206.0,Rice,Clay,Organic Compost
35.3,40.5,38.8,5.41,1.03,35.1,62.4,684.0,Millet,Silt,NPK 20-10-10
35.0,32.8,35.9,8.18,1.01,37.5,82.0,1769.0,Millet,Silt,NPK 15-15-15
33.7,16.5,41.0,4.72,0.47,36.1,90.4,1398.0,Beans,Loamy,DAP
33.9,6.6,8.1,7.85,0.62,32.3,70.4,1235.0,Beans,Sandy,Superphosphate
45.3,59.0,40.2,7.88,0.8,22.1,92.2,559.0,Tomato,Clay,Organic Compost
26.3,28.4,32.0,5.04,1.11,24.3,93.5,1333.0,Rice,Sandy,NPK 15-15-15
33.4,49.9,43.1,6.81,1.44,18.5,77.8,1559.0,Maize,Clay,Organic Compost
31.3,23.1,25.1,7.09,1.11,21.1,66.0,771.0,Tomato,Sandy,NPK 15-15-15
5.2,33.6,32.8,4.99,1.45,22.2,93.0,1306.0,Tomato,Sandy,NPK 20-10-10
36.3,44.6,18.1,5.35,1.37,35.6,42.2,1106.0,Beans,Silt,Potash
38.5,15.0,12.4,5.68,2.17,18.8,60.1,1566.0,Rice,Loamy,Superphosphate
33.5,51.0,49.7,4.74,1.92,28.9,59.5,1188.0,Cassava,Loamy,NPK 20-10-10
36.4,19.6,38.6,6.34,1.38,36.9,94.6,1922.0,Millet,Loamy,DAP
14.6,33.4,18.7,5.25,0.64,34.7,58.0,1626.0,Sorghum,Sandy,NPK 20-10-10
48.6,48.3,19.4,4.95,1.72,22.7,58.3,1899.0,Maize,Loamy,Potash
20.4,22.6,23.5,5.46,2.08,34.2,69.7,1839.0,Cassava,Silt,NPK 15-15-15
42.8,34.1,49.4,6.7,2.51,20.0,42.3,970.0,Sorghum,Silt,NPK 20-10-10
12.6,34.6,24.2,5.95,0.57,33.1,90.9,1586.0,Wheat,Sandy,NPK 20-10-10
36.9,58.0,52.0,7.47,1.31,18.5,81.8,1413.0,Sorghum,Clay,Organic Compost
9.5,27.2,26.4,4.53,2.1,26.2,67.9,1944.0,Millet,Sandy,NPK 20-10-10
26.3,20.4,29.7,5.68,1.44,20.2,91.0,1841.0,Cassava,Sandy,NPK 15-15-15
16.4,9.7,6.4,7.54,1.04,28.3,89.6,432.0,Sorghum,Sandy,NPK 15-15-15
29.3,11.6,11.0,7.32,0.58,30.0,52.9,1743.0,Beans,Sandy,Superphosphate
46.2,15.8,37.8,8.06,1.83,19.6,90.0,606.0,Cassava,Loamy,DAP
50.3,31.1,31.0,6.03,1.03,33.7,69.0,1289.0,Rice,Clay,Organic Compost
22.7,23.8,18.2,8.05,1.74,19.2,50.6,1169.0,Beans,Silt,Potash
20.9,22.7,41.0,6.44,0.65,25.4,89.3,1754.0,Sorghum,Silt,NPK 15-15-15
7.7,8.7,5.6,4.96,2.21,18.8,65.6,795.0,Millet,Sandy,NPK 15-15-15
40.2,23.9,46.9,7.81,1.83,30.3,58.5,1577.0,Millet,Silt,NPK 20-10-10
32.0,31.1,61.3,6.5,2.53,30.3,56.1,1338.0,Maize,Clay,Organic Compost
31.0,36.8,28.7,6.18,2.33,21.6,90.7,1262.0,Cassava,Loamy,NPK 15-15-15
14.1,38.8,45.8,6.42,0.77,33.9,90.5,1472.0,Wheat,Silt,Urea
59.5,28.0,27.2,7.1,1.59,22.1,73.9,1899.0,Cassava,Clay,Organic Compost
44.8,34.3,19.2,4.85,2.54,18.6,50.2,1474.0,Wheat,Silt,Potash
27.1,28.0,29.1,7.29,0.47,35.8,71.0,1090.0,Maize,Sandy,Potash
43.0,27.9,48.9,4.83,1.72,30.9,61.7,1867.0,Tomato,Clay,Organic Compost
18.3,28.8,31.9,6.03,2.53,21.1,86.5,1241.0,Sorghum,Sandy,NPK 20-10-10
13.5,45.3,42.3,6.92,0.91,37.3,86.9,1544.0,Maize,Silt,Urea
34.2,55.7,33.0,5.38,0.87,26.0,74.3,1731.0,Cassava,Clay,Organic Compost
14.0,27.6,46.8,7.86,0.77,23.7,89.6,1321.0,Millet,Loamy,Urea
8.4,8.3,25.2,7.17,1.2,30.1,48.6,434.0,Maize,Sandy,NPK 20-10-10
49.4,17.9,13.6,7.44,1.21,22.1,52.1,622.0,Wheat,Silt,NPK 15-15-15
26.2,53.3,20.8,6.09,0.68,18.6,70.3,649.0,Cassava,Clay,DAP
43.4,28.4,11.3,5.63,1.38,23.6,58.6,1200.0,Cassava,Silt,Potash
11.1,28.6,16.8,7.52,1.76,31.6,59.9,1541.0,Millet,Sandy,NPK 20-10-10
31.0,10.3,27.9,4.69,0.77,27.5,62.3,477.0,Sorghum,Silt,DAP
48.6,28.4,40.4,6.14,0.82,18.4,60.7,1871.0,Cassava,Silt,NPK 20-10-10
25.8,27.1,23.3,5.75,2.48,25.1,56.1,1749.0,Maize,Sandy,NPK 15-15-15
42.4,56.5,27.7,7.79,2.07,26.0,53.5,1615.0,Beans,Clay,Organic Compost
43.9,41.2,22.0,7.13,2.06,26.2,45.2,1576.0,Beans,Silt,Potash
21.8,33.7,41.4,4.64,1.64,35.9,72.9,1239.0,Rice,Clay,Organic Compost
37.8,49.2,49.9,6.17,0.8,32.1,92.3,1933.0,Cassava,Loamy,NPK 20-10-10
43.2,10.2,8.6,6.99,0.66,25.8,40.7,539.0,Maize,Silt,Superphosphate
33.9,43.7,47.3,4.51,2.26,19.2,88.0,1962.0,Sorghum,Clay,Organic Compost
28.1,10.2,33.1,4.59,1.61,27.2,83.8,1592.0,Sorghum,Sandy,DAP
41.4,49.1,12.1,7.21,1.53,24.2,40.8,1559.0,Rice,Silt,Potash
31.1,44.9,31.9,7.1,0.66,24.9,68.0,1337.0,Millet,Clay,Organic Compost
9.4,18.0,9.6,5.32,0.53,28.5,45.8,1064.0,Wheat,Silt,NPK 15-15-15
21.9,5.9,21.1,5.43,1.65,36.2,72.9,1905.0,Millet,Sandy,DAP
18.4,15.4,12.5,7.93,1.39,36.8,87.5,1590.0,Maize,Loamy,NPK 15-15-15
48.8,41.2,37.8,6.79,2.39,36.6,49.7,529.0,Maize,Loamy,Potash
7.9,24.9,17.0,7.88,2.2,28.2,60.9,1735.0,Millet,Sandy,NPK 20-10-10
47.1,33.4,47.1,6.14,1.78,36.8,80.6,1849.0,Sorghum,Silt,NPK 20-10-10
12.8,27.2,31.7,7.47,1.09,30.4,76.4,1100.0,Wheat,Sandy,NPK 20-10-10
42.9,28.2,41.2,5.15,1.91,36.0,77.2,1804.0,Beans,Clay,Organic Compost
42.6,42.4,36.5,4.84,1.94,18.9,51.2,1126.0,Cassava,Clay,Organic Compost
46.2,30.0,21.5,4.6,0.59,26.3,62.0,1402.0,Maize,Loamy,NPK 15-15-15
49.5,29.1,37.1,7.13,0.99,20.7,71.9,1845.0,Rice,Loamy,Potash
13.0,15.6,12.4,8.07,0.48,21.8,41.6,1766.0,Wheat,Sandy,NPK 15-15-15
29.0,16.6,16.6,8.0,1.93,30.8,66.0,1184.0,Cassava,Loamy,Superphosphate
25.0,21.5,14.2,5.3,2.3,36.6,45.3,672.0,Cassava,Sandy,Potash
19.7,32.8,31.2,4.97,0.71,19.7,88.1,1292.0,Rice,Sandy,NPK 20-10-10
38.7,13.3,12.6,7.94,1.46,37.9,57.8,1394.0,Sorghum,Silt,Superphosphate
41.8,58.8,39.1,6.25,1.94,33.6,85.5,1123.0,Beans,Clay,Organic Compost
34.1,32.9,23.7,5.55,2.38,21.4,45.9,1063.0,Beans,Sandy,NPK 15-15-15
25.5,45.7,40.3,4.81,0.84,32.5,46.4,416.0,Cassava,Loamy,NPK 20-10-10
17.9,22.9,25.1,6.33,1.85,32.2,49.9,1078.0,Wheat,Sandy,NPK 20-10-10
52.3,54.0,38.4,6.63,1.95,24.4,93.8,1006.0,Cassava,Clay,Organic Compost
39.4,29.1,25.1,6.86,1.36,29.8,84.0,595.0,Millet,Silt,NPK 15-15-15
38.8,16.8,28.7,5.49,1.11,30.6,63.7,1180.0,Sorghum,Silt,DAP
16.5,20.9,29.4,5.54,1.27,34.4,69.2,1770.0,Cassava,Sandy,NPK 15-15-15
21.7,8.7,19.5,4.57,1.51,36.4,92.2,911.0,Maize,Sandy,Potash
32.4,42.2,24.5,6.05,2.27,27.8,80.5,1848.0,Rice,Silt,NPK 20-10-10
33.8,59.0,32.8,5.37,1.99,36.4,82.2,1584.0,Wheat,Clay,Organic Compost
45.3,9.6,13.6,5.5,2.48,21.9,61.1,457.0,Maize,Silt,DAP
24.1,57.8,57.2,6.8,1.27,35.8,66.8,705.0,Sorghum,Clay,Organic Compost
32.4,24.9,42.4,6.82,0.95,26.0,79.8,788.0,Maize,Silt,DAP
25.2,40.1,43.5,4.6,2.14,27.8,41.4,1779.0,Rice,Clay,Organic Compost
24.1,29.7,40.5,7.88,2.14,30.9,83.8,552.0,Sorghum,Loamy,NPK 15-15-15
19.5,18.0,20.1,4.95,1.0,19.4,77.0,1220.0,Cassava,Silt,NPK 20-10-10
27.5,40.8,58.6,7.32,1.69,29.7,43.5,1083.0,Sorghum,Clay,Organic Compost
60.0,53.0,45.6,7.11,2.01,27.1,87.6,1388.0,Cassava,Clay,Organic Compost
35.1,27.7,14.4,6.89,2.44,32.7,44.4,491.0,Rice,Loamy,Potash
5.8,6.2,15.4,4.99,0.83,35.4,94.7,1687.0,Millet,Sandy,NPK 15-15-15
22.4,28.5,24.7,7.47,1.47,37.8,83.3,482.0,Cassava,Sandy,NPK 15-15-15
11.7,17.1,23.9,6.54,2.3,23.3,90.7,915.0,Sorghum,Sandy,NPK 20-10-10
41.3,59.2,31.7,7.64,1.5,26.4,76.5,718.0,Beans,Clay,Organic Compost
26.3,23.3,9.2,4.87,1.74,20.4,74.4,1998.0,Millet,Sandy,Potash
32.7,33.1,5.9,7.49,0.92,32.9,59.5,760.0,Maize,Sandy,Potash
30.2,29.0,53.4,6.51,1.93,21.5,94.9,1196.0,Cassava,Loamy,NPK 20-10-10
33.4,32.3,33.3,6.17,1.03,33.6,49.8,627.0,Sorghum,Clay,Organic Compost
8.4,5.8,13.8,8.13,0.42,19.3,72.1,1197.0,Cassava,Sandy,NPK 15-15-15
41.0,33.3,35.4,7.45,0.62,36.7,46.2,1134.0,Beans,Loamy,Potash
48.1,38.5,21.6,7.38,2.47,21.2,53.9,1247.0,Tomato,Loamy,Potash
14.2,36.4,46.3,5.6,1.68,34.1,41.6,938.0,Rice,Loamy,Urea
36.0,42.7,31.0,5.34,1.35,25.9,76.7,1926.0,Tomato,Silt,NPK 20-10-10
19.6,36.7,43.3,7.33,2.54,37.8,68.4,1777.0,Tomato,Loamy,Urea
9.3,49.0,48.5,6.42,1.16,20.2,43.0,1685.0,Sorghum,Silt,Urea
14.0,23.4,27.8,7.8,1.49,24.0,44.2,1766.0,Sorghum,Sandy,NPK 20-10-10
28.7,48.3,51.8,7.17,0.56,37.7,69.9,1373.0,Maize,Clay,Urea
16.7,33.3,26.8,8.2,1.9,20.0,78.2,1426.0,Sorghum,Sandy,NPK 20-10-10
12.4,27.0,27.6,6.4,0.61,26.3,86.2,886.0,Wheat,Sandy,NPK 20-10-10
33.8,34.2,25.7,5.8,1.99,26.0,56.5,1521.0,Maize,Clay,Organic Compost
46.2,28.4,35.4,4.62,1.15,22.7,88.7,434.0,Millet,Loamy,Potash
26.3,23.1,19.1,5.53,2.41,18.9,65.1,823.0,Wheat,Loamy,Potash
22.5,10.4,46.2,6.43,0.55,33.0,82.9,1138.0,Tomato,Silt,DAP
48.3,48.4,34.4,6.5,0.65,20.7,63.3,1869.0,Wheat,Loamy,Potash
6.9,14.0,16.2,8.06,0.82,20.0,43.0,1235.0,Sorghum,Sandy,NPK 15-15-15
22.6,25.7,12.4,7.52,2.1,24.4,71.6,925.0,Beans,Loamy,NPK 20-10-10
50.3,34.0,30.1,5.48,1.17,27.4,81.5,718.0,Sorghum,Clay,Organic Compost
10.4,20.2,15.8,6.72,2.34,35.7,64.4,1612.0,Beans,Sandy,NPK 20-10-10
31.5,26.4,6.8,5.41,2.13,18.4,68.5,1377.0,Millet,Sandy,Potash
7.2,25.4,28.7,4.89,1.47,31.0,58.8,993.0,Millet,Sandy,NPK 20-10-10
12.1,18.0,20.5,4.82,1.35,21.0,52.8,970.0,Millet,Sandy,NPK 20-10-10
15.1,27.1,13.7,5.43,0.59,21.3,67.6,1884.0,Cassava,Loamy,NPK 20-10-10
21.8,34.1,36.9,4.9,1.8,20.9,84.0,1346.0,Tomato,Clay,Organic Compost
14.5,26.2,18.6,6.84,1.31,31.4,75.3,879.0,Rice,Sandy,NPK 20-10-10
22.9,21.6,50.1,6.84,2.43,31.5,51.5,467.0,Tomato,Clay,Organic Compost
52.3,42.5,50.7,7.3,1.85,29.3,71.9,1212.0,Cassava,Loamy,Organic Compost
32.5,21.8,18.1,5.28,1.01,29.7,48.3,405.0,Rice,Sandy,Potash
52.5,37.0,29.4,8.14,1.21,37.2,91.8,1504.0,Maize,Loamy,Potash
33.6,35.5,28.7,5.44,0.7,35.0,40.1,1079.0,Millet,Clay,Organic Compost
43.4,42.5,35.9,7.05,2.17,25.7,64.8,792.0,Cassava,Silt,Potash
51.9,39.0,21.6,7.25,2.49,36.5,79.3,1436.0,Beans,Clay,Organic Compost
31.1,43.7,58.4,7.72,1.07,25.3,57.1,1248.0,Wheat,Clay,Organic Compost
57.2,41.9,47.6,8.03,1.89,21.3,58.0,521.0,Millet,Clay,Organic Compost
39.0,15.9,21.4,5.75,2.25,21.7,41.9,1398.0,Cassava,Silt,DAP
44.9,30.2,35.6,6.98,0.51,21.5,65.5,675.0,Wheat,Loamy,Potash
30.3,48.5,37.6,7.94,1.41,27.4,57.1,530.0,Maize,Loamy,NPK 20-10-10
49.5,34.7,21.3,7.28,0.96,35.9,85.3,886.0,Wheat,Clay,Organic Compost
29.6,32.8,5.5,6.71,0.99,25.5,45.0,1597.0,Beans,Sandy,Potash
24.9,61.9,34.6,8.02,1.89,20.2,83.0,1297.0,Millet,Clay,Organic Compost
60.0,61.9,44.2,5.19,1.15,22.2,73.4,1040.0,Rice,Clay,Organic Compost
48.5,16.3,25.4,6.49,0.94,26.0,43.1,466.0,Millet,Silt,DAP
37.7,11.5,36.2,6.92,2.21,22.1,70.3,1842.0,Maize,Silt,DAP
15.3,34.0,9.7,4.94,2.6,25.9,48.2,1294.0,Wheat,Sandy,Organic Compost
36.3,38.9,12.2,6.4,2.48,26.0,92.5,1942.0,Sorghum,Loamy,Potash
29.9,26.3,27.8,5.47,2.42,22.7,75.5,1816.0,Millet,Sandy,NPK 15-15-15
49.0,59.0,38.8,6.73,0.71,19.3,41.2,1163.0,Beans,Clay,Organic Compost
27.6,31.2,57.4,4.87,1.48,33.8,87.9,1509.0,Rice,Clay,Organic Compost
9.7,28.1,13.9,5.75,0.79,26.7,58.4,971.0,Wheat,Sandy,NPK 15-15-15
16.8,35.0,40.8,6.52,0.72,30.3,62.7,975.0,Cassava,Loamy,Urea
28.9,31.6,16.1,7.0,1.02,32.8,43.7,875.0,Beans,Loamy,Potash
13.5,46.0,53.5,5.89,1.77,25.5,70.5,1582.0,Cassava,Loamy,Urea
28.2,42.9,47.7,6.63,0.68,25.1,81.0,635.0,Maize,Clay,Organic Compost
46.0,26.7,27.4,8.08,1.65,20.0,92.7,1000.0,Cassava,Loamy,Potash
48.8,53.2,28.5,5.04,1.63,21.2,64.3,1396.0,Rice,Loamy,Potash
42.3,27.5,29.9,7.64,1.45,37.7,43.4,834.0,Beans,Loamy,Potash
23.0,29.8,19.0,5.11,0.99,19.7,50.8,498.0,Rice,Silt,Potash
12.1,53.2,44.6,5.49,2.33,35.4,80.8,1348.0,Rice,Loamy,Urea
39.5,54.0,24.7,7.09,2.58,18.2,54.2,1656.0,Beans,Clay,Organic Compost
49.3,12.0,36.4,6.87,0.85,22.3,75.8,1447.0,Tomato,Silt,DAP
41.5,25.8,22.1,6.7,1.76,34.2,62.9,1623.0,Cassava,Loamy,Potash
35.3,51.1,24.9,7.17,1.67,26.3,87.5,651.0,Cassava,Loamy,NPK 15-15-15
15.3,25.5,11.9,6.32,1.55,22.9,61.3,819.0,Tomato,Sandy,NPK 20-10-10
31.7,11.8,23.0,6.21,2.45,30.2,91.8,1239.0,Tomato,Silt,DAP
36.3,27.2,43.3,7.75,1.97,19.8,74.2,1591.0,Rice,Loamy,NPK 15-15-15
36.6,21.2,10.6,7.79,2.49,25.5,94.6,1771.0,Rice,Silt,Potash
59.3,50.5,34.2,5.21,1.35,21.7,41.2,1130.0,Tomato,Clay,Organic Compost
31.1,8.7,23.9,6.61,2.55,23.1,53.0,1404.0,Wheat,Sandy,DAP
15.3,20.6,8.2,7.17,1.12,22.7,73.3,803.0,Millet,Silt,NPK 20-10-10
22.9,19.1,19.7,8.19,0.47,21.2,87.6,1256.0,Sorghum,Sandy,Superphosphate
38.4,32.4,8.7,7.86,1.55,18.2,51.5,961.0,Millet,Silt,Potash
31.8,57.6,44.7,5.71,0.59,33.0,79.5,404.0,Sorghum,Clay,Organic Compost
12.9,14.0,33.9,7.61,1.8,27.9,58.0,936.0,Millet,Sandy,NPK 20-10-10
41.3,29.5,54.7,5.16,0.57,25.4,94.0,438.0,Wheat,Loamy,Organic Compost
49.5,22.4,36.5,7.7,1.88,19.8,48.2,814.0,Maize,Silt,Potash
19.3,28.3,18.0,6.25,1.2,37.8,61.4,480.0,Millet,Loamy,NPK 20-10-10
35.5,54.4,37.5,6.6,1.51,35.5,71.2,1007.0,Beans,Clay,Organic Compost
19.4,20.0,31.9,7.59,1.62,27.2,43.6,1952.0,Wheat,Silt,Urea
30.0,31.7,14.0,6.53,2.12,18.4,94.3,918.0,Rice,Sandy,Potash
22.0,24.7,33.5,7.91,1.53,24.5,64.8,824.0,Wheat,Clay,Organic Compost
16.4,25.6,16.8,7.48,1.72,22.0,49.0,810.0,Sorghum,Sandy,NPK 20-10-10
53.8,44.0,51.3,5.81,1.76,25.8,87.6,1995.0,Millet,Loamy,Organic Compost
45.0,12.0,28.2,7.21,1.73,28.8,61.2,753.0,Millet,Silt,DAP
38.4,15.7,16.8,6.1,0.68,21.0,44.5,870.0,Tomato,Loamy,Urea
41.3,61.4,40.2,7.72,0.82,23.3,58.1,1985.0,Cassava,Clay,Organic Compost
55.5,29.8,44.9,5.1,1.67,22.4,72.2,1086.0,Beans,Clay,Organic Compost
33.8,25.6,18.2,6.35,0.7,26.5,57.8,1269.0,Millet,Loamy,Potash
13.4,21.7,30.0,4.72,0.6,33.9,58.7,811.0,Maize,Sandy,NPK 20-10-10
20.3,9.8,17.2,5.46,0.77,37.6,64.5,1506.0,Rice,Sandy,Superphosphate
13.4,18.9,37.9,5.91,1.48,18.4,40.2,1051.0,Maize,Silt,NPK 20-10-10
33.5,32.8,19.0,5.56,1.46,20.1,91.9,1474.0,Beans,Sandy,Potash
18.3,39.6,24.9,7.7,2.58,24.4,70.3,781.0,Maize,Silt,Urea
49.3,45.2,19.5,4.94,1.76,24.4,54.0,1272.0,Rice,Silt,Potash
24.7,18.7,19.9,7.16,1.43,27.4,93.7,1869.0,Millet,Loamy,DAP
22.7,43.1,19.5,5.04,2.47,29.2,59.2,1826.0,Millet,Loamy,Potash
16.8,26.2,24.9,6.25,1.52,28.6,60.6,533.0,Wheat,Sandy,NPK 20-10-10
46.8,29.0,26.2,6.75,0.45,29.4,65.8,1107.0,Tomato,Loamy,Potash
12.7,24.2,40.7,7.33,1.53,29.0,65.0,440.0,Beans,Silt,Urea
21.6,24.8,34.6,6.38,1.88,37.2,55.3,1126.0,Tomato,Sandy,NPK 15-15-15
50.4,36.3,51.7,5.05,2.17,22.3,42.7,579.0,Tomato,Loamy,NPK 20-10-10
26.0,46.4,40.5,5.91,1.58,35.2,79.9,1192.0,Maize,Clay,Organic Compost
28.2,18.4,16.9,6.86,2.46,18.8,67.3,711.0,Rice,Loamy,Superphosphate
41.1,48.8,28.4,6.95,2.38,32.0,93.0,793.0,Cassava,Silt,Potash
43.8,10.2,42.0,6.22,1.92,32.9,63.3,634.0,Millet,Silt,DAP
5.8,11.8,31.2,4.76,0.42,35.6,82.2,806.0,Sorghum,Sandy,NPK 20-10-10
13.0,27.3,44.3,6.97,1.69,26.3,53.6,1382.0,Sorghum,Silt,Urea
28.8,25.1,23.0,7.52,1.43,26.0,68.7,1340.0,Cassava,Clay,Organic Compost
15.9,44.5,28.2,6.64,0.75,35.2,91.6,1116.0,Beans,Silt,Urea
20.7,28.7,26.2,6.6,0.97,22.2,93.6,849.0,Wheat,Silt,NPK 15-15-15
22.9,45.0,61.4,7.61,1.07,19.9,65.3,558.0,Sorghum,Clay,Organic Compost
47.4,52.9,42.7,5.12,0.73,33.3,63.6,1200.0,Beans,Clay,Organic Compost
25.6,28.6,57.3,7.15,2.27,35.5,72.4,887.0,Maize,Clay,Organic Compost
42.3,41.7,29.3,5.9,0.78,19.5,57.9,1900.0,Wheat,Silt,Potash
26.5,13.2,11.0,6.51,1.72,26.7,55.8,421.0,Sorghum,Silt,Superphosphate
45.5,26.6,53.3,5.05,2.15,28.3,79.4,533.0,Millet,Clay,Organic Compost
27.4,25.8,51.4,6.04,1.82,18.2,50.1,1593.0,Tomato,Clay,Organic Compost
27.4,55.0,34.6,6.46,1.67,25.5,45.2,811.0,Sorghum,Clay,Organic Compost
27.2,29.7,29.4,4.51,2.05,27.6,82.6,1936.0,Wheat,Sandy,NPK 15-15-15
20.8,45.5,18.7,5.8,2.35,20.0,67.2,1330.0,Wheat,Silt,Potash
21.7,37.5,39.1,7.99,2.06,30.0,51.6,1842.0,Cassava,Clay,Organic Compost
33.4,34.3,13.5,5.01,1.78,26.5,61.4,1290.0,Rice,Sandy,Potash
22.1,33.6,11.0,7.09,2.16,35.6,81.5,1211.0,Beans,Silt,Potash
45.8,14.7,42.5,4.81,0.46,28.0,46.6,920.0,Sorghum,Loamy,DAP
43.5,45.7,32.7,8.15,0.84,19.7,57.5,1620.0,Maize,Loamy,DAP
22.1,29.2,30.4,5.38,1.0,31.7,87.3,669.0,Cassava,Sandy,NPK 15-15-15
19.8,26.5,46.2,7.25,1.45,32.3,62.3,737.0,Rice,Loamy,Urea
57.8,53.1,50.4,6.61,2.18,18.6,72.5,818.0,Wheat,Clay,Organic Compost
21.2,18.7,37.3,7.98,1.86,27.7,91.5,1710.0,Tomato,Loamy,DAP
28.6,19.1,42.3,5.55,1.95,35.5,70.4,650.0,Cassava,Silt,Urea
21.6,34.4,44.4,6.54,0.77,30.1,62.6,1164.0,Beans,Clay,Organic Compost
20.8,10.2,10.5,6.76,1.87,30.1,90.8,1671.0,Millet,Sandy,Superphosphate
23.6,24.4,17.9,8.01,1.42,33.8,66.5,1660.0,Wheat,Sandy,Potash
41.0,43.0,24.9,6.96,2.28,35.4,60.7,1056.0,Tomato,Clay,Organic Compost
6.6,6.9,6.6,6.21,2.13,19.9,77.9,674.0,Cassava,Sandy,Organic Compost
22.8,13.5,14.7,5.81,2.44,35.3,69.0,1942.0,Sorghum,Sandy,Superphosphate
40.5,57.6,47.8,8.02,1.57,36.2,82.2,1716.0,Wheat,Clay,Organic Compost
46.4,30.8,55.9,6.67,0.79,26.4,50.0,1133.0,Maize,Clay,DAP
49.6,15.3,24.1,7.95,1.92,19.4,88.6,702.0,Beans,Silt,DAP
49.8,47.7,20.2,5.42,1.16,26.0,44.1,1481.0,Millet,Clay,Organic Compost
53.5,28.5,41.5,7.89,0.55,22.6,54.6,1375.0,Sorghum,Clay,Organic Compost
31.7,34.9,43.8,5.56,1.78,36.5,91.6,1012.0,Wheat,Silt,NPK 15-15-15
51.6,16.2,15.5,5.19,1.82,24.1,53.2,1679.0,Beans,Loamy,Superphosphate
26.4,25.7,47.6,4.94,0.65,26.7,72.3,1213.0,Millet,Silt,NPK 15-15-15
9.7,15.0,31.3,8.02,1.02,25.3,52.7,1948.0,Sorghum,Silt,NPK 20-10-10
9.0,33.3,24.5,6.59,0.58,19.8,45.1,1736.0,Tomato,Silt,Urea
33.3,38.3,24.1,7.61,1.2,31.4,75.3,1863.0,Millet,Clay,Organic Compost
9.7,18.3,7.8,5.95,2.55,22.1,78.8,816.0,Tomato,Sandy,NPK 15-15-15
24.4,32.6,60.3,6.8,0.67,19.4,93.4,674.0,Wheat,Clay,Organic Compost
35.9,21.7,40.6,5.87,1.68,19.9,88.4,1353.0,Millet,Loamy,Organic Compost
58.0,25.8,34.0,7.33,0.9,24.3,82.4,1540.0,Wheat,Clay,Organic Compost
35.8,50.2,40.4,6.69,2.18,24.1,64.4,1499.0,Sorghum,Loamy,NPK 20-10-10
18.9,38.2,39.5,7.67,0.59,36.0,44.7,1592.0,Sorghum,Loamy,Urea
51.7,31.6,13.1,6.43,1.57,32.9,59.7,518.0,Millet,Loamy,Potash
35.4,48.4,23.6,6.61,2.55,24.3,64.0,1991.0,Beans,Loamy,NPK 20-10-10
35.6,21.9,52.0,5.24,2.36,26.4,48.0,794.0,Wheat,Clay,Organic Compost
30.8,30.5,44.5,5.45,2.46,19.0,48.6,1086.0,Cassava,Clay,Organic Compost
51.4,37.8,48.7,7.46,0.75,19.6,74.6,1972.0,Rice,Loamy,NPK 20-10-10
12.7,40.7,36.7,7.96,1.96,20.1,73.5,1046.0,Tomato,Silt,Urea
57.8,51.9,20.9,5.04,1.2,31.7,74.9,1206.0,Tomato,Clay,Organic Compost
24.0,45.0,54.0,5.51,0.84,31.5,49.7,1181.0,Tomato,Clay,Organic Compost
46.2,16.0,28.3,4.99,1.96,38.0,56.6,1880.0,Wheat,Silt,DAP
25.2,25.5,33.3,7.19,2.26,23.7,49.3,1424.0,Beans,Sandy,NPK 15-15-15
43.9,34.5,47.6,5.81,1.02,22.3,93.7,1087.0,Rice,Silt,NPK 20-10-10
24.4,45.1,38.6,6.44,1.37,27.3,85.9,645.0,Wheat,Loamy,Urea
19.9,29.5,25.1,8.16,1.74,28.2,72.0,1811.0,Wheat,Sandy,NPK 20-10-10
53.0,20.1,13.1,6.84,1.78,24.4,69.7,1355.0,Rice,Loamy,Potash
18.1,45.2,28.7,6.89,1.34,21.2,78.5,1068.0,Cassava,Loamy,Urea
50.4,43.3,36.8,6.81,1.19,23.3,72.6,1584.0,Beans,Loamy,Potash
24.3,23.8,25.9,7.11,0.46,25.1,80.9,1288.0,Cassava,Silt,NPK 15-15-15
45.8,29.2,39.0,5.23,1.44,23.8,94.6,750.0,Sorghum,Silt,Potash
40.9,42.0,30.2,5.38,1.23,32.9,78.5,1996.0,Wheat,Clay,Urea
28.2,41.5,28.2,7.96,1.52,27.4,56.9,1118.0,Millet,Clay,Organic Compost
32.0,12.2,12.3,5.58,1.44,22.5,47.2,554.0,Tomato,Silt,Superphosphate
48.5,31.9,38.5,6.83,1.19,37.6,78.1,1325.0,Tomato,Clay,Organic Compost
13.8,7.3,30.1,7.85,2.54,26.1,92.1,1524.0,Cassava,Sandy,NPK 20-10-10
53.6,35.0,45.5,7.37,1.74,26.5,47.4,1997.0,Beans,Loamy,Superphosphate
17.0,13.0,7.3,7.83,1.53,37.4,88.3,1190.0,Cassava,Sandy,NPK 15-15-15
54.7,38.0,48.2,8.14,0.89,36.5,83.7,1127.0,Sorghum,Loamy,NPK 20-10-10
28.9,18.9,43.3,7.36,0.86,25.4,43.0,1292.0,Rice,Loamy,DAP
21.1,25.0,21.3,7.99,1.53,22.9,41.1,554.0,Cassava,Clay,Organic Compost
38.8,19.1,26.5,6.81,0.87,23.8,47.8,1539.0,Maize,Silt,DAP
36.4,19.3,47.0,7.3,0.8,35.7,61.7,1142.0,Millet,Loamy,DAP
19.1,23.4,52.3,7.97,2.18,21.4,72.7,1114.0,Maize,Loamy,Superphosphate
44.0,11.8,19.4,5.06,1.67,33.2,54.6,1651.0,Wheat,Silt,Superphosphate
22.4,31.5,54.2,7.23,0.85,37.3,77.5,1127.0,Maize,Loamy,NPK 15-15-15
26.9,11.0,8.8,7.7,1.9,34.3,82.1,1845.0,Millet,Sandy,Superphosphate
17.9,12.4,28.3,6.34,0.65,30.1,60.0,1130.0,Maize,Silt,NPK 20-10-10
25.6,20.3,18.2,6.02,0.45,33.4,93.2,610.0,Maize,Sandy,Potash
37.8,21.1,35.3,7.89,0.88,31.6,84.7,552.0,Millet,Silt,NPK 15-15-15
43.5,34.2,38.0,6.9,0.74,23.9,45.5,993.0,Beans,Loamy,Potash
35.6,45.9,45.0,6.25,1.93,21.0,44.1,957.0,Beans,Clay,Organic Compost
46.6,44.3,46.6,6.09,1.03,18.1,41.1,1955.0,Beans,Clay,Organic Compost
43.5,33.5,36.0,7.42,0.68,21.8,70.6,555.0,Tomato,Silt,Potash
30.1,14.7,11.1,8.05,2.41,24.3,89.2,1810.0,Millet,Sandy,Superphosphate
59.1,51.2,45.9,8.03,2.3,19.5,67.4,1833.0,Maize,Clay,Organic Compost
56.1,52.7,27.0,5.17,2.23,22.2,47.9,1852.0,Wheat,Clay,Organic Compost
38.9,30.5,23.8,8.15,1.6,30.8,62.5,1201.0,Cassava,Loamy,NPK 15-15-15
23.8,29.4,29.1,4.54,1.58,25.5,73.4,1811.0,Cassava,Sandy,NPK 15-15-15
51.0,24.3,25.4,5.33,1.28,28.2,61.9,1404.0,Maize,Clay,Organic Compost
19.4,23.3,29.4,4.99,1.25,33.2,55.3,1623.0,Sorghum,Silt,Urea
28.2,60.0,26.5,8.2,0.9,32.2,56.8,531.0,Millet,Clay,Organic Compost
22.4,19.4,23.9,4.85,1.89,33.7,52.7,1667.0,Millet,Sandy,DAP
46.6,41.6,33.7,5.87,1.64,28.4,93.4,1722.0,Sorghum,Loamy,Potash
37.3,42.3,19.6,7.57,1.79,19.3,43.3,1498.0,Rice,Loamy,Potash
19.0,21.5,28.9,6.84,0.81,33.8,53.7,1695.0,Wheat,Loamy,Urea
51.5,42.3,50.1,5.78,2.3,27.5,50.4,1995.0,Rice,Loamy,Organic Compost
18.7,34.6,21.5,6.34,0.83,26.4,67.4,1542.0,Maize,Sandy,NPK 20-10-10
8.0,27.9,5.1,6.88,2.22,33.3,48.1,1751.0,Sorghum,Sandy,Potash
29.7,10.5,18.4,7.97,0.86,33.6,72.1,1049.0,Wheat,Sandy,Superphosphate
42.7,42.2,23.7,7.08,1.57,33.0,42.8,938.0,Cassava,Silt,Potash
28.7,42.3,61.2,4.66,1.51,20.8,72.0,785.0,Sorghum,Clay,Organic Compost
48.2,8.2,42.9,5.47,0.84,35.7,56.7,1334.0,Maize,Silt,DAP
24.3,58.7,47.2,7.8,2.09,33.5,72.4,410.0,Cassava,Clay,Organic Compost
26.8,31.3,10.5,5.54,0.75,30.9,64.1,564.0,Millet,Sandy,Potash
19.7,12.8,9.8,6.17,0.9,26.1,61.0,1905.0,Maize,Sandy,NPK 15-15-15
46.1,24.7,32.7,7.32,0.41,37.1,65.5,1615.0,Maize,Loamy,Potash
29.3,43.3,37.2,6.47,2.12,25.1,66.2,1373.0,Beans,Clay,Organic Compost
18.4,38.7,18.2,7.37,0.83,30.9,72.0,1081.0,Sorghum,Loamy,NPK 20-10-10
25.0,48.4,37.2,6.99,2.33,31.1,48.8,1066.0,Millet,Clay,Organic Compost
35.0,38.0,40.0,4.94,1.95,25.3,51.6,1239.0,Rice,Silt,NPK 15-15-15
48.2,18.7,29.5,5.49,0.51,24.8,79.5,1237.0,Cassava,Loamy,DAP
33.1,25.1,44.8,7.52,2.14,22.7,63.9,1283.0,Cassava,Clay,Organic Compost
25.6,59.1,26.1,8.16,1.72,28.0,50.4,1777.0,Rice,Clay,Organic Compost
22.0,20.9,50.6,5.27,1.72,32.5,67.0,1450.0,Cassava,Clay,Organic Compost
20.9,37.4,47.9,7.43,0.51,25.3,86.9,1762.0,Millet,Loamy,NPK 15-15-15
17.1,33.8,8.2,7.47,1.32,32.9,43.0,417.0,Wheat,Sandy,NPK 20-10-10
41.2,38.3,54.9,5.78,2.27,20.2,49.4,1165.0,Millet,Loamy,NPK 20-10-10
16.8,53.1,44.9,7.23,1.61,25.9,46.0,1392.0,Tomato,Loamy,Urea
35.2,37.7,47.6,6.02,1.36,19.2,55.8,530.0,Sorghum,Loamy,NPK 15-15-15
37.1,59.3,25.0,5.05,2.05,18.4,75.8,1596.0,Cassava,Clay,Organic Compost
16.5,54.7,49.0,7.2,0.81,26.6,79.0,562.0,Maize,Loamy,Urea
9.5,10.9,15.9,6.17,1.37,31.8,65.9,695.0,Beans,Sandy,NPK 15-15-15
20.6,32.7,7.9,7.48,1.08,32.5,54.2,1016.0,Cassava,Sandy,Potash
10.0,15.4,20.9,6.93,0.57,19.9,79.5,986.0,Millet,Sandy,NPK 20-10-10
22.9,33.6,27.0,7.45,1.74,25.4,92.9,530.0,Maize,Sandy,NPK 15-15-15
38.1,54.2,48.2,7.65,2.21,27.1,61.6,1230.0,Maize,Loamy,NPK 20-10-10
13.3,45.5,38.9,4.73,1.85,33.2,87.4,927.0,Cassava,Silt,Urea
30.5,31.3,7.3,5.55,0.63,26.0,40.3,1653.0,Maize,Sandy,Potash
39.2,37.9,21.2,7.4,1.81,22.4,41.6,1610.0,Sorghum,Silt,NPK 15-15-15
37.7,58.7,50.2,7.45,0.99,34.7,62.8,1967.0,Wheat,Clay,Organic Compost
58.4,59.8,20.7,5.36,1.75,18.1,57.5,714.0,Sorghum,Clay,Organic Compost
27.9,42.5,36.7,8.17,0.54,34.8,95.0,1267.0,Sorghum,Clay,Organic Compost
15.5,10.4,22.5,7.99,0.47,27.9,79.8,1089.0,Rice,Sandy,NPK 20-10-10
45.1,22.9,43.0,6.39,0.8,28.7,65.5,1349.0,Cassava,Clay,Organic Compost
40.8,23.0,27.9,6.08,1.47,34.0,79.0,468.0,Cassava,Silt,Potash
43.4,54.4,38.6,5.91,0.56,24.7,68.9,1809.0,Wheat,Loamy,Potash
35.5,20.0,46.4,5.31,0.94,18.3,69.2,796.0,Beans,Clay,Organic Compost
50.3,34.9,23.0,6.98,0.45,26.8,42.9,1296.0,Millet,Clay,Organic Compost
50.0,29.6,30.2,6.04,1.95,20.3,88.7,804.0,Sorghum,Clay,Organic Compost
23.9,29.6,14.6,6.22,1.07,21.4,61.2,1632.0,Sorghum,Loamy,Potash
48.9,13.3,43.9,8.12,1.66,19.2,90.7,1099.0,Maize,Silt,DAP
25.9,29.0,32.0,7.85,1.51,35.8,49.4,1387.0,Beans,Silt,NPK 15-15-15
16.9,10.9,19.0,7.02,1.01,32.6,88.1,1511.0,Maize,Silt,NPK 15-15-15
47.8,40.0,21.6,7.18,1.88,33.0,57.6,1215.0,Sorghum,Silt,Potash
15.8,19.6,14.9,7.16,0.49,37.1,70.2,834.0,Beans,Sandy,DAP
49.2,42.1,41.7,5.63,0.83,23.0,60.6,1637.0,Rice,Clay,Organic Compost
21.6,21.8,31.5,5.82,0.82,35.7,56.8,1149.0,Maize,Clay,Organic Compost
46.0,51.4,31.4,4.71,2.14,23.8,57.7,1064.0,Rice,Clay,NPK 20-10-10
49.1,49.5,19.9,8.11,1.86,29.9,79.7,1610.0,Millet,Loamy,Potash
22.6,5.2,5.3,6.24,1.63,32.1,81.4,1337.0,Sorghum,Sandy,Superphosphate
30.9,54.3,37.8,7.81,0.68,32.1,63.6,604.0,Sorghum,Clay,Organic Compost
20.3,27.2,23.3,5.94,1.27,18.3,60.2,1030.0,Rice,Silt,NPK 15-15-15
19.4,37.3,13.5,5.73,1.76,30.5,49.9,943.0,Cassava,Loamy,NPK 20-10-10
25.6,27.2,6.2,7.26,2.33,36.3,43.1,1814.0,Cassava,Sandy,Potash
24.0,20.6,20.4,5.13,1.85,29.6,73.7,1234.0,Maize,Silt,NPK 15-15-15
24.6,6.6,34.6,6.65,1.8,29.4,78.0,1451.0,Sorghum,Sandy,DAP
9.9,11.6,33.9,5.82,1.1,22.6,66.5,1849.0,Rice,Sandy,NPK 20-10-10
48.0,52.7,42.7,6.7,1.88,32.7,87.3,1454.0,Rice,Loamy,Organic Compost
35.7,23.6,50.6,8.17,0.61,26.8,78.5,448.0,Rice,Clay,Organic Compost
32.3,47.7,45.5,7.09,0.93,21.4,40.9,1169.0,Millet,Clay,Organic Compost
35.6,47.8,46.5,5.84,1.05,19.6,81.6,1194.0,Tomato,Loamy,NPK 20-10-10
23.8,32.6,30.7,5.5,2.14,32.1,68.6,1506.0,Tomato,Loamy,NPK 20-10-10
28.9,42.7,34.5,5.92,1.31,32.3,43.6,1741.0,Millet,Loamy,Potash
54.0,35.7,39.3,5.88,0.6,30.2,77.9,704.0,Rice,Clay,Organic Compost
45.3,42.2,51.2,7.51,2.26,37.2,86.4,1674.0,Wheat,Loamy,Organic Compost
39.2,53.3,43.0,5.46,0.76,23.6,66.4,1444.0,Millet,Loamy,NPK 20-10-10
25.0,46.7,27.7,4.79,1.6,18.1,77.1,1747.0,Rice,Loamy,NPK 20-10-10
36.5,12.1,17.6,5.34,0.85,24.7,89.9,759.0,Millet,Silt,Superphosphate
29.7,36.3,41.8,8.04,0.41,26.0,49.8,643.0,Sorghum,Silt,NPK 15-15-15
22.1,55.1,51.6,6.01,1.34,31.6,40.6,1019.0,Tomato,Clay,Organic Compost
35.7,22.6,28.1,7.15,1.77,24.6,42.7,443.0,Rice,Loamy,NPK 15-15-15
46.2,15.5,48.5,5.29,1.17,35.2,86.1,1224.0,Cassava,Loamy,NPK 15-15-15
31.0,27.7,40.9,7.27,1.51,22.8,87.8,1795.0,Cassava,Clay,Organic Compost
17.7,34.0,40.8,6.25,1.07,35.7,61.0,1866.0,Sorghum,Silt,Urea
8.7,13.0,34.2,7.16,1.45,28.4,44.8,1653.0,Millet,Sandy,Potash
29.7,37.9,29.9,8.05,2.16,37.2,68.5,884.0,Cassava,Loamy,NPK 15-15-15
32.8,7.9,29.2,7.39,1.85,33.7,44.8,998.0,Wheat,Sandy,DAP
27.8,10.1,18.9,7.62,2.36,36.5,47.9,1501.0,Beans,Silt,Superphosphate
54.6,31.0,41.0,5.71,1.4,23.8,58.7,836.0,Tomato,Clay,Organic Compost
45.2,58.7,36.4,6.93,2.52,27.3,82.9,1952.0,Sorghum,Clay,Organic Compost
16.1,20.4,36.8,6.98,0.7,27.0,63.2,1504.0,Wheat,Silt,Urea
37.7,15.6,40.8,6.13,1.58,34.0,50.0,736.0,Rice,Loamy,DAP
12.9,26.6,18.7,6.78,2.13,18.9,73.6,942.0,Tomato,Sandy,NPK 20-10-10
33.2,22.9,30.4,5.45,1.2,33.7,52.9,2000.0,Maize,Sandy,NPK 15-15-15
16.5,29.8,26.4,8.09,0.72,33.0,74.7,1762.0,Beans,Loamy,Urea
12.6,30.0,20.8,6.92,1.02,34.3,64.4,1693.0,Millet,Sandy,NPK 20-10-10
12.3,11.9,48.0,7.19,0.78,30.0,83.0,1358.0,Sorghum,Silt,NPK 20-10-10
22.1,46.6,39.9,6.9,1.04,21.2,93.6,1783.0,Millet,Clay,Organic Compost
22.7,46.4,36.0,5.74,0.95,21.6,47.7,594.0,Millet,Clay,Organic Compost
28.4,16.6,21.5,7.26,1.17,31.3,51.3,1611.0,Beans,Loamy,DAP
47.1,30.0,17.2,6.6,1.31,36.3,57.0,1818.0,Rice,Silt,Potash
19.9,15.7,49.2,6.61,2.52,28.3,72.5,1995.0,Tomato,Loamy,NPK 20-10-10
29.8,13.9,20.8,5.38,2.59,36.7,88.1,1042.0,Maize,Sandy,DAP
24.4,41.8,10.4,4.68,1.85,33.5,61.1,1479.0,Maize,Silt,Potash
29.9,22.5,17.7,4.69,1.24,33.9,69.8,682.0,Wheat,Sandy,Potash
18.0,7.9,34.2,5.44,2.15,18.3,54.1,939.0,Millet,Sandy,NPK 20-10-10
14.2,28.6,29.3,6.39,1.52,28.2,49.2,1700.0,Tomato,Sandy,NPK 20-10-10
47.1,45.8,45.6,7.99,1.73,34.6,84.1,832.0,Millet,Loamy,Organic Compost
8.1,20.9,5.1,5.39,1.47,24.1,82.4,1420.0,Tomato,Sandy,NPK 20-10-10
12.6,20.6,27.9,6.73,0.52,27.3,92.8,1846.0,Wheat,Sandy,NPK 20-10-10
13.0,31.6,28.1,7.0,0.56,36.5,80.5,1954.0,Maize,Loamy,Urea
40.5,48.4,20.8,4.54,1.08,26.7,74.4,821.0,Cassava,Loamy,Potash
42.6,17.5,41.6,7.98,1.3,29.0,40.5,1536.0,Tomato,Silt,DAP
48.3,18.4,48.2,6.51,1.21,36.8,73.7,462.0,Wheat,Loamy,DAP
32.7,10.0,19.6,6.43,1.64,28.7,64.1,1541.0,Rice,Sandy,Superphosphate
21.6,55.4,51.5,7.44,1.05,35.0,78.0,1950.0,Millet,Clay,Urea
49.5,26.6,19.7,7.76,1.12,32.1,58.3,1913.0,Rice,Silt,Potash
54.5,22.6,23.9,7.6,1.11,21.5,72.3,807.0,Beans,Clay,Organic Compost
50.2,47.8,50.1,5.75,1.88,36.1,77.7,1995.0,Cassava,Loamy,Organic Compost
29.1,19.6,44.8,7.97,1.65,19.2,59.1,702.0,Maize,Silt,DAP
15.3,27.0,29.9,7.57,0.73,22.7,52.3,876.0,Sorghum,Sandy,Organic Compost
39.1,19.0,34.9,6.52,0.62,22.8,53.3,1182.0,Sorghum,Silt,DAP
25.3,31.3,21.7,7.27,1.94,31.4,74.0,876.0,Maize,Clay,Organic Compost
43.5,46.9,43.2,6.94,2.21,33.2,92.0,410.0,Sorghum,Loamy,Organic Compost
17.0,15.2,27.4,6.48,1.56,19.0,65.4,1373.0,Sorghum,Sandy,NPK 20-10-10
35.7,51.2,17.0,5.64,0.53,24.5,78.2,910.0,Rice,Loamy,Potash
26.9,35.2,52.1,6.38,0.77,20.9,89.4,1817.0,Beans,Loamy,NPK 15-15-15
15.0,17.7,46.7,5.99,0.86,28.5,86.8,1733.0,Sorghum,Silt,NPK 20-10-10
45.5,53.4,40.2,6.71,2.39,25.2,67.1,1775.0,Millet,Loamy,Organic Compost
37.4,48.0,34.3,6.0,0.54,22.2,58.2,1043.0,Cassava,Loamy,NPK 20-10-10
23.0,44.7,20.3,7.94,0.96,34.7,60.9,1998.0,Rice,Clay,Organic Compost
27.7,38.0,10.7,6.15,1.0,33.9,69.3,1424.0,Beans,Silt,Potash
25.4,18.3,17.5,8.07,0.66,30.9,43.3,1496.0,Wheat,Sandy,Superphosphate
51.5,25.5,31.5,5.43,1.74,23.2,68.4,1107.0,Tomato,Clay,Organic Compost
32.7,34.0,15.5,7.88,2.14,22.5,71.0,1004.0,Maize,Sandy,Potash
34.1,34.5,38.3,6.33,1.44,29.3,85.0,1436.0,Beans,Silt,NPK 15-15-15
17.5,24.8,16.7,5.91,2.37,35.4,66.2,1549.0,Rice,Sandy,NPK 20-10-10
23.8,33.4,39.6,6.13,2.07,23.3,40.7,1863.0,Sorghum,Loamy,NPK 15-15-15
32.5,22.7,43.5,5.64,2.58,23.5,59.9,1261.0,Maize,Loamy,NPK 15-15-15
7.4,27.8,31.2,6.03,1.54,30.3,45.2,1152.0,Millet,Sandy,NPK 20-10-10
7.5,13.4,21.4,7.71,1.18,24.9,58.9,1745.0,Sorghum,Sandy,NPK 20-10-10
10.3,8.8,34.2,6.3,0.56,36.1,92.5,779.0,Millet,Sandy,NPK 20-10-10
12.7,25.9,30.5,7.35,1.21,24.8,80.1,1759.0,Sorghum,Loamy,Organic Compost
47.7,33.2,48.1,5.14,2.17,24.4,58.4,686.0,Rice,Clay,Organic Compost
37.0,47.4,39.1,6.08,2.17,18.3,78.6,1269.0,Sorghum,Loamy,NPK 20-10-10
54.4,26.9,39.5,6.13,1.26,24.1,52.6,777.0,Tomato,Loamy,Potash
20.9,11.4,11.4,6.67,1.68,28.1,78.1,1419.0,Maize,Sandy,Superphosphate
31.3,38.1,28.7,6.28,0.48,27.5,59.3,1935.0,Wheat,Clay,Organic Compost
40.3,53.8,20.1,6.47,2.03,27.6,51.8,1446.0,Beans,Loamy,Potash
30.4,21.7,24.4,7.38,1.47,22.2,87.3,1098.0,Sorghum,Clay,Organic Compost
42.9,53.8,50.6,4.96,1.16,37.1,76.1,1110.0,Millet,Loamy,Organic Compost
16.1,13.1,30.5,7.63,2.42,33.7,50.2,1022.0,Tomato,Sandy,NPK 20-10-10
46.2,17.4,32.6,7.7,2.14,23.3,42.0,1062.0,Maize,Loamy,DAP
42.2,31.2,49.0,5.99,2.22,18.5,63.0,1075.0,Millet,Clay,Organic Compost
29.3,43.6,19.4,5.38,0.63,23.2,67.8,703.0,Maize,Loamy,Organic Compost
42.9,39.0,14.9,6.4,1.65,21.2,46.2,821.0,Tomato,Silt,Potash
22.9,35.5,24.7,7.36,0.52,30.4,82.5,1099.0,Millet,Loamy,NPK 15-15-15
26.1,17.0,37.0,6.81,1.26,37.1,90.1,877.0,Millet,Loamy,DAP
44.6,43.6,27.3,5.93,1.69,23.6,71.5,1820.0,Beans,Loamy,Potash
21.7,24.6,20.8,4.59,1.87,18.7,63.0,1063.0,Tomato,Sandy,NPK 15-15-15
28.3,29.6,11.6,7.15,2.05,33.6,83.7,661.0,Tomato,Sandy,Potash
14.2,13.2,49.0,8.08,1.14,18.2,61.9,441.0,Sorghum,Silt,NPK 20-10-10
43.2,23.8,8.3,6.86,0.56,35.9,53.5,780.0,Sorghum,Silt,Potash
5.7,32.4,30.9,7.89,1.89,18.3,93.5,1534.0,Rice,Sandy,NPK 20-10-10
22.0,25.2,29.7,7.96,2.15,35.9,71.2,941.0,Cassava,Sandy,NPK 15-15-15
22.4,44.2,37.5,5.87,1.99,35.7,50.8,1672.0,Beans,Clay,Organic Compost
55.6,58.0,33.0,7.53,2.33,21.5,61.2,1642.0,Maize,Clay,Potash
37.4,41.7,37.6,5.22,1.17,35.2,73.6,1164.0,Tomato,Clay,Organic Compost
7.5,21.5,5.3,5.05,1.98,36.0,55.7,1012.0,Rice,Sandy,NPK 20-10-10
23.2,47.5,53.8,4.83,0.89,32.5,42.0,854.0,Millet,Loamy,NPK 20-10-10
46.9,45.7,41.1,7.34,2.3,33.9,66.5,1646.0,Tomato,Clay,Organic Compost
34.0,37.2,40.7,5.04,0.88,20.0,44.0,1306.0,Cassava,Clay,Organic Compost
26.8,17.2,29.0,7.27,1.96,33.3,52.7,1311.0,Sorghum,Sandy,DAP
12.4,19.7,17.4,7.88,2.05,18.8,65.6,1620.0,Wheat,Sandy,NPK 15-15-15
11.6,46.4,25.4,5.04,0.59,33.7,73.7,803.0,Sorghum,Silt,Urea
19.8,16.7,14.2,5.17,2.4,21.4,43.0,628.0,Beans,Sandy,NPK 15-15-15
46.2,13.7,14.1,6.12,2.39,36.5,92.3,603.0,Cassava,Silt,Superphosphate
9.3,36.2,37.3,6.93,0.87,24.6,70.5,621.0,Tomato,Silt,Urea
27.0,20.7,27.8,4.78,1.02,33.2,83.2,514.0,Tomato,Clay,Organic Compost
15.9,40.9,48.8,5.5,2.11,24.8,83.2,1312.0,Wheat,Silt,Urea
37.2,48.8,23.2,8.03,2.22,27.9,67.5,1843.0,Millet,Silt,NPK 20-10-10
6.2,14.0,11.5,4.98,1.88,25.9,45.2,923.0,Maize,Sandy,NPK 15-15-15
17.8,33.0,23.3,7.33,1.14,33.1,80.4,1985.0,Sorghum,Sandy,NPK 20-10-10
31.0,32.6,22.2,5.33,1.69,36.4,93.5,1914.0,Beans,Sandy,NPK 15-15-15
28.5,37.1,26.1,5.62,1.37,24.1,63.3,1484.0,Millet,Silt,NPK 15-15-15
23.1,20.1,29.8,5.25,2.23,33.1,76.7,1530.0,Tomato,Clay,Organic Compost
42.4,20.7,56.3,6.24,2.44,35.9,62.0,1893.0,Millet,Clay,NPK 20-10-10
55.3,39.8,30.1,4.66,1.43,27.1,59.6,1418.0,Sorghum,Clay,Organic Compost
22.0,57.4,51.2,6.21,1.49,20.3,54.5,1720.0,Tomato,Clay,Organic Compost
21.7,30.2,16.4,6.89,2.38,35.8,65.7,873.0,Beans,Sandy,Potash
25.4,33.7,22.4,4.58,1.39,36.1,41.9,1389.0,Cassava,Sandy,NPK 15-15-15
31.8,25.3,46.6,5.62,2.07,19.8,58.3,653.0,Beans,Silt,NPK 15-15-15
26.7,14.1,49.1,7.0,2.5,34.0,70.8,1137.0,Sorghum,Loamy,DAP
42.9,34.0,31.8,7.63,0.94,20.9,80.0,1746.0,Wheat,Clay,Organic Compost
27.0,34.0,20.0,5.28,2.37,35.0,55.3,1009.0,Wheat,Loamy,NPK 15-15-15
33.8,28.4,37.1,5.85,2.02,24.9,65.2,914.0,Millet,Clay,Organic Compost
33.4,30.4,14.5,7.94,1.17,33.2,89.9,418.0,Sorghum,Loamy,Potash
50.1,35.5,25.4,4.66,0.48,29.6,78.7,1017.0,Sorghum,Loamy,Potash
31.0,16.5,27.4,7.72,1.24,21.2,60.3,500.0,Wheat,Sandy,Superphosphate
43.8,35.2,44.0,7.96,1.91,36.2,90.6,839.0,Millet,Silt,NPK 20-10-10
31.7,46.4,29.2,5.96,1.77,18.7,75.6,1178.0,Beans,Clay,Organic Compost
52.5,12.1,30.8,4.97,0.86,27.8,56.0,1439.0,Tomato,Loamy,DAP
15.7,46.1,24.8,4.71,0.62,28.7,90.1,1225.0,Millet,Silt,Urea
29.5,48.4,29.2,7.63,2.34,21.9,47.9,1557.0,Millet,Clay,Organic Compost
20.3,8.9,26.6,5.1,1.59,24.9,58.2,1732.0,Sorghum,Sandy,DAP
50.5,36.0,46.5,7.69,1.93,20.9,46.6,1095.0,Cassava,Loamy,Superphosphate
13.7,29.2,22.7,4.88,2.01,36.3,74.1,1887.0,Tomato,Loamy,Urea
17.3,19.7,24.9,7.4,0.53,25.8,82.1,1256.0,Sorghum,Sandy,NPK 20-10-10
8.3,25.9,28.3,5.35,2.16,32.5,50.4,701.0,Maize,Silt,Urea
34.5,25.6,32.9,5.05,0.74,18.8,69.6,754.0,Wheat,Sandy,NPK 15-15-15
30.2,45.3,38.5,5.86,0.55,22.9,67.7,812.0,Maize,Silt,NPK 20-10-10
10.3,5.2,7.5,7.47,0.52,32.9,62.3,1082.0,Cassava,Sandy,NPK 15-15-15
42.0,12.0,38.2,7.84,0.76,29.1,75.3,612.0,Maize,Silt,DAP
44.4,36.4,29.7,7.25,2.01,22.2,41.4,797.0,Beans,Loamy,Potash
20.7,27.9,28.5,6.18,1.39,24.0,56.5,1680.0,Tomato,Loamy,NPK 15-15-15
20.2,54.7,15.7,7.03,2.04,23.3,44.2,1580.0,Maize,Loamy,Potash
50.6,59.0,46.6,6.34,2.48,34.4,41.9,1333.0,Tomato,Clay,Organic Compost
36.4,27.0,48.3,5.74,1.38,26.0,47.3,640.0,Maize,Silt,NPK 15-15-15
47.1,21.8,21.5,5.02,1.17,31.8,92.7,708.0,Cassava,Silt,Potash
22.2,8.5,7.6,7.25,2.14,24.3,72.0,1588.0,Millet,Sandy,NPK 15-15-15
20.0,25.2,23.0,7.16,1.43,33.2,57.3,1266.0,Tomato,Silt,NPK 15-15-15
22.3,25.1,32.4,6.85,1.75,34.7,94.6,1838.0,Cassava,Sandy,NPK 15-15-15
21.8,25.4,35.1,5.04,1.92,23.9,85.1,995.0,Tomato,Silt,Potash
45.9,52.7,53.8,4.66,0.4,22.5,52.4,1301.0,Cassava,Clay,Organic Compost
39.1,45.2,61.9,7.05,0.98,25.0,42.4,1071.0,Beans,Clay,Organic Compost
23.5,22.5,12.7,6.63,2.59,25.4,67.4,493.0,Beans,Loamy,Potash
8.6,36.7,14.2,4.87,0.9,20.8,74.3,827.0,Maize,Silt,NPK 20-10-10
15.6,10.8,25.2,6.44,1.99,28.1,84.1,1280.0,Tomato,Sandy,NPK 20-10-10
60.4,55.8,30.7,7.19,0.69,36.2,59.0,1164.0,Sorghum,Clay,DAP
33.4,19.1,10.6,7.07,1.05,37.2,57.1,1321.0,Millet,Sandy,Potash
49.0,20.6,30.1,4.57,2.1,21.3,63.4,1472.0,Beans,Silt,Potash
53.8,42.3,45.4,4.85,1.39,34.8,44.9,1982.0,Millet,Clay,Organic Compost
15.2,20.0,33.8,7.11,1.68,37.3,56.2,1008.0,Wheat,Sandy,NPK 20-10-10
29.2,51.5,31.2,6.57,2.28,23.5,81.9,1778.0,Sorghum,Clay,Organic Compost
44.4,27.6,21.1,4.54,0.83,28.3,85.6,1204.0,Rice,Silt,Potash
27.9,19.0,52.6,5.97,1.46,34.6,55.8,1246.0,Beans,Loamy,DAP
31.8,10.7,30.6,5.96,1.61,29.0,51.3,677.0,Maize,Sandy,DAP
17.9,44.3,26.1,6.7,1.58,32.9,69.8,549.0,Millet,Loamy,Urea
22.2,10.1,15.1,4.73,1.11,28.2,91.5,684.0,Cassava,Sandy,Potash
38.1,26.9,13.6,7.9,1.5,33.5,61.8,1730.0,Wheat,Loamy,Potash
22.2,26.3,54.6,5.5,1.27,29.6,75.9,1082.0,Wheat,Clay,Organic Compost
7.8,9.4,31.7,8.11,2.22,24.1,49.8,1215.0,Maize,Sandy,Urea
52.3,60.9,55.9,6.01,1.09,34.7,72.3,1806.0,Beans,Clay,Organic Compost
18.9,10.5,21.2,4.81,1.22,28.7,48.0,1606.0,Sorghum,Sandy,NPK 20-10-10
5.7,25.7,17.0,7.42,1.64,25.6,76.5,1021.0,Tomato,Sandy,NPK 20-10-10
49.8,45.8,58.5,4.5,0.75,27.9,76.8,543.0,Cassava,Clay,Organic Compost
14.8,16.4,12.2,4.56,1.03,21.2,61.0,772.0,Beans,Sandy,NPK 15-15-15
32.5,13.7,10.7,7.32,2.19,29.3,59.0,1735.0,Maize,Sandy,Superphosphate
24.4,8.1,10.4,5.0,0.94,36.5,85.2,465.0,Cassava,Silt,NPK 20-10-10
53.7,60.9,40.8,5.16,2.36,26.4,62.9,1526.0,Wheat,Clay,Organic Compost
43.9,20.0,13.7,6.34,0.47,33.8,93.8,1918.0,Wheat,Loamy,Superphosphate
8.4,15.6,7.5,7.54,0.89,31.3,81.9,1009.0,Wheat,Sandy,NPK 15-15-15
14.2,27.3,37.8,4.65,2.17,23.1,77.5,582.0,Maize,Silt,Urea
32.1,23.7,34.8,5.53,0.77,20.7,89.2,609.0,Sorghum,Loamy,NPK 15-15-15
38.5,26.9,24.3,8.09,2.59,20.7,78.1,1824.0,Cassava,Loamy,NPK 15-15-15
45.7,26.1,38.7,6.4,1.96,36.3,46.2,757.0,Maize,Loamy,Potash
36.0,45.7,42.1,7.34,0.75,18.6,87.9,1122.0,Tomato,Loamy,NPK 20-10-10
42.4,16.4,45.9,4.72,0.58,24.9,51.7,1975.0,Wheat,Loamy,DAP
6.4,19.7,6.9,6.82,2.56,24.6,84.4,1945.0,Beans,Sandy,NPK 15-15-15
49.4,27.1,37.1,6.95,0.88,24.3,59.9,505.0,Wheat,Loamy,Potash
47.3,46.3,45.4,4.58,0.41,21.4,90.2,1771.0,Tomato,Clay,Organic Compost
48.5,10.8,12.1,6.8,1.6,37.6,84.1,1901.0,Maize,Silt,Superphosphate
41.5,34.6,36.9,7.83,0.63,29.3,61.6,1461.0,Maize,Loamy,Potash
37.0,30.5,15.9,6.86,0.46,34.5,89.9,525.0,Beans,Silt,Potash
45.2,15.1,35.3,5.94,2.05,30.8,69.9,1206.0,Maize,Loamy,DAP
17.6,5.8,13.1,5.87,1.67,31.5,92.9,843.0,Cassava,Sandy,NPK 15-15-15
25.4,35.6,30.0,5.97,0.54,18.5,56.2,1860.0,Sorghum,Loamy,NPK 15-15-15
34.0,48.3,10.4,7.26,0.64,20.7,91.5,1522.0,Tomato,Silt,Potash
21.8,6.9,16.8,7.11,1.65,31.5,46.4,1614.0,Rice,Sandy,Superphosphate
7.6,8.0,20.4,6.44,2.29,25.4,68.3,726.0,Tomato,Sandy,NPK 20-10-10
46.0,45.4,10.1,7.37,1.14,22.5,62.1,1878.0,Millet,Silt,Potash
20.7,17.3,5.6,5.19,0.44,28.4,75.3,1549.0,Sorghum,Sandy,Superphosphate
17.3,6.5,32.8,7.07,1.64,18.8,40.8,1304.0,Wheat,Sandy,NPK 20-10-10
8.2,34.8,22.6,4.95,2.19,29.5,79.8,664.0,Rice,Silt,Urea
42.2,44.4,51.3,6.96,1.89,21.5,63.0,1360.0,Beans,Clay,Organic Compost
59.7,25.9,60.9,7.39,1.71,20.5,71.0,541.0,Maize,Clay,Organic Compost
29.2,39.4,12.8,6.51,1.97,22.1,48.5,1180.0,Millet,Loamy,Potash
24.7,29.6,25.4,5.42,1.44,25.9,63.9,400.0,Sorghum,Loamy,NPK 15-15-15
20.9,46.5,54.3,8.17,1.7,23.2,85.9,1441.0,Wheat,Loamy,NPK 20-10-10
20.8,6.3,10.8,6.97,2.59,27.5,41.6,1039.0,Beans,Sandy,Superphosphate
25.9,25.0,39.2,6.51,1.98,25.4,89.3,1358.0,Maize,Clay,Organic Compost
32.2,30.9,31.5,4.71,0.52,19.2,80.4,1362.0,Wheat,Loamy,NPK 15-15-15
33.3,7.1,10.7,5.94,0.92,21.2,93.5,1626.0,Cassava,Sandy,Superphosphate
10.6,31.7,34.5,6.67,2.39,34.3,57.5,932.0,Beans,Sandy,NPK 20-10-10
24.2,10.0,9.0,4.86,1.29,18.5,48.1,1949.0,Sorghum,Silt,Superphosphate
28.0,35.1,48.2,8.16,1.94,36.0,42.7,886.0,Beans,Clay,Organic Compost
27.1,27.1,51.9,5.08,1.49,21.6,51.5,1036.0,Sorghum,Clay,Organic Compost
10.0,27.6,20.6,5.78,1.75,26.2,44.5,895.0,Tomato,Sandy,NPK 20-10-10
27.0,15.7,11.1,4.53,0.59,22.7,60.2,645.0,Wheat,Sandy,Superphosphate
48.1,31.7,41.5,6.06,0.85,27.0,62.7,1398.0,Rice,Silt,NPK 20-10-10
7.9,26.5,5.0,7.44,2.0,34.5,45.0,726.0,Rice,Sandy,NPK 20-10-10
48.4,31.7,30.5,5.18,1.64,24.9,64.8,834.0,Maize,Loamy,Potash
8.9,17.7,36.4,7.11,1.05,23.7,81.1,1293.0,Millet,Silt,NPK 20-10-10
24.6,13.8,22.3,7.17,1.42,23.1,51.8,1528.0,Wheat,Sandy,DAP
46.5,37.9,49.2,5.94,2.34,26.6,72.7,672.0,Beans,Loamy,NPK 20-10-10
27.8,37.7,49.9,7.56,1.17,32.7,70.1,957.0,Maize,Loamy,NPK 15-15-15
41.8,16.9,45.5,7.17,1.42,19.5,49.9,664.0,Rice,Silt,DAP
11.5,16.0,14.3,6.91,1.13,33.4,78.2,788.0,Sorghum,Sandy,NPK 15-15-15
58.1,24.7,35.1,6.72,1.11,23.8,63.8,708.0,Sorghum,Clay,Organic Compost
32.3,19.1,13.8,5.91,0.9,30.0,47.4,909.0,Beans,Sandy,Superphosphate
48.2,61.7,48.4,5.4,1.3,30.6,87.7,1543.0,Rice,Clay,Organic Compost
28.3,35.7,60.5,7.8,0.96,32.6,58.1,413.0,Sorghum,Clay,Organic Compost
20.4,40.4,9.3,6.5,2.56,33.8,71.7,985.0,Millet,Silt,Potash
20.3,14.1,28.2,6.41,0.94,30.3,56.8,1971.0,Beans,Loamy,DAP
53.5,33.5,20.6,7.79,1.29,28.9,42.7,957.0,Millet,Loamy,Potash
47.9,32.5,19.4,6.56,0.56,21.0,59.4,436.0,Tomato,Silt,NPK 15-15-15
29.8,15.5,32.1,7.77,2.3,22.2,58.8,1149.0,Millet,Sandy,DAP
12.2,23.6,25.3,5.85,1.05,29.7,76.5,1538.0,Beans,Sandy,NPK 20-10-10
16.4,15.4,6.0,6.04,2.31,30.6,72.6,758.0,Maize,Sandy,NPK 15-15-15
34.3,44.5,21.9,5.65,0.59,21.3,59.4,1509.0,Wheat,Clay,Organic Compost
17.0,11.6,28.3,7.54,1.88,30.3,80.2,1002.0,Maize,Sandy,NPK 20-10-10
17.9,28.7,28.7,5.98,2.46,28.8,66.8,1202.0,Maize,Sandy,NPK 20-10-10
41.7,26.7,34.2,5.64,1.84,38.0,87.6,1156.0,Wheat,Loamy,Potash
21.3,49.6,16.5,7.5,1.31,31.0,90.8,1347.0,Millet,Silt,Potash
17.5,35.2,27.9,6.75,1.25,21.5,83.8,1752.0,Wheat,Loamy,Urea
14.3,13.4,32.9,6.71,2.43,35.8,53.5,1085.0,Tomato,Sandy,NPK 20-10-10
34.9,10.2,28.2,5.34,2.03,22.1,69.0,1468.0,Sorghum,Sandy,DAP
42.3,18.8,28.0,5.66,1.05,22.2,50.2,1792.0,Beans,Loamy,DAP
41.2,17.6,29.9,5.23,1.0,26.2,78.8,1158.0,Millet,Silt,DAP
22.2,8.2,8.5,5.64,0.63,33.5,67.9,1431.0,Maize,Sandy,NPK 15-15-15
20.7,7.5,9.8,4.58,2.41,26.6,42.5,1137.0,Rice,Sandy,Superphosphate
30.0,61.3,55.9,6.53,0.81,22.4,87.4,1481.0,Rice,Clay,Organic Compost
13.7,38.6,35.2,5.83,1.7,33.1,75.4,783.0,Wheat,Silt,Urea
31.4,17.4,37.7,6.58,0.83,28.1,68.6,1072.0,Wheat,Silt,DAP
10.7,18.8,13.8,7.3,1.67,32.3,75.0,1206.0,Maize,Sandy,NPK 15-15-15
36.9,37.0,27.6,6.88,1.73,35.8,93.8,1173.0,Maize,Silt,NPK 15-15-15
55.5,49.8,58.8,6.74,1.96,19.9,73.4,1003.0,Tomato,Clay,Organic Compost
24.4,47.3,36.0,5.44,2.09,19.5,56.1,938.0,Wheat,Loamy,NPK 20-10-10
41.0,40.8,37.5,5.9,1.85,32.7,69.6,1153.0,Maize,Loamy,Potash
9.7,38.0,22.6,7.12,1.52,26.9,74.6,693.0,Millet,Silt,Urea
28.1,12.4,19.0,6.35,1.07,25.0,63.9,1738.0,Beans,Sandy,Superphosphate
21.3,54.4,15.9,6.9,0.86,26.6,59.6,1963.0,Maize,Loamy,Potash
23.1,7.1,32.8,5.77,2.34,34.2,50.3,1940.0,Beans,Sandy,DAP
18.5,25.2,7.4,7.91,0.89,32.3,84.1,1951.0,Wheat,Sandy,NPK 20-10-10
37.6,32.2,9.8,8.1,1.39,33.9,60.8,1130.0,Millet,Silt,Potash
16.9,29.1,14.5,6.33,1.6,20.7,78.4,1725.0,Tomato,Silt,NPK 20-10-10
13.9,34.1,37.3,7.31,1.96,30.6,80.0,1764.0,Cassava,Silt,Urea
54.3,47.8,48.8,5.59,0.73,33.6,42.7,1044.0,Rice,Clay,Organic Compost
22.9,8.6,12.2,8.18,1.63,37.4,67.1,1685.0,Tomato,Sandy,NPK 15-15-15
13.5,7.1,33.6,6.37,1.7,28.4,53.7,1879.0,Maize,Sandy,NPK 20-10-10
31.9,12.1,41.0,6.44,2.39,36.9,45.4,543.0,Wheat,Loamy,DAP
27.7,32.0,27.6,6.77,2.49,30.1,57.6,741.0,Sorghum,Silt,NPK 15-15-15
22.0,6.0,32.6,6.24,2.6,21.4,57.9,736.0,Sorghum,Sandy,DAP
29.8,47.6,44.5,5.6,1.68,35.0,73.6,824.0,Beans,Loamy,NPK 20-10-10
49.2,35.5,26.9,6.11,2.34,37.6,62.6,661.0,Sorghum,Silt,Potash
30.3,18.2,33.2,7.99,0.91,31.7,42.1,1430.0,Sorghum,Loamy,DAP
47.1,15.5,27.4,4.52,1.18,24.2,78.1,871.0,Beans,Loamy,DAP
21.6,33.3,40.2,7.79,2.19,28.5,93.8,874.0,Tomato,Loamy,NPK 15-15-15
23.3,28.5,37.2,6.25,0.51,25.1,67.1,1461.0,Maize,Loamy,NPK 15-15-15
34.1,36.5,42.0,7.59,2.04,32.4,64.6,1790.0,Tomato,Loamy,NPK 15-15-15
33.1,21.0,16.5,6.9,1.81,37.1,93.7,1054.0,Cassava,Silt,Potash
34.2,16.9,15.3,6.8,0.53,30.9,88.2,1559.0,Tomato,Sandy,Superphosphate
12.2,13.0,16.5,4.99,1.67,25.3,67.3,856.0,Tomato,Sandy,NPK 15-15-15
7.6,20.3,23.5,6.97,2.43,33.6,80.6,1789.0,Rice,Sandy,NPK 20-10-10
45.8,55.4,33.7,8.02,0.78,22.6,48.7,1643.0,Rice,Clay,Organic Compost
29.4,24.9,45.6,6.1,1.76,35.2,51.7,1044.0,Beans,Silt,NPK 15-15-15
53.2,22.3,22.5,7.24,1.96,26.0,59.8,851.0,Cassava,Clay,DAP
45.9,56.3,42.8,5.06,1.08,33.7,74.0,1634.0,Sorghum,Clay,Organic Compost
50.4,27.0,15.6,6.67,2.04,27.6,73.8,1068.0,Wheat,Loamy,Potash
38.2,8.8,29.7,7.41,0.94,23.2,89.7,1747.0,Millet,Silt,DAP
8.7,5.2,26.2,7.52,1.34,26.5,86.2,698.0,Cassava,Sandy,Superphosphate
40.4,48.1,42.0,6.23,1.83,30.6,90.9,626.0,Tomato,Silt,Organic Compost
35.1,49.7,30.5,4.83,0.46,28.6,42.8,1348.0,Cassava,Clay,Organic Compost
17.5,39.0,23.9,7.18,2.19,33.9,76.9,1595.0,Maize,Silt,Urea
6.9,34.3,30.2,6.99,1.82,29.5,45.2,911.0,Rice,Sandy,NPK 20-10-10
38.0,29.1,26.1,7.66,2.13,34.3,61.7,1167.0,Rice,Loamy,NPK 15-15-15
23.2,28.6,36.2,6.16,0.74,26.5,69.2,1441.0,Sorghum,Silt,NPK 15-15-15
21.8,17.5,25.6,7.73,1.45,34.9,40.1,1860.0,Millet,Sandy,DAP
25.3,20.4,34.1,5.63,1.74,28.5,52.2,1702.0,Millet,Sandy,NPK 15-15-15
33.3,32.8,29.5,5.06,2.37,24.1,71.4,1960.0,Cassava,Sandy,NPK 15-15-15
55.8,20.5,27.3,5.71,2.02,27.6,61.6,1870.0,Sorghum,Clay,Organic Compost
15.2,30.8,12.6,8.0,0.97,34.4,90.3,762.0,Cassava,Sandy,NPK 20-10-10
34.3,41.0,23.6,5.04,1.33,21.6,82.5,916.0,Tomato,Clay,NPK 15-15-15
14.2,9.4,11.5,5.26,1.32,28.5,74.2,1855.0,Rice,Sandy,NPK 15-15-15
26.9,38.6,31.3,5.13,2.13,21.9,58.9,1574.0,Rice,Silt,NPK 15-15-15
60.7,36.7,38.3,5.1,1.44,33.6,43.8,910.0,Beans,Clay,Organic Compost
32.5,59.3,34.5,7.57,1.03,23.1,50.3,500.0,Rice,Clay,Organic Compost
29.2,25.1,16.6,7.03,0.96,18.6,93.0,1908.0,Tomato,Silt,Potash
32.4,26.0,45.3,6.08,0.7,28.9,46.2,1116.0,Rice,Silt,NPK 15-15-15
20.3,35.3,8.0,7.72,1.1,22.8,45.6,1656.0,Beans,Silt,Urea
49.9,60.6,31.5,6.79,1.22,28.2,44.6,727.0,Sorghum,Clay,Organic Compost
12.0,25.8,40.8,8.09,2.28,33.1,91.1,1455.0,Sorghum,Loamy,Urea
52.6,12.1,34.2,7.35,0.48,34.5,86.4,1238.0,Maize,Loamy,DAP
59.6,22.1,21.6,6.44,2.02,32.0,70.3,1654.0,Wheat,Clay,Organic Compost
8.5,34.4,31.4,7.81,1.2,36.9,47.8,525.0,Maize,Sandy,NPK 20-10-10
48.7,28.7,39.6,6.49,0.65,31.1,48.1,1450.0,Wheat,Silt,Potash
36.3,27.5,42.9,7.02,1.05,33.5,43.6,1576.0,Sorghum,Silt,NPK 15-15-15
34.5,51.0,23.0,8.2,1.7,23.0,78.0,1577.0,Tomato,Loamy,NPK 20-10-10
47.0,46.8,44.9,7.3,1.24,27.9,76.4,665.0,Wheat,Loamy,Organic Compost
30.4,8.6,28.2,5.32,2.44,31.2,63.7,470.0,Wheat,Sandy,DAP
28.9,28.8,25.6,5.49,0.78,27.9,64.9,1477.0,Tomato,Sandy,NPK 15-15-15
32.7,33.7,49.5,5.13,0.44,22.4,57.1,1380.0,Sorghum,Loamy,NPK 15-15-15
54.9,12.0,20.2,4.82,1.86,26.5,57.1,900.0,Beans,Loamy,DAP
33.2,41.0,37.3,7.04,1.74,34.0,86.4,1040.0,Wheat,Clay,Organic Compost
30.8,19.0,5.8,6.93,2.53,36.6,48.4,1183.0,Sorghum,Sandy,Superphosphate
41.8,61.9,40.3,5.2,0.49,27.2,68.3,1872.0,Rice,Clay,Organic Compost
47.1,15.0,12.6,6.52,1.57,24.3,65.3,1873.0,Millet,Loamy,Superphosphate
33.0,9.9,10.3,5.36,0.91,19.4,57.0,1278.0,Beans,Sandy,Superphosphate
40.0,30.1,40.1,5.42,2.06,37.5,54.4,1423.0,Wheat,Loamy,NPK 15-15-15
13.7,11.4,24.4,6.28,2.24,19.8,41.8,993.0,Millet,Sandy,NPK 20-10-10
24.8,44.7,54.1,7.87,2.38,28.4,89.5,1260.0,Beans,Clay,Potash
8.1,20.0,9.9,6.51,1.65,30.8,47.7,428.0,Beans,Silt,NPK 20-10-10
13.5,23.3,54.9,7.47,1.2,25.5,91.1,1459.0,Wheat,Loamy,Urea
15.1,8.7,19.3,6.7,2.4,24.2,86.8,1460.0,Millet,Silt,NPK 15-15-15
34.0,41.0,46.1,6.68,0.49,28.2,72.8,1801.0,Tomato,Loamy,Superphosphate
29.1,19.5,14.2,7.07,1.51,29.5,63.6,1560.0,Rice,Sandy,Urea
25.5,5.8,15.1,5.86,1.75,33.4,85.2,848.0,Wheat,Sandy,Superphosphate
9.8,42.2,8.8,6.29,1.81,27.6,71.1,441.0,Beans,Silt,NPK 20-10-10
42.8,31.0,29.0,8.16,1.26,25.7,44.1,1653.0,Sorghum,Silt,Organic Compost
10.8,18.2,6.3,6.02,1.46,20.2,43.0,903.0,Rice,Sandy,NPK 15-15-15
8.8,7.8,10.6,7.74,2.45,28.4,89.6,610.0,Wheat,Sandy,NPK 15-15-15
38.9,51.0,39.9,7.67,0.7,18.3,60.8,606.0,Wheat,Clay,Organic Compost
38.1,51.0,43.4,5.82,0.43,28.2,58.0,782.0,Sorghum,Clay,Organic Compost
14.6,32.8,23.3,8.16,1.78,19.9,76.6,1785.0,Beans,Sandy,NPK 20-10-10
8.6,24.3,9.3,4.71,0.87,19.9,64.5,1910.0,Millet,Sandy,NPK 20-10-10
53.8,30.0,44.0,7.14,1.07,25.8,78.6,1694.0,Sorghum,Clay,Organic Compost
47.9,59.0,53.1,5.22,1.78,37.2,60.8,1624.0,Cassava,Clay,Organic Compost
44.0,37.9,33.4,7.32,1.57,36.7,40.5,1631.0,Beans,Clay,Organic Compost
49.4,45.7,37.5,4.95,2.51,24.5,41.6,403.0,Sorghum,Loamy,Potash
41.7,31.5,34.5,7.86,1.86,25.0,92.3,1945.0,Beans,Silt,Potash
47.3,40.7,13.0,8.05,1.99,32.8,62.1,414.0,Cassava,Silt,Potash
39.1,49.5,38.9,5.88,0.95,33.4,83.3,981.0,Millet,Clay,Organic Compost
40.5,45.2,45.8,7.72,2.06,27.7,54.7,998.0,Wheat,Loamy,Organic Compost
9.3,5.4,10.9,7.59,1.58,25.8,53.1,1344.0,Tomato,Sandy,NPK 15-15-15
30.4,33.2,28.6,6.69,1.06,18.7,80.5,1930.0,Wheat,Sandy,NPK 15-15-15
18.0,28.9,54.5,4.81,1.1,29.0,46.2,588.0,Wheat,Loamy,NPK 15-15-15
20.0,9.7,29.1,7.2,1.87,31.7,70.3,1650.0,Sorghum,Silt,Urea
15.1,12.2,5.8,7.71,2.24,19.2,56.7,743.0,Millet,Sandy,NPK 15-15-15
32.5,49.7,60.7,4.67,1.11,31.3,56.8,706.0,Tomato,Clay,Organic Compost
18.5,16.2,44.2,5.77,2.37,27.9,47.2,708.0,Maize,Loamy,NPK 20-10-10
33.3,32.7,61.5,8.11,1.92,22.7,49.9,496.0,Tomato,Clay,NPK 15-15-15
45.3,28.3,52.8,4.78,1.55,21.9,64.7,767.0,Beans,Clay,Organic Compost
32.6,19.8,28.6,5.25,1.27,22.5,44.6,1078.0,Beans,Sandy,DAP
18.3,18.4,23.1,7.95,0.73,26.1,89.8,1278.0,Tomato,Sandy,NPK 20-10-10
58.7,57.4,38.7,4.52,1.65,22.1,53.2,1088.0,Cassava,Clay,Organic Compost
5.9,13.9,24.0,6.8,1.1,21.6,55.2,1828.0,Millet,Sandy,NPK 20-10-10
47.6,13.0,44.6,7.25,1.47,37.0,44.1,1767.0,Cassava,Silt,DAP
13.1,28.8,15.1,5.44,0.53,24.1,49.0,1497.0,Maize,Silt,NPK 20-10-10
48.4,24.3,29.0,7.23,1.46,30.6,43.1,1018.0,Tomato,Clay,Organic Compost
46.3,32.1,40.0,6.88,2.4,34.2,53.6,756.0,Tomato,Silt,Potash
31.3,42.1,24.1,7.49,1.56,35.4,75.4,816.0,Sorghum,Loamy,NPK 20-10-10
28.0,12.7,17.5,7.23,1.93,36.8,83.9,919.0,Cassava,Sandy,Superphosphate
48.1,45.8,37.2,7.44,1.83,24.4,84.9,764.0,Beans,Silt,Potash
15.2,41.6,27.8,6.45,1.5,31.8,49.7,1201.0,Maize,Silt,Urea
22.5,59.0,22.5,4.9,2.39,31.0,57.8,1341.0,Beans,Clay,Organic Compost
14.1,23.6,19.7,5.99,2.33,25.6,61.9,593.0,Wheat,Loamy,NPK 20-10-10
15.1,33.4,18.6,5.75,1.97,18.7,57.7,1328.0,Rice,Sandy,NPK 20-10-10
38.9,26.6,35.7,7.96,1.87,21.0,93.4,1844.0,Beans,Loamy,NPK 15-15-15
44.9,17.3,46.8,5.17,1.19,36.9,92.1,437.0,Tomato,Silt,DAP
44.6,27.4,49.2,7.27,2.07,26.5,61.6,729.0,Tomato,Silt,NPK 15-15-15
31.4,22.2,39.1,6.01,2.18,19.6,53.6,853.0,Tomato,Silt,Potash
49.5,37.4,53.4,8.03,2.02,31.5,64.7,1286.0,Tomato,Clay,Organic Compost
21.1,40.2,29.5,6.23,2.19,25.3,57.7,1115.0,Rice,Clay,Organic Compost
45.2,21.2,40.4,6.9,1.43,37.6,48.5,1125.0,Maize,Clay,Organic Compost
10.4,20.6,17.7,7.89,1.63,27.3,72.3,1538.0,Beans,Sandy,Urea
17.5,22.3,32.5,6.59,0.8,28.5,63.6,1433.0,Beans,Sandy,NPK 20-10-10
34.9,5.8,27.9,7.66,0.94,33.1,45.8,1268.0,Rice,Sandy,DAP
47.2,36.9,27.0,6.74,1.51,18.8,85.1,1979.0,Cassava,Clay,Organic Compost
34.9,18.9,32.6,7.39,2.24,20.5,82.9,778.0,Maize,Sandy,DAP
40.9,45.5,29.1,6.1,0.72,22.7,94.6,1569.0,Beans,Silt,Potash
22.5,18.2,15.4,4.6,2.18,35.3,58.9,1224.0,Millet,Sandy,Superphosphate
35.3,16.3,36.8,7.28,0.44,30.4,62.9,1816.0,Beans,Silt,DAP
36.8,59.4,31.3,6.32,1.18,21.1,89.2,801.0,Maize,Clay,Organic Compost
48.0,24.6,36.8,7.93,1.21,18.4,79.9,1500.0,Maize,Clay,Organic Compost
21.6,17.6,32.9,8.19,2.12,31.1,71.3,1529.0,Cassava,Silt,DAP
37.0,22.6,36.2,5.41,1.58,34.1,80.0,833.0,Millet,Loamy,NPK 15-15-15
35.1,21.2,33.9,7.69,0.69,31.9,77.6,1611.0,Sorghum,Silt,NPK 15-15-15
9.1,25.9,21.4,7.5,2.14,32.7,61.8,1161.0,Wheat,Sandy,NPK 20-10-10
37.2,41.4,17.0,7.35,0.43,37.6,71.3,669.0,Sorghum,Loamy,Potash
20.8,13.8,34.6,6.87,0.77,29.2,69.0,1782.0,Maize,Loamy,DAP
37.7,29.1,27.6,5.1,2.04,35.4,51.3,447.0,Sorghum,Silt,NPK 15-15-15
25.4,12.6,31.2,6.49,1.52,19.1,43.3,1327.0,Maize,Sandy,DAP
47.5,29.1,34.1,6.82,1.24,18.1,86.1,507.0,Sorghum,Silt,Potash
12.4,13.1,39.0,6.51,1.83,23.8,88.6,1269.0,Rice,Silt,NPK 20-10-10
40.4,36.9,44.4,8.17,2.19,34.1,50.5,1797.0,Beans,Silt,NPK 20-10-10
35.3,34.2,30.9,5.18,1.85,25.6,69.5,1842.0,Maize,Silt,NPK 15-15-15
43.9,59.9,28.4,4.7,1.77,28.5,80.4,1362.0,Millet,Clay,Organic Compost
21.6,19.4,41.8,5.8,1.64,30.3,56.2,969.0,Maize,Silt,Organic Compost
33.7,20.7,54.6,7.78,0.79,30.1,64.3,605.0,Maize,Clay,Organic Compost
57.4,53.2,50.4,7.62,0.63,30.5,51.4,1232.0,Sorghum,Clay,Organic Compost
27.0,14.1,8.7,7.75,0.7,22.1,41.3,1230.0,Maize,Sandy,Superphosphate
27.3,19.1,31.7,7.34,2.36,22.8,73.1,435.0,Wheat,Sandy,DAP
39.0,40.6,21.3,5.97,2.57,23.3,44.7,1022.0,Beans,Silt,NPK 20-10-10
9.8,35.9,38.9,6.73,0.78,21.8,62.4,973.0,Rice,Silt,Urea
58.8,26.0,43.6,6.09,1.3,29.6,65.0,1122.0,Rice,Clay,Organic Compost
32.4,10.4,23.8,5.31,1.26,20.4,73.6,1330.0,Tomato,Silt,DAP
50.3,55.4,37.5,6.1,2.38,30.1,68.0,1579.0,Beans,Clay,Organic Compost
42.2,39.8,30.4,4.67,2.47,32.6,61.2,722.0,Millet,Loamy,Potash
18.7,34.7,27.2,8.14,1.27,19.7,93.1,1784.0,Beans,Sandy,NPK 20-10-10
27.2,5.6,32.4,7.08,0.79,21.3,43.2,1633.0,Millet,Sandy,DAP
15.7,21.5,25.8,5.28,0.84,24.8,91.4,1110.0,Tomato,Sandy,NPK 20-10-10
27.6,52.1,33.4,8.14,1.79,30.2,56.0,685.0,Wheat,Clay,DAP
49.1,17.0,49.7,6.78,2.13,37.8,93.6,1309.0,Millet,Silt,DAP
21.5,28.7,47.6,4.91,1.41,24.3,72.0,703.0,Tomato,Loamy,NPK 15-15-15
23.4,33.7,21.8,4.96,1.33,24.6,68.6,865.0,Millet,Clay,Organic Compost
49.6,12.6,37.9,5.03,2.14,34.7,76.3,1477.0,Beans,Loamy,DAP
26.2,8.6,6.3,6.86,1.0,18.9,43.5,1968.0,Wheat,Sandy,Superphosphate
13.0,33.1,7.2,6.51,1.45,31.8,89.4,401.0,Cassava,Sandy,DAP
50.3,24.0,48.5,4.83,0.57,32.9,81.9,551.0,Wheat,Loamy,NPK 20-10-10
50.0,20.3,12.9,7.66,0.81,28.6,85.5,648.0,Maize,Loamy,Potash
12.7,6.2,12.9,6.07,1.21,32.3,62.5,1009.0,Rice,Sandy,NPK 15-15-15
61.4,44.1,59.4,7.76,1.31,30.3,47.7,1243.0,Sorghum,Clay,Organic Compost
19.9,49.2,15.4,7.39,2.48,20.1,63.9,1336.0,Rice,Loamy,NPK 20-10-10
29.8,53.6,26.2,5.76,1.51,33.6,50.6,1588.0,Maize,Loamy,Organic Compost
53.9,40.2,31.9,7.21,1.36,20.1,67.4,1929.0,Maize,Loamy,Potash
27.2,18.6,15.0,6.3,2.45,23.0,51.0,1254.0,Wheat,Sandy,Superphosphate
32.4,32.1,33.4,6.03,1.04,24.6,85.9,1400.0,Rice,Silt,NPK 15-15-15
27.0,49.1,43.3,4.87,0.52,18.7,41.5,1195.0,Sorghum,Loamy,NPK 20-10-10
19.5,7.8,5.2,4.64,1.57,29.7,59.4,526.0,Tomato,Sandy,NPK 15-15-15
17.9,16.4,6.8,7.13,1.86,21.3,54.8,1275.0,Cassava,Sandy,NPK 15-15-15
19.9,31.5,11.1,6.56,1.11,36.7,70.3,1446.0,Beans,Sandy,NPK 20-10-10
24.5,43.6,32.1,6.58,1.19,31.5,45.7,1210.0,Rice,Loamy,NPK 20-10-10
56.5,57.2,29.7,4.8,2.08,37.2,54.1,1861.0,Sorghum,Clay,Organic Compost
31.6,14.1,27.7,5.04,1.23,36.8,52.4,1523.0,Millet,Sandy,DAP
52.8,52.6,16.9,6.73,1.34,31.7,80.8,792.0,Sorghum,Loamy,Potash
35.6,26.0,22.5,7.07,1.59,35.1,83.2,1789.0,Tomato,Silt,NPK 15-15-15
18.7,39.5,15.5,6.35,2.29,32.5,72.1,1510.0,Tomato,Loamy,NPK 20-10-10
16.9,15.0,13.9,7.96,1.41,28.7,60.8,444.0,Rice,Silt,Organic Compost
42.6,28.1,36.9,6.2,1.57,35.9,42.4,1191.0,Wheat,Clay,Organic Compost
32.5,9.2,8.5,4.91,0.62,21.2,48.6,662.0,Beans,Sandy,Superphosphate
22.9,29.9,50.4,5.8,1.03,36.3,57.7,595.0,Cassava,Loamy,NPK 15-15-15
34.4,45.0,36.3,7.49,1.16,21.4,61.7,1059.0,Maize,Loamy,NPK 20-10-10
21.0,47.0,19.6,8.19,0.47,31.5,74.1,1336.0,Tomato,Silt,Potash
23.3,31.3,10.6,6.47,1.97,24.2,52.1,606.0,Sorghum,Sandy,Potash
23.4,10.2,19.7,5.29,2.46,32.5,49.5,864.0,Tomato,Sandy,Superphosphate
23.0,33.1,24.4,7.87,2.32,21.2,77.3,1740.0,Sorghum,Silt,NPK 15-15-15
37.6,32.9,61.3,7.05,1.04,28.6,75.4,1539.0,Millet,Clay,Organic Compost
30.4,29.1,13.8,8.09,0.43,33.6,57.4,1906.0,Sorghum,Sandy,Potash
30.6,53.4,34.0,6.15,2.39,32.4,75.2,606.0,Beans,Clay,Organic Compost
11.2,47.8,32.9,4.52,1.43,23.7,48.5,1711.0,Wheat,Silt,Urea
29.8,49.9,28.0,5.69,2.39,29.3,49.5,1776.0,Rice,Clay,Organic Compost
15.4,19.0,15.9,6.28,1.25,26.3,60.2,1079.0,Millet,Loamy,NPK 15-15-15
36.5,49.4,54.7,4.93,1.3,22.8,71.2,977.0,Rice,Loamy,NPK 20-10-10
33.7,35.0,42.5,6.85,2.06,20.0,42.8,1485.0,Beans,Clay,Organic Compost
20.7,15.2,12.7,7.41,1.29,19.7,53.6,1778.0,Tomato,Silt,Superphosphate
52.6,14.9,52.6,5.87,1.94,26.1,73.8,1472.0,Millet,Loamy,DAP
16.7,13.0,32.9,7.02,0.97,18.1,93.4,1160.0,Cassava,Silt,NPK 20-10-10
46.0,52.0,22.0,6.44,0.71,20.9,73.8,1391.0,Wheat,Clay,Organic Compost
27.7,28.2,22.0,5.45,0.98,36.2,54.7,999.0,Sorghum,Silt,NPK 15-15-15
40.6,38.3,20.7,5.1,2.2,35.5,90.2,1773.0,Tomato,Silt,Potash
48.2,47.3,30.4,6.79,2.6,21.4,60.8,1026.0,Rice,Clay,Organic Compost
26.2,11.5,30.7,6.08,1.61,31.7,88.1,763.0,Millet,Sandy,DAP
31.6,28.2,32.4,4.78,1.34,24.1,67.3,1697.0,Tomato,Sandy,NPK 15-15-15
25.1,5.3,7.9,7.19,2.23,24.4,71.3,1275.0,Wheat,Sandy,NPK 20-10-10
54.4,51.4,31.9,5.47,0.82,37.1,86.5,1740.0,Tomato,Clay,Organic Compost
22.7,14.0,17.9,6.01,1.17,22.8,61.9,1359.0,Millet,Sandy,Superphosphate
37.0,30.1,22.8,7.86,1.41,24.6,51.9,917.0,Rice,Silt,NPK 15-15-15
31.8,17.4,12.8,4.98,1.98,35.6,62.6,1800.0,Wheat,Sandy,Superphosphate
11.4,31.7,34.8,6.88,2.11,19.9,55.3,1509.0,Cassava,Silt,Urea
52.9,39.8,42.4,6.94,0.42,25.3,46.7,783.0,Sorghum,Clay,Organic Compost
44.1,45.3,41.8,7.32,0.77,23.4,78.7,882.0,Wheat,Silt,Organic Compost
49.6,24.5,50.3,7.44,2.41,31.7,45.3,1624.0,Beans,Clay,Organic Compost
39.9,30.1,47.2,7.95,0.9,26.8,50.9,929.0,Rice,Silt,NPK 15-15-15
12.0,46.0,18.8,5.51,0.78,25.1,44.2,1774.0,Cassava,Loamy,NPK 20-10-10
22.0,27.2,55.1,6.22,0.53,18.9,89.2,819.0,Beans,Clay,Organic Compost
36.0,40.4,27.8,7.07,1.69,21.4,71.5,1881.0,Wheat,Silt,NPK 20-10-10
25.5,36.9,34.3,6.27,0.5,23.3,57.3,1572.0,Cassava,Silt,NPK 15-15-15
31.2,30.6,42.9,6.98,2.08,22.1,80.8,874.0,Millet,Loamy,Urea
12.5,16.2,13.8,6.74,0.86,34.2,59.6,936.0,Tomato,Loamy,NPK 15-15-15
41.9,20.9,44.8,6.38,2.57,28.3,55.7,1618.0,Millet,Loamy,Superphosphate
27.4,21.0,22.0,4.8,1.47,32.2,47.4,654.0,Maize,Clay,Organic Compost
54.8,24.0,55.2,7.21,0.72,24.8,58.3,614.0,Sorghum,Clay,Organic Compost
26.9,11.1,26.7,5.49,0.49,21.9,58.8,457.0,Beans,Sandy,Potash
32.7,24.1,33.0,4.64,2.31,20.7,53.0,561.0,Maize,Sandy,NPK 15-15-15
27.2,27.6,13.7,7.46,0.76,18.8,49.1,793.0,Rice,Sandy,Urea
30.6,30.7,34.8,4.86,0.4,29.3,73.2,778.0,Cassava,Sandy,NPK 15-15-15
26.3,52.7,16.5,6.26,0.83,29.7,43.9,1207.0,Millet,Loamy,Potash
36.9,22.0,30.7,8.09,2.33,37.9,49.7,1191.0,Millet,Silt,NPK 15-15-15
22.4,54.5,31.0,7.36,1.54,24.0,46.0,659.0,Wheat,Loamy,NPK 20-10-10
26.2,34.3,29.3,5.02,0.98,26.6,61.9,1844.0,Sorghum,Silt,NPK 15-15-15
31.2,53.6,27.6,6.32,2.59,35.5,91.1,557.0,Tomato,Clay,Organic Compost
26.6,52.3,34.4,7.78,1.32,23.0,90.4,1540.0,Millet,Clay,Organic Compost
33.3,32.7,23.2,7.59,1.69,30.4,91.5,832.0,Wheat,Silt,NPK 15-15-15
10.7,38.3,42.9,6.48,0.64,19.6,41.3,986.0,Wheat,Silt,Urea
29.4,25.5,36.6,7.77,2.22,32.3,56.1,1905.0,Tomato,Silt,NPK 15-15-15
46.0,34.0,39.0,5.71,1.17,26.5,91.4,1196.0,Beans,Clay,Organic Compost
20.0,8.4,38.7,5.73,0.92,28.7,48.9,845.0,Rice,Silt,DAP
30.2,39.6,42.2,7.14,1.55,32.7,87.5,852.0,Millet,Clay,Organic Compost
42.0,34.7,31.9,6.22,1.6,22.7,67.4,1374.0,Millet,Silt,Potash
26.9,47.2,28.5,6.65,2.54,18.6,52.1,1880.0,Maize,Loamy,NPK 20-10-10
15.9,34.1,45.7,6.06,2.26,23.8,67.2,544.0,Tomato,Loamy,Urea
18.5,38.2,25.5,5.81,0.42,28.7,94.2,635.0,Rice,Loamy,Urea
31.6,16.0,48.0,7.08,1.78,18.1,65.9,1695.0,Sorghum,Silt,DAP
25.5,32.9,16.0,7.55,0.97,29.2,74.0,1108.0,Millet,Sandy,Potash
28.3,40.5,20.9,6.29,1.23,18.3,74.3,901.0,Maize,Clay,Organic Compost
49.2,33.7,32.3,6.47,1.26,23.9,48.7,1864.0,Cassava,Loamy,Organic Compost
19.2,14.6,19.4,6.19,1.63,35.9,77.6,1683.0,Maize,Loamy,NPK 15-15-15
55.7,39.9,52.4,4.52,1.38,24.8,56.3,1480.0,Rice,Clay,Organic Compost
29.0,29.3,30.1,7.07,2.07,22.4,92.6,1205.0,Millet,Sandy,NPK 15-15-15
47.4,41.8,18.6,6.12,2.06,31.9,50.4,1589.0,Cassava,Loamy,Potash
20.9,25.6,36.3,8.02,2.59,31.8,62.7,510.0,Rice,Silt,NPK 15-15-15
40.8,53.5,19.2,5.87,1.67,25.0,49.7,1358.0,Cassava,Loamy,NPK 15-15-15
32.6,16.4,47.9,5.16,0.95,37.2,82.6,915.0,Rice,Loamy,DAP
45.5,31.5,35.8,5.05,0.95,18.5,72.4,1300.0,Tomato,Silt,Potash
31.5,16.5,48.7,7.58,1.71,36.0,73.7,1185.0,Cassava,Loamy,DAP
11.5,21.7,8.4,7.5,0.77,26.4,66.7,653.0,Sorghum,Sandy,NPK 20-10-10
8.2,10.6,5.7,6.37,2.21,34.2,59.5,1500.0,Beans,Sandy,NPK 15-15-15
51.3,45.5,19.6,6.14,2.45,21.4,43.2,828.0,Rice,Loamy,Urea
17.8,27.9,11.4,7.64,2.57,27.3,94.6,1325.0,Rice,Sandy,Organic Compost
32.7,8.0,22.2,7.5,2.56,36.2,45.8,523.0,Tomato,Sandy,DAP
56.4,47.1,59.6,6.05,1.3,23.6,64.1,1665.0,Tomato,Clay,Organic Compost
47.7,12.2,22.2,6.92,1.38,20.3,43.6,1909.0,Sorghum,Loamy,DAP
34.9,14.2,13.7,5.73,1.02,37.6,41.3,1276.0,Tomato,Silt,Superphosphate
35.8,28.3,21.3,5.37,2.19,27.3,42.5,1054.0,Tomato,Loamy,NPK 15-15-15
33.6,28.2,10.1,4.75,1.42,26.9,70.1,1475.0,Cassava,Sandy,Potash
40.8,50.0,37.2,7.03,2.56,21.1,64.0,1515.0,Millet,Clay,Organic Compost
17.7,35.1,34.2,4.66,1.74,28.7,55.9,782.0,Millet,Silt,Urea
31.9,49.4,28.8,4.94,2.56,29.3,54.8,646.0,Maize,Clay,NPK 15-15-15
35.0,28.2,57.9,7.08,2.18,31.1,90.4,951.0,Tomato,Clay,Organic Compost
6.0,30.6,23.4,4.67,0.63,31.9,61.2,1639.0,Wheat,Sandy,NPK 20-10-10
27.6,47.3,45.0,7.64,0.84,32.4,73.0,1164.0,Millet,Clay,Organic Compost
41.8,12.5,23.8,6.34,1.13,31.2,58.1,1226.0,Wheat,Silt,Urea
49.1,19.8,26.6,5.46,0.74,25.7,90.0,997.0,Wheat,Loamy,DAP
50.0,35.5,51.5,6.86,2.28,20.2,69.7,1523.0,Sorghum,Clay,Organic Compost
13.9,48.8,27.3,6.31,0.96,34.3,69.1,1958.0,Wheat,Silt,Urea
52.4,26.2,31.9,7.98,2.55,33.5,51.4,1587.0,Tomato,Clay,Organic Compost
18.4,18.6,14.7,6.49,0.48,35.0,89.3,1025.0,Tomato,Sandy,NPK 15-15-15
48.5,50.3,26.6,7.51,0.72,37.5,72.7,1511.0,Beans,Loamy,Potash
14.8,14.0,26.6,5.58,2.48,34.8,69.7,1764.0,Sorghum,Silt,NPK 20-10-10
27.4,27.1,13.2,7.44,2.1,19.6,43.2,1810.0,Beans,Sandy,Potash
15.2,25.7,8.9,7.54,0.63,24.7,70.9,1517.0,Sorghum,Silt,NPK 20-10-10
28.0,24.6,47.7,4.98,1.85,27.1,62.9,817.0,Maize,Clay,Organic Compost
34.6,30.2,27.5,5.98,2.28,26.4,40.2,1877.0,Maize,Loamy,NPK 15-15-15
25.3,35.8,45.7,7.97,0.52,25.1,54.1,1074.0,Sorghum,Clay,Organic Compost
33.0,12.7,27.6,6.87,1.61,34.9,73.4,1652.0,Sorghum,Sandy,DAP
6.4,24.4,31.7,6.91,2.2,37.8,48.6,1503.0,Beans,Sandy,NPK 20-10-10
27.3,30.5,57.0,8.12,2.41,27.5,76.7,566.0,Beans,Clay,Organic Compost
22.9,9.3,33.4,7.81,2.58,28.2,59.1,1003.0,Rice,Sandy,DAP
13.4,35.2,46.4,5.51,1.56,33.9,68.3,1244.0,Beans,Silt,Urea
38.0,46.4,12.3,4.72,0.59,32.7,61.5,1143.0,Wheat,Silt,Potash
23.0,30.5,18.5,7.74,1.55,26.0,54.4,1568.0,Beans,Sandy,Potash
43.0,56.4,32.1,7.2,1.27,20.3,69.1,770.0,Rice,Clay,Superphosphate
54.0,50.4,54.1,4.61,0.74,22.7,80.5,1965.0,Maize,Loamy,Organic Compost
7.7,23.9,32.0,6.94,1.84,27.7,64.7,992.0,Sorghum,Sandy,NPK 20-10-10
24.9,34.3,17.0,4.67,0.7,35.4,54.1,1941.0,Tomato,Loamy,Potash
46.9,21.6,51.1,6.92,0.54,37.1,55.8,771.0,Cassava,Loamy,NPK 20-10-10
38.4,9.4,46.7,6.01,0.79,37.6,80.8,1670.0,Maize,Silt,DAP
24.5,34.3,28.4,6.07,0.41,34.2,52.0,1158.0,Tomato,Loamy,NPK 15-15-15
15.3,12.9,9.0,7.51,1.59,27.1,47.3,1223.0,Wheat,Sandy,NPK 15-15-15
34.7,41.3,14.4,4.71,2.02,22.1,48.5,1939.0,Rice,Loamy,Potash
47.0,26.1,31.9,6.55,0.84,23.9,93.0,838.0,Tomato,Loamy,Potash
39.8,31.7,37.3,6.5,1.46,34.1,88.4,809.0,Sorghum,Loamy,NPK 15-15-15
16.9,44.4,12.3,4.84,0.8,18.2,81.1,1035.0,Millet,Silt,NPK 20-10-10
42.2,41.4,26.0,7.8,1.28,29.0,61.9,1097.0,Maize,Loamy,Potash
47.8,49.8,42.7,6.92,2.38,28.8,90.4,1064.0,Wheat,Loamy,Organic Compost
8.8,16.4,47.0,6.71,0.5,37.3,91.0,1539.0,Cassava,Silt,NPK 20-10-10
49.2,14.6,22.2,5.12,1.98,25.6,90.4,1685.0,Beans,Loamy,DAP
32.4,40.4,53.9,5.78,1.12,30.5,76.6,702.0,Cassava,Loamy,NPK 20-10-10
30.1,18.0,39.9,5.19,0.46,27.9,42.1,1466.0,Millet,Loamy,DAP
16.1,17.3,40.6,4.62,0.65,33.3,49.2,1193.0,Wheat,Loamy,DAP
49.8,44.4,20.1,5.29,1.44,30.6,72.0,855.0,Rice,Loamy,Potash
24.5,32.2,13.8,5.61,1.08,21.2,47.7,1855.0,Millet,Sandy,Potash
35.7,18.0,9.0,6.13,1.87,31.6,73.2,1881.0,Sorghum,Silt,Superphosphate
7.4,33.1,18.6,5.99,2.57,26.6,58.4,734.0,Maize,Sandy,NPK 20-10-10
46.4,16.0,37.1,4.52,2.16,23.6,42.2,1031.0,Tomato,Silt,DAP
32.1,27.0,61.2,6.1,2.49,19.8,64.7,1159.0,Rice,Clay,Organic Compost
34.7,30.4,35.3,6.85,1.43,26.2,86.9,1432.0,Cassava,Clay,Organic Compost
51.5,21.5,29.0,6.03,2.36,18.6,64.5,592.0,Rice,Clay,Organic Compost
8.0,29.9,7.5,6.67,0.76,20.1,65.4,953.0,Cassava,Sandy,NPK 20-10-10
28.5,30.5,7.0,5.14,1.15,31.0,55.7,755.0,Millet,Sandy,Potash
33.0,40.7,12.2,5.71,1.74,31.0,50.7,931.0,Rice,Loamy,Potash
32.4,57.0,57.1,6.45,2.32,19.5,46.9,1051.0,Sorghum,Clay,Organic Compost
27.6,8.3,15.6,6.12,1.92,29.7,88.2,825.0,Rice,Silt,Superphosphate
35.1,40.0,29.6,6.16,0.81,36.7,73.3,1704.0,Cassava,Silt,NPK 20-10-10
28.3,30.5,25.0,5.75,1.39,25.3,42.2,1508.0,Maize,Silt,NPK 15-15-15
60.6,61.5,43.9,7.44,1.6,23.2,43.9,951.0,Maize,Clay,Organic Compost
34.1,21.0,21.9,7.94,2.04,21.2,92.4,1314.0,Beans,Sandy,NPK 15-15-15
8.8,30.5,28.6,4.63,1.13,28.1,44.2,1327.0,Tomato,Sandy,NPK 20-10-10
28.7,44.4,48.5,7.83,0.48,20.0,73.9,763.0,Tomato,Silt,NPK 20-10-10
59.4,34.0,55.6,6.36,1.85,20.5,43.5,1649.0,Maize,Clay,Organic Compost
12.9,15.2,10.6,6.91,1.75,26.5,47.4,438.0,Rice,Silt,NPK 15-15-15
47.8,15.1,19.2,7.45,2.59,30.4,53.9,1125.0,Maize,Silt,NPK 15-15-15
42.5,47.7,23.6,7.23,1.81,28.2,55.9,1976.0,Wheat,Loamy,Potash
8.3,24.8,32.0,5.0,0.63,36.1,76.3,1950.0,Rice,Sandy,NPK 20-10-10
27.4,18.0,31.9,5.83,1.43,28.3,41.5,1374.0,Millet,Silt,DAP
6.7,21.7,15.8,4.85,1.31,26.2,81.4,643.0,Millet,Sandy,NPK 20-10-10
29.7,35.3,8.6,4.76,1.0,25.6,59.1,1954.0,Wheat,Silt,Potash
47.7,15.4,39.9,8.19,0.95,28.1,81.7,1576.0,Beans,Silt,DAP
17.2,41.1,26.6,6.89,1.44,27.2,88.5,1425.0,Maize,Loamy,Urea
19.3,36.9,22.9,6.72,2.2,36.5,63.5,1731.0,Beans,Silt,Urea
44.9,36.8,37.6,7.6,0.96,32.9,75.1,1273.0,Tomato,Silt,Potash
22.1,48.1,20.0,7.26,2.44,34.4,74.8,1877.0,Cassava,Loamy,Potash
50.9,50.1,56.3,6.0,0.72,20.1,59.0,1669.0,Wheat,Clay,Organic Compost
30.2,34.6,40.2,7.61,2.58,30.0,61.4,693.0,Rice,Clay,Organic Compost
26.1,25.9,47.6,6.94,1.39,29.2,67.8,679.0,Sorghum,Loamy,NPK 15-15-15
16.9,31.6,27.4,6.7,2.42,23.7,48.3,594.0,Wheat,Silt,Organic Compost
18.7,36.3,40.6,7.97,1.28,31.8,54.9,1785.0,Wheat,Silt,Urea
40.3,40.4,37.4,6.12,2.03,37.5,81.0,895.0,Sorghum,Loamy,Potash
23.5,40.7,24.3,6.39,0.59,25.2,92.5,412.0,Wheat,Clay,Organic Compost
44.8,60.5,46.9,7.81,0.76,23.8,88.8,408.0,Cassava,Clay,Organic Compost
52.7,31.3,51.0,6.67,1.06,21.0,67.0,428.0,Wheat,Loamy,NPK 20-10-10
36.0,31.1,53.5,5.05,2.59,31.8,85.4,1415.0,Tomato,Loamy,NPK 15-15-15
55.6,51.6,56.7,4.74,2.52,36.8,89.3,1420.0,Tomato,Clay,Organic Compost
28.7,47.1,16.7,7.65,1.37,23.8,67.8,1420.0,Sorghum,Silt,Potash
36.6,49.6,26.6,4.71,0.76,21.6,81.9,1188.0,Tomato,Clay,Organic Compost
18.3,46.3,40.3,4.82,1.66,26.3,65.3,987.0,Sorghum,Silt,Urea
39.4,42.9,50.7,5.06,0.69,28.0,66.1,1302.0,Millet,Clay,Organic Compost
39.9,33.3,33.3,6.7,1.75,30.3,85.7,1199.0,Rice,Loamy,NPK 15-15-15
26.4,49.9,30.1,8.1,2.44,26.8,59.2,1498.0,Maize,Loamy,NPK 20-10-10
25.7,29.1,23.9,7.45,1.72,31.7,85.2,1674.0,Sorghum,Silt,NPK 15-15-15
35.3,43.2,30.0,7.39,0.9,24.7,74.8,1516.0,Tomato,Clay,Organic Compost
50.8,19.1,51.4,6.49,1.39,33.9,83.1,1492.0,Cassava,Loamy,DAP
23.1,32.1,31.7,7.92,1.4,31.3,76.3,1571.0,Sorghum,Silt,NPK 15-15-15
13.7,46.9,55.0,4.64,1.71,30.0,68.9,1800.0,Maize,Loamy,Urea
12.3,15.0,45.2,4.86,1.82,31.7,52.0,768.0,Tomato,Silt,NPK 20-10-10
20.0,16.9,10.5,6.13,0.99,24.0,51.1,1402.0,Sorghum,Sandy,NPK 15-15-15
46.8,36.8,48.9,7.39,1.22,29.2,94.3,973.0,Rice,Loamy,NPK 20-10-10
33.2,12.5,32.8,6.69,1.7,26.0,61.8,913.0,Millet,Sandy,DAP
20.9,18.5,24.1,6.32,2.21,19.3,89.6,1239.0,Cassava,Sandy,DAP
42.4,29.3,40.9,5.97,1.05,22.2,87.3,1760.0,Rice,Clay,Organic Compost
31.4,51.8,45.5,7.49,1.95,32.5,48.2,955.0,Tomato,Loamy,NPK 20-10-10
7.3,30.4,28.4,5.09,1.56,18.8,48.2,812.0,Tomato,Sandy,NPK 20-10-10
29.3,5.7,5.1,5.61,2.01,37.0,57.3,1291.0,Millet,Sandy,Urea
12.7,16.2,49.6,6.87,2.38,34.7,82.1,966.0,Wheat,Loamy,NPK 20-10-10
21.1,27.5,20.8,7.04,1.26,28.6,66.3,853.0,Wheat,Clay,Organic Compost
56.3,51.5,59.1,5.82,2.26,32.5,91.9,860.0,Sorghum,Clay,Organic Compost
18.1,19.0,18.0,7.75,2.48,31.3,50.6,1073.0,Sorghum,Sandy,NPK 15-15-15
11.0,35.5,27.6,5.47,0.54,19.1,89.1,1323.0,Tomato,Silt,Urea
45.2,21.1,28.5,6.89,0.7,33.9,85.9,1231.0,Wheat,Loamy,Potash
43.1,26.6,46.8,7.21,1.18,22.6,59.7,948.0,Maize,Loamy,NPK 20-10-10
40.3,24.2,27.7,6.22,2.55,31.4,48.5,1986.0,Tomato,Loamy,Potash
56.8,45.9,58.9,7.64,0.48,31.7,79.6,995.0,Sorghum,Clay,Organic Compost
16.0,11.7,11.4,5.32,1.7,30.9,48.2,1278.0,Millet,Sandy,NPK 15-15-15
48.8,17.0,22.8,7.99,1.06,34.3,42.8,1020.0,Beans,Loamy,DAP
53.2,61.2,41.6,6.22,1.95,33.1,43.3,1100.0,Cassava,Clay,Organic Compost
27.8,31.6,30.4,6.84,2.15,22.7,41.4,1222.0,Maize,Sandy,NPK 15-15-15
45.9,28.4,12.7,5.52,1.19,31.5,89.7,754.0,Beans,Loamy,Potash
22.8,8.7,9.4,6.79,2.26,30.6,82.6,1205.0,Tomato,Silt,Superphosphate
47.1,32.4,49.7,5.87,1.01,31.3,73.2,1527.0,Wheat,Loamy,Organic Compost
21.4,7.8,17.9,6.84,1.59,21.7,91.0,455.0,Millet,Sandy,Superphosphate
31.9,48.8,21.0,4.64,0.85,18.6,61.5,768.0,Tomato,Clay,Organic Compost
18.0,5.5,21.4,4.9,0.53,24.5,55.0,579.0,Wheat,Sandy,NPK 20-10-10
18.5,9.4,45.5,6.91,1.95,26.2,71.5,1525.0,Rice,Silt,NPK 20-10-10
45.2,24.3,26.3,5.18,1.51,34.2,71.0,967.0,Millet,Loamy,Potash
29.6,31.2,33.6,7.23,1.78,31.7,76.6,1882.0,Wheat,Silt,NPK 15-15-15
57.7,57.8,34.8,7.48,2.56,22.1,61.8,1065.0,Tomato,Clay,Organic Compost
32.8,51.7,52.7,7.08,1.69,29.4,55.5,620.0,Maize,Clay,Organic Compost
35.4,43.8,14.7,6.94,0.67,25.6,49.5,879.0,Tomato,Silt,Potash
8.3,11.0,30.3,6.02,2.46,29.2,67.9,1130.0,Maize,Sandy,NPK 20-10-10
17.5,29.6,24.2,7.83,2.02,23.8,62.5,1071.0,Cassava,Loamy,Urea
8.8,38.7,12.1,6.83,1.53,33.3,70.3,680.0,Beans,Silt,NPK 20-10-10
30.1,38.2,35.8,6.48,0.6,27.9,52.4,1677.0,Sorghum,Loamy,NPK 15-15-15
38.9,12.8,8.4,4.55,1.43,34.3,57.1,1879.0,Millet,Silt,Superphosphate
18.8,23.8,20.2,6.13,0.81,32.0,59.3,1953.0,Maize,Sandy,NPK 20-10-10
30.8,11.3,10.0,7.16,1.06,26.3,64.8,1654.0,Sorghum,Sandy,Superphosphate
34.6,26.3,13.4,7.34,2.27,26.6,76.3,1185.0,Sorghum,Sandy,Potash
38.6,34.5,39.6,6.65,2.07,36.2,77.6,1991.0,Rice,Clay,Organic Compost
53.2,46.6,56.2,7.01,0.43,31.5,51.6,1115.0,Tomato,Clay,Organic Compost
16.5,26.4,33.3,5.35,0.66,20.7,65.2,877.0,Wheat,Sandy,NPK 20-10-10
30.4,34.6,59.2,5.6,0.51,24.2,91.5,1084.0,Cassava,Clay,Organic Compost
9.1,19.9,26.1,7.63,0.93,37.7,66.9,1204.0,Sorghum,Sandy,NPK 20-10-10
44.6,36.4,17.8,4.62,2.46,35.3,94.1,1479.0,Rice,Loamy,Potash
39.6,33.0,28.2,7.03,0.59,28.1,81.7,1728.0,Cassava,Loamy,NPK 15-15-15
22.2,8.8,7.7,7.53,0.68,26.3,62.6,1973.0,Rice,Sandy,Superphosphate
40.8,23.7,27.5,5.18,1.59,19.6,89.7,714.0,Tomato,Loamy,Potash
21.4,15.0,49.4,5.53,2.03,32.5,53.5,844.0,Rice,Silt,DAP
43.8,25.0,13.9,6.75,1.45,24.9,75.5,1923.0,Sorghum,Loamy,Potash
48.3,24.6,12.2,6.17,1.85,34.0,91.6,1227.0,Rice,Silt,Potash
45.5,49.1,46.6,5.22,1.38,19.5,68.6,743.0,Cassava,Clay,Organic Compost
43.5,16.8,31.2,5.17,0.5,26.0,57.3,1869.0,Beans,Loamy,DAP
8.6,29.8,8.8,6.74,1.52,26.6,42.9,568.0,Beans,Silt,NPK 20-10-10
15.5,43.8,9.2,5.31,2.42,35.4,59.5,1687.0,Sorghum,Silt,NPK 20-10-10
31.5,19.2,10.0,6.64,2.05,35.3,60.9,855.0,Millet,Sandy,Superphosphate
30.2,27.7,35.4,6.13,1.99,20.2,63.4,1453.0,Rice,Clay,Organic Compost
31.8,11.4,32.3,7.78,1.2,34.3,68.3,1697.0,Millet,Sandy,DAP
17.3,38.9,8.6,7.91,0.84,25.5,86.4,1164.0,Sorghum,Silt,NPK 20-10-10
31.3,43.5,45.5,6.19,1.98,27.3,91.7,1564.0,Beans,Silt,NPK 20-10-10
19.9,52.5,23.0,5.17,1.39,32.5,77.5,807.0,Rice,Loamy,Urea
37.9,53.2,50.2,6.37,1.23,25.9,84.3,1441.0,Tomato,Loamy,NPK 20-10-10
19.4,21.0,33.8,5.02,2.18,35.9,60.8,659.0,Wheat,Sandy,NPK 20-10-10
7.1,31.6,27.7,7.44,2.03,20.6,80.2,1359.0,Tomato,Sandy,NPK 20-10-10
35.3,19.8,34.7,8.04,1.18,21.0,65.8,1121.0,Sorghum,Loamy,DAP
22.5,21.7,13.5,7.24,0.99,33.8,70.3,1539.0,Cassava,Loamy,Potash
30.0,27.3,33.8,7.27,2.4,29.9,52.4,873.0,Sorghum,Loamy,NPK 15-15-15
7.8,32.6,5.8,7.27,0.72,31.3,50.3,1835.0,Beans,Sandy,NPK 20-10-10
28.5,22.0,17.7,6.11,1.51,37.9,77.1,1179.0,Maize,Sandy,Potash
58.7,29.2,34.5,4.74,1.78,33.3,74.8,1699.0,Sorghum,Clay,Organic Compost
18.6,7.5,21.1,7.35,1.3,27.0,80.6,427.0,Beans,Sandy,NPK 20-10-10
60.8,50.7,25.5,6.34,1.29,26.0,83.2,1330.0,Tomato,Clay,Organic Compost
36.9,39.8,17.2,4.87,0.75,34.2,92.6,1899.0,Tomato,Silt,Superphosphate
16.4,31.4,49.4,6.24,2.5,28.9,58.9,657.0,Beans,Silt,Urea
21.8,25.1,47.4,5.24,1.22,36.2,91.7,1684.0,Maize,Silt,NPK 15-15-15
53.2,55.2,50.0,5.75,1.84,32.0,88.8,623.0,Maize,Clay,Organic Compost
29.3,31.8,13.4,6.37,1.74,21.3,83.6,1153.0,Maize,Sandy,Potash
47.8,14.1,30.9,6.05,0.83,29.2,81.3,1189.0,Cassava,Loamy,DAP
32.5,27.0,52.9,5.05,0.73,18.1,61.4,1099.0,Wheat,Clay,Organic Compost
29.8,12.2,38.2,5.13,0.46,33.5,53.5,1608.0,Millet,Loamy,DAP
23.0,35.3,31.9,7.4,1.12,30.0,69.7,470.0,Rice,Silt,Organic Compost
34.9,33.8,39.2,4.56,0.91,31.0,79.5,1407.0,Beans,Silt,NPK 15-15-15
26.0,17.2,21.9,4.79,0.77,33.5,60.9,1645.0,Sorghum,Sandy,DAP
28.1,8.8,9.8,6.01,1.84,24.0,57.8,1779.0,Maize,Sandy,Superphosphate
12.9,46.3,44.8,5.46,0.9,18.7,85.2,1372.0,Beans,Loamy,DAP
23.1,30.7,9.4,8.02,0.86,24.1,90.9,901.0,Tomato,Sandy,Potash
39.1,21.1,26.5,4.81,2.43,36.1,84.2,1797.0,Beans,Silt,NPK 15-15-15
15.0,45.8,34.2,5.52,0.48,37.7,45.3,983.0,Beans,Loamy,Urea
8.8,23.6,15.1,5.13,1.76,36.0,81.3,660.0,Beans,Sandy,NPK 20-10-10
20.9,20.9,30.6,4.89,1.6,18.9,53.4,493.0,Millet,Clay,Organic Compost
15.6,27.2,12.0,7.55,1.2,31.3,79.0,1288.0,Rice,Loamy,NPK 20-10-10
29.5,25.2,15.1,5.79,1.42,20.7,89.9,413.0,Maize,Loamy,Potash
47.4,32.4,37.3,5.51,2.5,30.9,47.2,1578.0,Tomato,Loamy,Potash
40.6,50.3,61.8,5.87,1.89,31.4,50.1,1429.0,Rice,Clay,Organic Compost
32.6,39.8,46.7,5.33,0.76,31.0,41.9,1720.0,Beans,Loamy,NPK 15-15-15
52.1,29.4,36.9,6.03,2.2,23.3,74.8,1998.0,Wheat,Clay,Organic Compost
13.5,21.1,14.7,6.41,1.6,32.7,74.3,1517.0,Millet,Sandy,NPK 20-10-10
29.8,27.6,10.5,4.74,1.84,26.9,62.6,440.0,Rice,Sandy,Potash
13.5,29.2,47.5,7.8,0.92,23.5,45.4,1855.0,Beans,Loamy,NPK 20-10-10
34.9,41.0,17.2,6.75,0.64,31.2,73.0,1718.0,Beans,Silt,Potash
28.6,31.2,11.2,4.9,0.78,20.4,47.6,817.0,Beans,Silt,Potash
19.6,32.8,15.3,4.73,2.26,34.9,60.0,513.0,Tomato,Sandy,NPK 20-10-10
54.9,28.8,17.5,5.9,1.69,18.9,55.1,1907.0,Beans,Loamy,Potash
33.7,33.2,12.7,6.77,2.52,30.6,52.2,1510.0,Maize,Sandy,Potash
40.5,24.7,53.2,5.78,0.81,26.8,75.4,1286.0,Sorghum,Clay,Organic Compost
38.7,35.7,36.4,5.95,1.43,28.5,84.0,1593.0,Cassava,Loamy,NPK 15-15-15
48.5,19.7,50.0,6.44,0.9,32.4,42.6,1500.0,Rice,Silt,DAP
22.1,19.4,25.1,6.62,2.08,35.7,70.2,1160.0,Tomato,Silt,DAP
18.2,32.1,33.9,6.83,0.55,26.6,81.9,1654.0,Wheat,Loamy,Urea
51.7,53.5,53.3,7.2,2.28,19.9,67.7,1721.0,Sorghum,Clay,Organic Compost
24.9,31.7,38.4,6.58,0.88,35.0,54.6,1773.0,Tomato,Silt,NPK 15-15-15
19.4,24.6,31.4,6.65,2.58,25.6,53.5,1109.0,Millet,Sandy,NPK 20-10-10
7.7,23.7,16.5,7.4,0.98,26.7,68.3,1908.0,Beans,Sandy,NPK 15-15-15
23.9,61.6,25.6,7.55,1.54,33.6,56.6,1161.0,Rice,Clay,Organic Compost
23.6,33.7,8.8,7.61,1.01,22.0,49.2,1577.0,Wheat,Sandy,DAP
18.0,21.6,18.6,4.6,1.4,27.9,92.0,1565.0,Maize,Loamy,NPK 20-10-10
61.1,30.4,27.0,5.95,1.48,34.5,69.8,1924.0,Beans,Clay,Organic Compost
35.4,14.5,41.0,6.87,0.82,26.3,75.2,1573.0,Sorghum,Silt,DAP
30.9,32.8,20.5,6.3,0.81,30.0,93.1,1999.0,Millet,Clay,Organic Compost
60.3,42.0,34.0,5.08,0.79,35.1,54.2,833.0,Wheat,Clay,Organic Compost
28.8,48.9,38.8,5.52,1.54,33.5,45.5,514.0,Cassava,Clay,Organic Compost
30.2,14.0,11.3,5.08,1.02,31.7,46.1,619.0,Sorghum,Silt,Superphosphate
17.1,32.5,11.3,6.83,0.44,22.7,64.8,1410.0,Wheat,Silt,NPK 20-10-10
51.5,32.7,23.7,4.91,2.47,20.7,56.4,926.0,Beans,Loamy,Potash
16.7,39.4,16.6,7.33,1.31,19.6,85.5,1416.0,Millet,Silt,NPK 20-10-10
23.7,28.9,34.9,6.98,1.35,34.4,42.8,1071.0,Wheat,Sandy,NPK 15-15-15
6.8,8.3,10.0,7.58,1.99,33.3,90.0,884.0,Tomato,Sandy,NPK 15-15-15
45.8,41.9,54.6,7.3,0.41,32.0,45.6,1274.0,Beans,Loamy,Organic Compost
46.1,24.4,18.6,5.66,0.78,21.7,78.3,1527.0,Millet,Loamy,Potash
34.8,52.8,28.5,6.07,1.49,21.6,53.5,1506.0,Rice,Loamy,NPK 20-10-10
28.6,25.2,35.6,5.34,1.08,28.5,76.2,1738.0,Maize,Loamy,NPK 15-15-15
23.1,27.9,20.0,5.19,0.47,32.3,70.0,457.0,Beans,Clay,Organic Compost
13.2,17.5,32.3,4.66,0.45,29.6,70.9,1691.0,Sorghum,Loamy,Superphosphate
5.6,14.0,6.5,5.4,2.19,20.5,51.1,1378.0,Beans,Sandy,Superphosphate
22.9,20.2,37.0,7.64,2.46,34.0,75.7,1082.0,Rice,Clay,Organic Compost
15.7,38.1,41.3,7.83,2.01,32.6,89.6,711.0,Rice,Silt,Urea
34.5,47.1,10.1,5.29,0.89,19.6,74.2,1042.0,Millet,Silt,Potash
36.4,9.6,26.5,7.16,0.63,33.9,73.9,1549.0,Rice,Silt,DAP
27.3,56.1,28.7,5.49,1.88,24.7,57.0,500.0,Tomato,Clay,Organic Compost
36.5,30.3,43.3,6.57,0.41,19.7,73.7,854.0,Cassava,Clay,Organic Compost
18.5,13.9,41.5,5.58,1.0,20.2,42.9,769.0,Wheat,Loamy,NPK 20-10-10
8.0,16.0,34.8,7.02,2.6,19.6,62.3,768.0,Tomato,Sandy,NPK 20-10-10
43.9,32.9,42.9,7.72,1.66,33.3,77.8,556.0,Tomato,Clay,Organic Compost
44.6,21.0,31.7,5.56,0.42,33.6,79.3,1878.0,Sorghum,Silt,Potash
10.1,16.7,14.9,6.01,0.89,37.8,44.7,1583.0,Tomato,Sandy,NPK 15-15-15
23.4,32.1,25.3,5.5,0.99,34.6,66.3,1528.0,Maize,Sandy,NPK 15-15-15
37.8,40.7,59.0,6.33,0.89,28.6,40.5,846.0,Millet,Clay,Organic Compost
39.1,45.2,29.5,5.31,1.87,37.5,56.9,732.0,Sorghum,Clay,Organic Compost
33.1,6.4,33.0,7.6,1.06,30.5,49.5,1068.0,Cassava,Sandy,DAP
48.6,47.0,44.4,4.98,1.87,35.8,47.6,1436.0,Maize,Silt,Organic Compost
24.4,31.1,19.6,7.31,0.82,30.9,88.2,1557.0,Wheat,Sandy,Potash
43.2,58.4,33.6,7.27,1.92,34.3,67.4,1190.0,Wheat,Clay,Potash
36.3,43.2,28.3,6.78,1.16,29.7,80.4,1376.0,Beans,Clay,DAP
18.0,21.6,42.1,7.96,2.19,35.7,66.9,1067.0,Millet,Silt,Urea
49.6,45.7,26.4,5.64,0.87,20.5,63.1,717.0,Wheat,Clay,Urea
23.6,29.3,18.9,6.75,1.83,31.0,94.3,1374.0,Rice,Sandy,Potash
34.1,27.2,39.2,5.33,1.88,33.3,75.1,700.0,Millet,Silt,NPK 15-15-15
36.9,59.0,22.0,6.96,0.91,31.0,92.2,1320.0,Millet,Clay,Organic Compost
39.5,43.7,32.9,6.53,1.97,28.2,51.6,431.0,Millet,Clay,Organic Compost
48.3,31.6,42.8,4.67,2.28,23.7,49.7,843.0,Millet,Silt,NPK 20-10-10
20.3,34.4,49.6,7.28,0.92,22.9,77.4,1375.0,Sorghum,Clay,Organic Compost
20.0,17.2,28.6,7.79,1.81,23.4,93.6,541.0,Sorghum,Sandy,NPK 20-10-10
26.3,17.7,15.7,5.33,0.65,24.3,54.0,1254.0,Sorghum,Sandy,Superphosphate
51.4,31.2,46.9,6.82,2.02,18.3,40.1,670.0,Wheat,Clay,Organic Compost
38.9,25.2,33.0,6.12,0.81,25.2,50.5,847.0,Maize,Loamy,NPK 15-15-15
16.2,16.2,18.4,7.42,0.94,34.4,57.7,885.0,Millet,Silt,NPK 15-15-15
17.6,16.8,34.9,7.06,2.34,35.9,63.5,1640.0,Cassava,Sandy,NPK 20-10-10
50.8,44.4,41.3,4.54,2.53,18.8,46.6,468.0,Sorghum,Clay,Organic Compost
45.5,32.9,40.8,5.04,1.3,30.5,50.3,1011.0,Maize,Silt,NPK 20-10-10
32.1,21.7,11.2,7.75,2.52,27.7,44.6,805.0,Tomato,Sandy,Potash
20.4,23.5,41.1,6.12,1.56,31.4,83.2,941.0,Wheat,Silt,NPK 15-15-15
18.9,16.9,31.0,5.18,2.12,18.0,92.4,421.0,Rice,Loamy,NPK 20-10-10
56.6,23.7,53.6,7.28,1.41,30.5,60.2,899.0,Millet,Clay,NPK 20-10-10
5.3,8.7,7.9,6.84,1.87,33.1,93.5,1968.0,Rice,Sandy,NPK 15-15-15
43.6,21.9,28.1,7.66,1.3,27.7,80.5,1694.0,Maize,Clay,Organic Compost
24.7,39.9,16.8,8.08,0.99,25.8,91.2,1408.0,Beans,Loamy,Potash
28.5,32.8,36.1,5.11,1.95,25.3,91.9,1446.0,Rice,Silt,NPK 15-15-15
32.1,31.3,20.3,8.11,2.05,37.9,81.6,1864.0,Rice,Sandy,NPK 15-15-15
20.2,26.9,12.9,6.04,0.78,36.5,80.9,461.0,Beans,Sandy,NPK 20-10-10
36.6,45.3,59.8,8.04,0.61,30.7,94.6,687.0,Beans,Clay,Organic Compost
23.2,36.3,28.6,4.71,0.62,24.8,71.9,1926.0,Millet,Clay,Organic Compost
45.2,13.7,29.4,7.38,2.53,27.2,78.6,1993.0,Millet,Loamy,DAP
60.6,49.8,25.5,8.12,2.17,23.3,94.3,527.0,Millet,Clay,Organic Compost
19.5,44.1,10.5,8.02,1.73,28.4,94.5,442.0,Millet,Silt,NPK 20-10-10
16.8,12.6,38.5,5.75,1.46,30.4,61.2,743.0,Tomato,Loamy,NPK 20-10-10
26.5,9.0,34.2,4.52,1.07,34.1,45.0,1341.0,Rice,Sandy,DAP
29.2,23.0,45.8,5.89,2.39,36.3,83.7,606.0,Beans,Clay,Organic Compost
21.1,28.3,40.8,6.17,2.11,28.5,54.5,624.0,Wheat,Clay,Organic Compost
28.9,46.5,56.1,5.4,2.2,37.0,91.5,626.0,Tomato,Clay,Urea
27.5,38.8,42.8,5.1,0.48,33.6,65.1,791.0,Maize,Clay,Organic Compost
29.3,23.7,43.4,7.18,2.34,18.3,74.6,851.0,Maize,Loamy,NPK 15-15-15
28.5,37.9,39.6,6.84,1.44,36.2,71.7,1234.0,Wheat,Silt,NPK 15-15-15
23.2,14.9,11.4,6.2,1.14,18.8,66.8,1450.0,Sorghum,Sandy,DAP
14.3,6.2,7.9,7.15,1.59,37.1,77.5,1940.0,Sorghum,Sandy,NPK 15-15-15
21.8,20.7,31.9,6.45,0.98,32.0,54.6,533.0,Sorghum,Sandy,NPK 15-15-15
38.0,26.4,44.4,6.0,1.27,26.6,79.3,648.0,Rice,Silt,NPK 15-15-15
36.3,58.3,46.5,6.36,0.68,29.5,83.9,978.0,Maize,Clay,Organic Compost
26.7,54.8,43.8,6.41,2.44,34.5,94.6,1507.0,Maize,Clay,Organic Compost
35.0,27.6,54.7,4.52,2.35,23.2,53.2,411.0,Sorghum,Clay,Organic Compost
15.8,36.9,25.4,4.54,1.1,18.1,90.3,1777.0,Wheat,Silt,Urea
24.5,49.6,25.1,6.98,0.97,32.6,61.6,619.0,Rice,Clay,Organic Compost
48.8,45.1,33.6,6.85,0.49,30.1,83.0,621.0,Tomato,Clay,Organic Compost
60.3,21.3,57.6,4.73,1.23,29.0,52.2,951.0,Beans,Clay,Organic Compost
30.6,42.7,18.1,7.96,2.56,23.3,66.0,418.0,Rice,Silt,Potash
38.0,48.3,47.3,6.91,0.44,32.7,81.0,1273.0,Rice,Clay,Organic Compost
27.0,23.1,33.1,5.25,0.81,26.4,74.3,1269.0,Wheat,Clay,Organic Compost
37.1,20.4,51.9,6.73,0.68,21.8,49.4,1052.0,Cassava,Clay,NPK 15-15-15
46.6,19.4,23.4,7.91,0.77,34.9,48.3,1193.0,Beans,Silt,DAP
13.6,22.3,23.3,6.01,2.04,19.0,71.5,1560.0,Wheat,Loamy,Urea
29.8,8.1,10.3,7.17,0.87,22.9,86.7,1139.0,Sorghum,Sandy,Superphosphate
18.8,11.7,49.0,5.58,1.53,19.2,48.2,563.0,Wheat,Silt,DAP
12.7,31.6,40.6,5.84,0.73,22.5,48.4,873.0,Tomato,Loamy,Urea
11.7,12.0,24.2,4.59,1.37,36.6,81.9,933.0,Cassava,Sandy,NPK 20-10-10
38.1,32.8,31.5,7.81,0.83,29.6,59.3,1149.0,Beans,Silt,Organic Compost
31.6,46.8,18.8,5.71,1.29,28.9,52.7,1581.0,Cassava,Silt,Potash
20.3,15.8,15.5,8.14,1.29,18.5,59.5,1359.0,Rice,Sandy,Superphosphate
10.0,28.1,5.2,5.35,2.56,31.1,53.5,710.0,Rice,Sandy,NPK 20-10-10
10.1,27.4,6.3,5.22,1.7,32.1,77.0,819.0,Wheat,Sandy,NPK 20-10-10
20.0,37.5,42.8,7.54,2.52,30.0,84.9,609.0,Beans,Clay,Organic Compost
17.3,5.6,19.0,6.91,0.95,34.2,90.9,1313.0,Millet,Sandy,NPK 15-15-15
24.7,19.0,24.3,6.12,0.9,24.7,61.8,1606.0,Maize,Loamy,DAP
28.1,54.0,46.9,5.38,1.23,24.9,63.9,1752.0,Maize,Clay,Organic Compost
39.0,41.1,32.0,6.26,2.1,18.4,72.1,1923.0,Wheat,Silt,NPK 20-10-10
32.5,11.1,21.4,6.81,0.47,20.5,69.9,689.0,Tomato,Sandy,DAP
38.9,49.6,51.6,7.93,1.26,20.4,76.7,1870.0,Cassava,Loamy,NPK 20-10-10
53.7,37.2,41.1,5.24,1.88,25.0,54.7,801.0,Millet,Clay,Organic Compost
54.7,58.5,33.0,5.73,1.02,24.0,80.1,1407.0,Cassava,Clay,DAP
43.6,10.5,46.0,5.45,1.12,26.0,47.8,558.0,Sorghum,Silt,DAP
36.8,17.8,16.0,6.58,1.7,31.2,67.7,1815.0,Wheat,Loamy,Superphosphate
29.7,50.8,22.1,8.01,2.31,21.5,63.9,789.0,Millet,Loamy,NPK 20-10-10
30.5,24.9,21.9,5.71,0.75,22.5,69.1,655.0,Cassava,Silt,NPK 15-15-15
49.5,21.3,15.7,4.78,1.17,36.4,72.5,1934.0,Tomato,Silt,Potash
38.4,32.6,51.2,6.61,0.54,36.4,83.2,1893.0,Cassava,Clay,Organic Compost
39.3,17.3,23.2,5.21,0.74,31.0,87.6,1981.0,Millet,Loamy,DAP
23.3,30.0,55.6,7.98,2.54,27.3,80.5,991.0,Tomato,Clay,Organic Compost
17.3,54.3,25.4,7.82,0.45,34.6,91.5,425.0,Rice,Loamy,Urea
12.2,25.1,23.1,4.99,0.59,23.0,51.0,1959.0,Millet,Loamy,Urea
27.9,19.0,16.6,5.78,2.54,35.3,54.4,1138.0,Wheat,Sandy,Superphosphate
13.1,48.1,42.4,6.36,1.5,28.1,84.9,1274.0,Beans,Silt,Urea
37.5,10.0,26.8,5.45,0.5,31.0,68.2,498.0,Sorghum,Silt,DAP
47.4,37.3,8.2,7.72,0.54,18.2,61.7,649.0,Cassava,Silt,Potash
28.5,16.0,13.8,5.77,0.59,36.1,53.4,800.0,Tomato,Sandy,Superphosphate
48.3,49.2,25.5,7.91,2.5,35.1,91.3,1360.0,Maize,Silt,Potash
32.9,58.9,41.8,6.31,2.23,25.8,45.8,1654.0,Tomato,Clay,Organic Compost
46.5,24.5,36.2,4.57,2.15,27.2,54.5,1800.0,Wheat,Silt,Potash
25.7,47.9,36.2,6.97,0.67,33.0,68.6,1549.0,Tomato,Silt,NPK 20-10-10
29.0,43.8,39.0,7.33,2.41,20.8,67.4,598.0,Rice,Silt,NPK 20-10-10
50.3,25.1,46.0,4.92,1.18,28.7,78.0,1202.0,Beans,Clay,Organic Compost
39.6,28.6,18.6,7.66,2.55,22.8,48.7,1623.0,Millet,Loamy,Potash
28.7,9.4,11.8,5.02,1.87,29.8,76.4,670.0,Maize,Sandy,Urea
20.9,17.6,25.5,6.05,2.28,33.6,58.5,1831.0,Sorghum,Sandy,DAP
38.3,48.2,9.4,5.15,2.17,26.8,87.2,962.0,Cassava,Silt,Potash
47.9,41.2,48.9,5.1,1.18,22.0,85.6,829.0,Rice,Silt,Organic Compost
37.7,39.2,12.8,7.04,0.76,37.1,88.4,723.0,Rice,Silt,Potash
29.2,33.3,17.6,6.31,0.74,25.0,94.6,1900.0,Sorghum,Sandy,Potash
44.1,37.8,51.6,6.83,1.85,25.5,73.9,1503.0,Rice,Clay,Organic Compost
50.3,23.5,18.7,4.63,1.94,24.7,67.8,517.0,Tomato,Loamy,Potash
25.2,37.1,33.1,7.71,2.33,33.8,61.3,1909.0,Sorghum,Clay,Organic Compost
34.5,30.8,20.1,5.39,2.21,31.4,91.2,1490.0,Tomato,Loamy,DAP
12.5,12.5,17.2,7.26,1.81,21.9,89.3,1956.0,Tomato,Sandy,NPK 15-15-15
53.3,41.9,21.2,6.97,2.55,26.6,43.5,769.0,Rice,Clay,Organic Compost
10.6,11.6,32.7,7.76,2.41,21.5,91.3,944.0,Beans,Sandy,NPK 20-10-10
49.1,19.0,48.2,8.05,2.42,25.1,60.6,727.0,Cassava,Silt,DAP
39.0,49.3,52.8,6.12,1.35,28.3,90.1,526.0,Cassava,Loamy,NPK 20-10-10
28.3,16.3,33.9,8.12,2.34,28.2,91.2,1003.0,Rice,Sandy,DAP
25.9,6.9,21.1,8.07,0.55,19.7,91.9,1730.0,Maize,Sandy,DAP
25.3,19.2,14.2,5.42,1.84,24.1,56.9,820.0,Cassava,Loamy,Potash
61.2,29.5,26.8,7.12,1.11,28.2,79.0,1071.0,Maize,Clay,Organic Compost
39.2,20.0,27.9,6.75,0.44,23.5,64.2,1107.0,Maize,Clay,DAP
11.8,44.8,49.6,5.16,0.56,20.4,86.9,1956.0,Beans,Silt,Urea
40.3,31.9,46.4,6.23,1.31,32.4,81.2,967.0,Beans,Silt,NPK 20-10-10
25.0,34.8,40.7,5.08,0.76,20.5,88.2,1511.0,Rice,Clay,Organic Compost
40.4,43.8,54.8,6.26,1.03,33.6,48.8,1880.0,Tomato,Clay,Organic Compost
45.2,51.6,51.5,4.92,0.77,27.8,70.4,951.0,Maize,Loamy,Organic Compost
31.2,23.8,30.7,6.68,1.19,22.2,61.8,817.0,Tomato,Loamy,NPK 20-10-10
46.6,33.4,60.3,7.42,2.39,27.4,68.8,1506.0,Tomato,Clay,Organic Compost
38.2,25.6,54.1,5.93,1.74,25.4,66.5,1422.0,Tomato,Clay,Organic Compost
29.9,27.3,44.2,5.96,0.94,18.9,82.2,486.0,Rice,Clay,Organic Compost
31.5,18.0,42.5,5.34,1.78,25.6,68.7,1124.0,Cassava,Loamy,DAP
9.6,15.8,20.0,4.75,2.42,22.0,91.2,1047.0,Maize,Sandy,NPK 15-15-15
6.9,17.4,13.4,5.12,1.87,21.3,72.1,1025.0,Tomato,Sandy,NPK 15-15-15
20.3,54.1,27.1,6.24,2.19,23.7,80.4,785.0,Beans,Clay,Organic Compost
16.4,10.2,33.5,7.03,1.9,28.0,62.2,1390.0,Cassava,Silt,Superphosphate
28.4,18.2,6.4,7.81,1.25,19.5,63.0,1919.0,Wheat,Sandy,Superphosphate
44.6,34.2,46.6,7.61,1.14,26.9,52.5,1496.0,Sorghum,Loamy,NPK 20-10-10
60.6,39.6,22.9,4.57,2.49,32.1,79.0,992.0,Sorghum,Clay,Organic Compost
45.0,33.9,25.2,6.47,1.9,19.2,66.0,951.0,Cassava,Loamy,Potash
46.4,39.1,54.2,7.94,0.58,18.4,78.8,1410.0,Tomato,Clay,Organic Compost
44.2,42.3,29.9,5.7,2.52,26.1,51.5,1936.0,Tomato,Loamy,Potash
45.0,21.5,36.0,5.51,2.3,20.7,52.0,790.0,Maize,Loamy,Potash
42.9,50.8,20.3,7.78,2.27,19.0,43.8,1318.0,Sorghum,Clay,Organic Compost
22.0,24.1,26.9,7.67,1.73,20.1,47.5,1382.0,Wheat,Sandy,NPK 15-15-15
34.3,37.8,53.9,5.79,0.87,37.4,90.5,411.0,Millet,Loamy,NPK 15-15-15
15.5,9.3,9.5,6.59,0.91,23.2,40.8,1561.0,Cassava,Silt,NPK 15-15-15
25.7,60.2,60.4,5.46,2.56,26.9,42.3,1321.0,Maize,Clay,Organic Compost
34.9,52.2,53.0,4.63,1.88,27.6,51.1,1067.0,Millet,Clay,Organic Compost
34.3,11.4,36.0,7.31,2.49,34.0,44.4,1910.0,Sorghum,Silt,DAP
49.9,32.8,45.4,5.55,2.01,21.7,85.9,517.0,Millet,Clay,NPK 15-15-15
16.5,24.7,19.4,6.26,2.3,29.2,67.9,1071.0,Rice,Sandy,NPK 20-10-10
9.7,19.8,25.3,4.58,2.29,23.7,75.5,677.0,Rice,Sandy,NPK 20-10-10
27.9,20.8,33.0,5.9,0.48,29.1,65.0,1189.0,Maize,Clay,Organic Compost
53.6,27.4,46.1,4.96,0.67,38.0,75.7,1464.0,Cassava,Loamy,NPK 20-10-10
59.0,23.4,27.2,7.7,0.57,25.2,44.6,1053.0,Millet,Clay,Organic Compost
11.4,25.5,29.6,7.23,2.0,19.4,64.1,1750.0,Rice,Silt,Urea
52.9,26.4,17.7,4.81,0.68,31.6,46.6,1924.0,Millet,Loamy,Potash
43.7,28.5,27.1,7.34,0.4,35.5,41.6,1367.0,Beans,Clay,Organic Compost
28.5,8.4,33.4,6.7,1.24,37.6,84.6,659.0,Sorghum,Sandy,Superphosphate
27.5,11.2,30.8,5.5,0.82,25.8,42.0,1357.0,Rice,Silt,DAP
21.0,27.4,52.4,6.63,0.42,32.6,62.9,821.0,Tomato,Clay,Organic Compost
39.1,56.2,26.3,6.59,0.63,37.6,57.2,1856.0,Cassava,Clay,Organic Compost
44.9,22.0,39.8,5.36,0.44,24.0,79.1,686.0,Millet,Loamy,Potash
21.0,12.3,33.1,4.99,0.41,20.6,54.7,1484.0,Sorghum,Silt,DAP
39.2,49.5,35.9,4.58,0.73,23.4,78.7,1432.0,Wheat,Silt,NPK 20-10-10
19.7,36.1,21.1,5.28,1.49,37.6,75.6,963.0,Sorghum,Silt,Urea
21.3,48.3,28.6,6.48,0.56,33.8,41.0,914.0,Maize,Clay,Organic Compost
53.9,20.2,18.0,6.8,0.88,18.5,52.7,775.0,Maize,Loamy,Potash
22.0,20.1,19.3,7.69,1.41,35.1,94.8,1193.0,Sorghum,Silt,Potash
25.3,40.3,22.2,6.69,2.38,37.5,69.4,1579.0,Beans,Loamy,NPK 20-10-10
15.7,23.4,15.4,7.27,0.68,32.4,68.1,531.0,Sorghum,Sandy,NPK 20-10-10
43.6,17.3,18.7,7.75,1.43,23.9,68.5,994.0,Tomato,Loamy,Superphosphate
42.3,34.0,26.9,7.02,0.7,23.5,66.8,1078.0,Wheat,Clay,Organic Compost
7.1,9.3,22.6,5.33,0.83,37.8,79.0,884.0,Tomato,Sandy,Potash
32.2,21.1,30.1,7.82,0.54,32.6,87.5,1233.0,Millet,Silt,NPK 15-15-15
38.3,25.8,23.9,6.85,1.74,25.3,60.7,1168.0,Rice,Silt,NPK 15-15-15
35.4,35.3,57.7,7.38,1.84,32.3,43.1,548.0,Millet,Clay,Organic Compost
49.9,52.8,57.2,5.5,2.05,37.9,51.5,512.0,Cassava,Clay,Organic Compost
38.2,24.3,22.9,7.98,1.17,26.2,40.9,694.0,Rice,Silt,NPK 15-15-15
22.7,34.7,35.3,7.43,1.0,35.8,91.9,755.0,Tomato,Clay,Organic Compost
23.6,47.5,53.9,6.84,0.75,18.0,62.5,763.0,Tomato,Loamy,NPK 20-10-10
24.0,23.2,6.1,7.12,2.22,27.4,72.0,630.0,Cassava,Sandy,Potash
49.9,20.6,33.0,8.03,1.87,24.5,73.0,661.0,Beans,Clay,Organic Compost
16.1,11.1,9.5,6.89,1.9,31.2,57.3,1668.0,Cassava,Silt,NPK 15-15-15
38.5,20.3,48.9,4.81,2.17,26.4,45.4,498.0,Sorghum,Loamy,NPK 15-15-15
18.3,32.8,18.9,7.63,2.28,33.0,45.2,1927.0,Sorghum,Sandy,NPK 20-10-10
52.2,23.1,27.5,7.01,1.79,28.5,77.1,1920.0,Cassava,Clay,Organic Compost
32.3,59.3,27.9,5.86,2.39,31.4,41.7,1936.0,Maize,Clay,Organic Compost
46.5,31.9,54.3,6.59,1.09,35.3,82.7,1189.0,Rice,Clay,Organic Compost
21.2,30.7,7.2,5.94,2.05,37.3,48.4,470.0,Millet,Sandy,Potash
42.7,35.8,22.0,8.05,1.99,31.9,88.5,1801.0,Beans,Loamy,Organic Compost
29.4,58.2,42.4,6.9,1.16,26.5,56.5,1905.0,Wheat,Clay,Organic Compost
9.7,14.5,10.4,5.59,1.87,20.8,69.5,405.0,Millet,Sandy,NPK 15-15-15
39.7,44.5,49.8,6.91,1.73,29.2,82.1,1793.0,Wheat,Silt,NPK 20-10-10
48.4,12.7,32.8,4.75,1.36,32.5,60.9,560.0,Tomato,Silt,DAP
41.1,26.3,61.6,5.92,2.21,25.7,59.2,785.0,Rice,Clay,Organic Compost
35.8,10.2,30.7,6.34,1.91,33.1,71.1,1801.0,Beans,Silt,DAP
16.3,30.8,12.8,5.03,2.06,26.5,52.5,1727.0,Maize,Sandy,NPK 20-10-10
26.6,42.6,45.2,5.08,2.21,30.4,87.2,450.0,Tomato,Loamy,NPK 20-10-10
37.5,46.5,25.4,7.1,1.65,24.7,74.3,977.0,Beans,Silt,NPK 20-10-10
49.4,39.3,48.1,5.86,1.86,24.7,72.7,514.0,Millet,Loamy,NPK 20-10-10
61.3,56.0,45.8,5.48,1.79,33.1,66.0,1348.0,Cassava,Clay,Organic Compost
41.0,56.4,36.4,7.77,1.63,26.0,94.5,659.0,Rice,Clay,Organic Compost
34.5,9.5,8.6,5.48,1.74,23.3,58.0,1255.0,Rice,Sandy,Superphosphate
45.8,48.2,56.8,7.0,1.99,25.9,92.0,1693.0,Sorghum,Clay,Organic Compost
8.8,49.4,13.9,6.38,1.15,24.5,63.1,1316.0,Cassava,Silt,NPK 15-15-15
27.2,25.3,34.7,4.68,1.53,26.4,50.9,1825.0,Wheat,Sandy,NPK 15-15-15
28.1,38.3,53.2,7.09,1.94,22.3,41.3,1552.0,Rice,Clay,Organic Compost
55.4,37.2,39.5,8.04,2.4,19.8,87.7,1191.0,Tomato,Clay,Organic Compost
53.2,46.3,31.3,5.83,0.86,23.5,64.3,967.0,Maize,Loamy,Potash
20.3,23.2,13.9,5.92,1.44,20.1,44.7,828.0,Maize,Loamy,Potash
58.4,36.7,43.4,6.57,1.15,35.1,56.0,1083.0,Beans,Clay,Organic Compost
29.5,44.6,21.8,8.06,0.85,31.7,43.3,1259.0,Sorghum,Silt,NPK 20-10-10
38.5,29.9,51.8,7.8,2.02,32.4,43.8,918.0,Tomato,Loamy,NPK 15-15-15
24.6,33.4,44.0,5.11,0.63,32.1,53.6,1165.0,Wheat,Clay,Organic Compost
16.2,45.8,43.8,6.76,1.58,33.0,59.4,928.0,Tomato,Loamy,Urea
39.2,49.3,34.2,4.81,1.86,35.4,50.8,1379.0,Millet,Loamy,NPK 20-10-10
12.6,23.9,22.7,5.89,2.38,36.0,58.7,957.0,Cassava,Sandy,NPK 20-10-10
20.8,8.9,11.9,6.93,1.11,19.6,91.2,873.0,Beans,Silt,Superphosphate
47.7,49.5,25.1,7.25,1.55,29.9,64.2,684.0,Millet,Loamy,Potash
36.9,48.4,37.9,7.64,0.7,18.6,71.3,811.0,Cassava,Clay,Organic Compost
52.4,60.3,45.9,7.36,2.24,34.1,58.0,404.0,Maize,Clay,Organic Compost
31.6,5.1,32.1,4.54,1.57,35.1,62.9,1494.0,Millet,Sandy,DAP
9.9,34.6,9.5,4.65,0.99,18.3,51.4,646.0,Beans,Silt,NPK 20-10-10
33.7,36.2,42.5,5.86,0.8,20.4,47.8,1238.0,Beans,Silt,NPK 15-15-15
29.1,30.3,9.8,7.26,0.56,35.6,68.9,1426.0,Tomato,Sandy,Potash
30.0,46.7,22.6,7.38,1.2,18.9,60.8,641.0,Rice,Silt,NPK 20-10-10
53.0,44.8,21.6,6.89,2.5,19.3,59.6,1832.0,Beans,Clay,NPK 15-15-15
34.7,16.7,18.9,8.16,0.53,24.4,43.5,1594.0,Beans,Sandy,Superphosphate
28.0,42.9,49.9,5.54,2.36,22.0,46.5,850.0,Millet,Clay,Organic Compost
45.4,33.9,46.6,6.51,2.42,35.4,66.0,410.0,Tomato,Silt,NPK 20-10-10
51.1,39.0,35.2,5.83,1.18,29.6,84.4,1310.0,Cassava,Clay,Organic Compost
27.4,15.6,39.3,7.4,0.92,29.3,55.7,1964.0,Maize,Silt,DAP
26.0,34.0,26.6,6.75,1.41,27.4,40.1,1995.0,Millet,Sandy,NPK 15-15-15
27.6,38.1,29.2,5.31,1.6,22.8,76.7,1003.0,Sorghum,Clay,Organic Compost
40.8,29.4,52.0,5.71,1.98,33.9,52.0,1159.0,Tomato,Loamy,NPK 20-10-10
45.2,21.5,13.1,4.59,2.08,20.9,75.4,722.0,Cassava,Loamy,Potash
41.3,40.1,51.9,7.72,2.26,20.7,49.1,1971.0,Beans,Loamy,Organic Compost
29.2,38.9,33.0,5.05,0.63,24.1,87.9,1044.0,Tomato,Silt,NPK 15-15-15
59.0,57.1,35.8,6.54,1.96,18.9,48.8,1568.0,Maize,Clay,Organic Compost
36.5,56.7,31.2,7.93,0.71,23.0,41.9,550.0,Millet,Clay,Organic Compost
20.6,52.4,27.0,6.42,1.86,20.7,77.8,593.0,Cassava,Loamy,NPK 20-10-10
23.8,49.7,23.2,8.11,1.4,25.7,57.3,1120.0,Beans,Clay,Organic Compost
39.7,14.5,48.6,6.46,1.55,23.0,44.3,938.0,Cassava,Loamy,DAP
31.1,44.9,34.8,5.33,2.03,21.3,72.2,1574.0,Sorghum,Clay,DAP
8.5,42.1,19.7,5.07,0.69,26.7,55.8,1150.0,Tomato,Silt,NPK 20-10-10
18.9,12.8,34.8,6.81,2.27,32.6,78.5,657.0,Wheat,Silt,NPK 20-10-10
42.7,47.0,21.7,5.65,0.93,34.4,63.1,982.0,Wheat,Loamy,Potash
47.7,49.7,59.8,5.44,0.86,31.0,48.0,1430.0,Tomato,Clay,Organic Compost
21.2,54.8,28.5,4.92,1.32,19.8,44.6,476.0,Cassava,Loamy,NPK 20-10-10
38.8,30.9,44.1,7.73,0.78,18.8,78.8,416.0,Cassava,Silt,NPK 15-15-15
18.8,18.5,30.4,6.89,1.29,28.2,70.2,762.0,Wheat,Sandy,NPK 20-10-10
39.4,13.4,16.8,6.68,2.04,24.4,92.0,1759.0,Cassava,Loamy,Superphosphate
32.9,20.8,10.6,7.48,1.41,34.8,60.6,423.0,Tomato,Silt,Potash
26.9,6.0,29.6,7.06,1.11,28.4,91.3,512.0,Rice,Sandy,DAP
53.4,53.9,48.2,5.91,2.36,27.7,75.4,1885.0,Cassava,Loamy,Organic Compost
29.2,49.5,35.6,5.42,2.08,20.3,47.9,637.0,Millet,Loamy,NPK 20-10-10
22.2,13.4,16.8,5.18,0.41,34.8,50.7,527.0,Millet,Sandy,Superphosphate
15.9,24.4,5.9,6.46,2.04,19.3,56.4,915.0,Beans,Sandy,NPK 20-10-10
31.0,16.3,22.7,6.42,1.01,26.4,53.5,426.0,Tomato,Sandy,DAP
42.6,15.3,8.8,5.23,2.32,21.1,52.8,1506.0,Beans,Silt,Superphosphate
21.9,22.2,31.2,5.31,0.71,26.1,69.4,1185.0,Tomato,Sandy,NPK 15-15-15
29.8,47.1,10.1,7.98,1.69,19.0,42.9,1314.0,Cassava,Silt,Potash
26.9,19.6,33.5,7.82,1.33,31.9,41.0,1120.0,Sorghum,Silt,DAP
30.6,31.8,13.8,5.59,1.87,33.3,44.5,1938.0,Millet,Silt,Potash
6.4,15.2,33.8,6.14,1.09,35.9,47.4,1906.0,Rice,Sandy,NPK 20-10-10
28.6,27.7,22.4,7.39,1.5,34.8,83.6,1850.0,Cassava,Sandy,NPK 15-15-15
19.7,23.9,31.5,5.4,2.37,21.6,65.2,1235.0,Beans,Loamy,Urea
34.1,13.8,9.9,5.44,2.34,21.0,41.8,867.0,Maize,Sandy,Superphosphate
9.8,15.9,25.8,6.11,1.66,36.9,81.2,1686.0,Maize,Sandy,NPK 20-10-10
34.5,40.4,24.7,6.42,1.56,29.5,52.9,754.0,Sorghum,Clay,Organic Compost
26.5,42.4,37.2,4.92,0.89,30.1,69.3,943.0,Sorghum,Loamy,NPK 20-10-10
18.5,11.4,26.6,5.45,0.98,34.5,89.9,1149.0,Beans,Sandy,NPK 20-10-10
39.2,43.3,43.0,4.65,0.62,32.2,69.3,1909.0,Maize,Loamy,NPK 20-10-10
9.0,5.9,32.0,6.36,1.03,29.4,60.8,1982.0,Beans,Sandy,NPK 20-10-10
25.9,13.1,46.3,4.68,0.65,29.8,81.6,1054.0,Tomato,Loamy,DAP
19.8,9.8,17.3,6.15,2.11,26.4,72.4,1305.0,Beans,Silt,NPK 15-15-15
7.0,11.1,13.1,5.19,0.82,30.2,65.0,800.0,Rice,Sandy,NPK 15-15-15
41.7,32.5,40.6,5.9,0.59,34.5,42.3,988.0,Rice,Loamy,NPK 20-10-10
28.2,41.6,28.1,7.59,0.94,27.5,41.7,1325.0,Tomato,Silt,NPK 20-10-10
51.2,38.2,45.6,7.21,2.24,20.1,70.1,1880.0,Tomato,Clay,Organic Compost
31.9,53.8,51.2,8.01,1.94,27.8,69.8,1647.0,Tomato,Clay,Organic Compost
14.0,25.5,8.0,6.94,2.3,25.4,52.0,1766.0,Wheat,Sandy,NPK 20-10-10
23.3,28.9,20.0,6.16,2.34,30.9,41.0,440.0,Millet,Clay,Organic Compost
21.5,42.0,22.7,6.31,1.27,24.9,53.9,1052.0,Wheat,Loamy,NPK 20-10-10
33.3,50.6,32.3,5.47,1.46,32.7,40.2,674.0,Beans,Clay,Organic Compost
30.7,9.0,29.4,6.8,0.77,18.2,88.5,862.0,Maize,Sandy,DAP
34.9,42.0,40.1,7.65,0.83,32.9,90.0,459.0,Rice,Clay,Organic Compost
18.4,6.8,13.8,4.91,0.91,18.7,91.6,1833.0,Maize,Sandy,NPK 15-15-15
59.6,60.8,53.4,7.02,1.12,35.7,67.5,1412.0,Maize,Clay,Organic Compost
49.5,34.1,36.8,4.69,1.33,23.7,86.0,1177.0,Wheat,Silt,Potash
28.5,27.6,45.8,7.64,1.23,26.2,93.6,1005.0,Rice,Loamy,NPK 15-15-15
26.0,18.1,18.2,5.37,1.44,23.9,84.9,1118.0,Rice,Silt,DAP
18.3,17.8,46.1,6.09,0.4,28.2,51.1,1548.0,Wheat,Loamy,NPK 20-10-10
13.3,26.4,24.0,7.56,1.83,21.8,85.9,657.0,Sorghum,Sandy,NPK 20-10-10
32.5,21.9,18.8,4.81,1.63,35.4,77.4,1619.0,Beans,Silt,Potash
38.7,21.5,23.4,5.15,2.36,22.3,64.8,1802.0,Wheat,Clay,Organic Compost
31.9,45.2,31.1,5.3,1.82,26.2,68.3,600.0,Rice,Loamy,NPK 20-10-10
20.7,20.3,15.2,6.67,0.84,30.3,92.0,689.0,Beans,Silt,Potash
25.5,49.9,12.7,6.85,1.24,24.4,49.5,1732.0,Wheat,Loamy,Potash
32.2,25.4,8.3,5.63,0.81,33.3,64.6,1677.0,Wheat,Silt,Potash
21.7,34.2,10.0,4.7,1.43,27.8,91.1,1129.0,Cassava,Sandy,Potash
31.2,50.6,38.6,7.45,0.74,35.5,93.4,1931.0,Cassava,Loamy,NPK 20-10-10
36.2,10.8,19.9,7.41,1.19,30.4,72.3,1329.0,Tomato,Silt,Superphosphate
22.7,45.1,13.1,7.6,2.07,37.6,46.6,1686.0,Beans,Loamy,Potash
11.2,26.6,33.3,6.91,0.98,26.0,53.3,512.0,Rice,Sandy,NPK 20-10-10
35.3,26.0,11.1,5.62,0.57,30.6,76.7,1832.0,Wheat,Silt,Potash
19.2,29.4,22.0,7.99,0.6,32.4,76.5,789.0,Rice,Sandy,NPK 20-10-10
21.5,22.1,38.3,4.83,2.05,28.0,49.6,1471.0,Cassava,Silt,NPK 15-15-15
22.6,14.6,13.5,6.27,1.54,32.1,67.1,1254.0,Rice,Sandy,Superphosphate
24.3,47.9,21.6,5.46,2.14,25.2,41.5,1221.0,Beans,Clay,Organic Compost
52.5,24.0,47.3,6.4,1.59,20.3,86.0,1370.0,Beans,Loamy,NPK 20-10-10
39.6,56.0,33.4,7.69,0.65,24.7,87.8,438.0,Millet,Clay,Organic Compost
40.3,39.4,14.5,7.6,0.59,35.0,94.1,1475.0,Wheat,Loamy,Potash
34.4,28.9,25.4,8.16,1.46,27.7,86.8,1479.0,Tomato,Sandy,NPK 15-15-15
37.1,12.7,33.9,5.37,0.92,35.9,55.5,1837.0,Maize,Loamy,DAP
38.6,25.4,9.5,7.8,1.96,20.7,91.4,1182.0,Beans,Silt,Urea
30.0,46.7,29.3,5.0,0.83,35.6,50.0,1897.0,Sorghum,Loamy,NPK 20-10-10
12.1,31.0,9.5,5.45,2.28,21.7,89.0,1344.0,Tomato,Silt,NPK 20-10-10
49.4,42.7,46.3,5.04,0.99,34.8,76.8,1016.0,Millet,Silt,Organic Compost
36.0,33.0,31.6,5.71,1.39,21.5,50.5,1501.0,Wheat,Loamy,NPK 15-15-15
51.3,38.9,53.0,5.96,1.92,28.9,93.8,497.0,Tomato,Loamy,NPK 20-10-10
14.3,51.0,16.0,4.92,1.13,32.5,71.7,1854.0,Millet,Loamy,NPK 20-10-10
22.1,17.2,24.2,8.1,2.54,20.2,65.1,1348.0,Sorghum,Sandy,DAP
34.5,17.5,13.6,7.39,1.69,36.1,45.9,487.0,Maize,Sandy,Superphosphate
17.1,39.2,49.9,8.2,2.52,21.1,86.8,599.0,Cassava,Silt,Urea
15.7,12.4,31.9,8.15,0.78,20.6,49.0,1305.0,Rice,Sandy,NPK 20-10-10
30.1,53.2,35.2,7.4,1.5,31.3,60.7,484.0,Tomato,Loamy,NPK 20-10-10
21.5,24.5,18.6,5.08,2.17,21.4,47.1,908.0,Maize,Sandy,NPK 15-15-15
46.0,31.6,19.9,8.1,2.21,18.1,73.4,1912.0,Rice,Loamy,Potash
33.7,33.9,38.7,7.98,1.43,19.2,79.7,1914.0,Sorghum,Silt,NPK 15-15-15
50.0,18.3,54.1,7.24,0.68,20.0,55.3,767.0,Tomato,Loamy,NPK 15-15-15
8.8,34.7,12.9,6.63,1.94,24.0,65.1,1637.0,Beans,Sandy,NPK 20-10-10
26.3,14.5,20.1,7.01,2.53,22.6,68.5,785.0,Millet,Loamy,DAP
24.4,9.6,33.5,6.82,1.76,23.9,41.3,451.0,Wheat,Silt,DAP
19.4,46.4,45.1,7.52,1.77,30.3,69.2,693.0,Beans,Silt,Urea
42.9,48.9,35.6,7.11,0.95,35.3,94.2,1347.0,Maize,Clay,Organic Compost
57.5,33.7,54.2,6.01,2.34,26.6,71.8,596.0,Millet,Clay,Organic Compost
38.6,17.4,41.7,6.08,1.33,27.5,69.5,1686.0,Wheat,Loamy,DAP
24.7,42.3,48.5,8.09,1.28,31.6,83.2,1732.0,Beans,Clay,Organic Compost
43.4,48.2,27.7,7.06,1.11,23.1,55.3,482.0,Wheat,Silt,Potash
24.3,13.4,24.2,7.36,1.38,33.3,51.9,1427.0,Tomato,Loamy,DAP
36.7,46.3,13.3,6.54,1.39,38.0,70.2,1496.0,Maize,Silt,Potash
22.3,21.6,12.9,6.57,1.07,21.3,41.2,440.0,Wheat,Silt,Potash
11.4,32.3,11.3,5.5,1.07,21.2,95.0,1547.0,Maize,Sandy,NPK 20-10-10
46.7,52.3,34.4,5.3,1.39,26.3,94.2,632.0,Sorghum,Clay,Organic Compost
31.6,30.9,25.3,5.84,0.59,33.8,64.6,1836.0,Beans,Silt,NPK 15-15-15
58.8,43.5,53.5,4.88,0.66,32.0,42.8,1538.0,Cassava,Clay,Organic Compost
23.1,46.8,37.8,7.28,2.12,34.6,49.4,1907.0,Millet,Silt,NPK 20-10-10
29.3,30.6,20.2,6.52,1.3,19.0,75.6,1484.0,Beans,Sandy,NPK 15-15-15
43.8,24.3,39.1,7.45,0.9,36.4,79.0,812.0,Rice,Clay,Organic Compost
31.2,6.9,23.8,7.28,0.96,25.6,56.2,1683.0,Beans,Sandy,DAP
7.1,25.3,22.5,7.94,1.67,27.1,64.7,1766.0,Millet,Sandy,NPK 20-10-10
47.2,36.5,14.5,6.24,0.95,29.8,70.6,1952.0,Millet,Silt,NPK 15-15-15
19.9,12.9,45.5,7.3,2.46,29.8,54.1,981.0,Cassava,Loamy,NPK 20-10-10
9.8,46.2,46.9,7.45,0.95,25.0,78.6,889.0,Tomato,Silt,Urea
21.4,25.8,21.5,5.48,1.46,34.9,49.8,971.0,Tomato,Clay,NPK 15-15-15
25.9,47.7,52.3,5.86,1.02,33.2,78.4,1005.0,Sorghum,Loamy,NPK 20-10-10
33.1,31.5,33.5,4.9,0.99,25.4,80.9,870.0,Maize,Sandy,NPK 15-15-15
25.4,47.0,54.6,5.62,0.51,32.4,66.4,1094.0,Maize,Loamy,NPK 20-10-10
17.9,38.3,52.0,7.9,2.02,25.8,90.7,1456.0,Cassava,Loamy,Urea
44.5,46.3,36.0,5.56,1.26,30.5,52.3,1154.0,Tomato,Loamy,NPK 20-10-10
16.5,18.4,31.6,5.97,1.45,23.9,84.4,1098.0,Millet,Sandy,NPK 20-10-10
25.3,21.2,18.0,6.92,1.8,32.2,65.8,1969.0,Cassava,Sandy,Potash
27.6,22.2,30.0,6.64,1.08,33.1,63.5,1457.0,Millet,Silt,NPK 15-15-15
15.6,17.6,25.3,5.08,0.94,25.2,55.0,679.0,Cassava,Sandy,NPK 20-10-10
35.0,27.0,14.9,5.6,0.64,19.9,59.7,1608.0,Rice,Silt,Potash
13.4,45.0,21.9,5.2,1.18,37.4,74.6,594.0,Sorghum,Silt,Urea
48.4,15.5,24.6,4.67,0.67,20.8,64.0,420.0,Millet,Loamy,DAP
36.9,60.4,33.9,4.65,1.29,27.3,65.9,1142.0,Cassava,Clay,Organic Compost
49.4,27.4,35.0,7.64,1.28,20.7,63.8,1207.0,Sorghum,Loamy,Potash
45.0,28.5,23.9,6.13,1.1,37.6,44.6,1209.0,Millet,Loamy,Potash
45.0,22.5,48.3,6.32,1.76,19.8,68.0,1245.0,Millet,Clay,Organic Compost
32.3,5.8,12.6,5.72,1.6,32.8,76.4,1139.0,Sorghum,Sandy,Superphosphate
45.7,47.5,16.3,4.66,2.57,25.2,76.8,447.0,Maize,Loamy,Potash
32.4,10.0,12.5,7.55,1.62,33.5,48.9,924.0,Maize,Silt,Superphosphate
36.1,16.7,31.3,7.22,0.78,24.0,40.5,1941.0,Sorghum,Silt,DAP
55.0,42.9,60.5,6.39,0.85,35.1,91.6,1249.0,Wheat,Clay,Organic Compost
7.5,30.3,30.8,5.59,0.42,18.2,93.8,1649.0,Millet,Sandy,NPK 20-10-10
57.5,58.1,41.1,7.54,0.48,21.2,74.8,566.0,Beans,Clay,Urea
19.6,32.8,17.7,6.4,2.2,34.3,58.0,1559.0,Rice,Sandy,NPK 20-10-10
26.1,43.8,43.7,5.4,1.87,19.8,55.1,445.0,Cassava,Loamy,NPK 20-10-10
47.8,14.9,11.0,7.28,1.83,30.7,89.1,1466.0,Sorghum,Silt,Superphosphate
22.0,28.0,15.8,4.63,1.34,25.5,50.0,1534.0,Cassava,Sandy,Potash
32.7,26.0,36.4,4.85,2.46,19.3,85.2,711.0,Cassava,Loamy,NPK 15-15-15
28.7,32.5,33.1,7.7,1.34,26.6,92.4,1826.0,Beans,Sandy,NPK 15-15-15
16.1,27.5,32.3,7.57,1.11,24.1,41.5,463.0,Tomato,Loamy,Urea
53.6,14.6,46.7,4.93,1.8,33.1,52.4,1298.0,Tomato,Loamy,DAP
20.7,21.0,28.0,5.84,1.82,37.0,79.0,429.0,Maize,Sandy,NPK 15-15-15
17.1,14.9,18.3,7.99,2.17,20.8,64.4,1491.0,Beans,Sandy,NPK 15-15-15
53.2,45.7,50.1,7.39,1.89,33.3,68.9,811.0,Sorghum,Loamy,NPK 15-15-15
21.4,47.4,35.0,8.18,1.25,26.4,54.8,858.0,Sorghum,Loamy,NPK 20-10-10
55.0,24.1,58.1,5.98,1.41,37.3,80.6,846.0,Wheat,Clay,Organic Compost
46.8,47.8,57.3,5.55,0.55,22.4,93.0,1981.0,Rice,Clay,Organic Compost
30.4,19.3,33.8,7.6,2.03,30.6,51.4,693.0,Cassava,Sandy,DAP
22.5,48.4,14.0,7.16,1.75,18.8,50.0,880.0,Rice,Loamy,Potash
48.7,51.8,19.5,6.64,1.35,25.5,92.4,473.0,Rice,Loamy,Potash
36.5,52.0,39.7,7.34,0.61,29.4,57.1,1071.0,Maize,Loamy,NPK 20-10-10
42.5,25.4,50.6,5.55,1.69,35.4,61.9,1423.0,Sorghum,Clay,Organic Compost
34.5,7.4,15.9,7.1,1.47,23.2,58.4,1559.0,Sorghum,Sandy,Superphosphate
31.7,20.6,29.7,4.9,2.57,35.5,89.1,1808.0,Tomato,Sandy,NPK 15-15-15
58.2,27.1,56.4,6.57,1.02,24.3,54.8,1561.0,Wheat,Clay,Organic Compost
17.8,11.4,16.9,6.95,1.78,20.6,80.2,1984.0,Cassava,Sandy,NPK 15-15-15
42.5,9.3,13.6,5.4,1.48,34.9,84.8,996.0,Wheat,Silt,Superphosphate
48.0,19.5,16.6,8.15,0.87,21.6,94.1,523.0,Rice,Silt,Organic Compost
49.4,43.6,35.2,4.54,0.98,35.8,53.7,444.0,Maize,Loamy,Potash
49.0,24.3,22.0,7.6,0.83,25.3,60.9,1034.0,Wheat,Loamy,Superphosphate
17.0,23.4,34.8,7.47,1.69,25.2,40.3,1192.0,Millet,Silt,Urea
34.4,41.1,9.5,7.5,1.7,24.5,78.2,1526.0,Maize,Silt,Potash
22.3,19.3,15.9,4.98,2.42,20.5,75.7,1040.0,Cassava,Sandy,Superphosphate
20.0,18.5,28.8,6.48,1.78,35.0,60.6,1650.0,Cassava,Loamy,DAP
7.9,29.1,13.0,6.93,1.6,29.6,93.9,1358.0,Beans,Sandy,NPK 20-10-10
24.1,34.1,32.3,6.88,2.41,23.6,86.6,1802.0,Cassava,Clay,Organic Compost
41.5,23.6,49.4,5.91,0.59,32.7,58.4,444.0,Tomato,Silt,NPK 20-10-10
21.1,17.9,19.0,6.82,0.68,33.7,86.3,1558.0,Maize,Loamy,Superphosphate
6.8,33.3,5.2,5.32,0.58,37.9,42.2,403.0,Sorghum,Sandy,NPK 20-10-10
36.8,59.7,60.3,7.19,0.77,37.4,64.1,1143.0,Beans,Clay,Organic Compost
33.9,34.1,17.4,5.03,2.41,20.4,70.4,666.0,Tomato,Sandy,Potash
37.6,49.0,46.6,6.43,1.09,28.7,60.2,1135.0,Sorghum,Silt,NPK 20-10-10
13.8,41.4,24.1,5.29,2.09,21.3,73.5,1707.0,Sorghum,Loamy,Urea
36.8,39.6,53.8,7.79,0.86,28.9,48.7,496.0,Cassava,Loamy,NPK 15-15-15
32.0,34.9,24.2,7.71,2.25,32.4,59.3,787.0,Maize,Silt,NPK 15-15-15
48.3,25.5,25.5,6.24,1.83,36.4,46.3,1712.0,Maize,Silt,Potash
42.8,42.7,25.6,4.86,1.78,32.7,73.8,965.0,Maize,Clay,Organic Compost
46.8,17.8,12.0,6.92,0.78,34.0,55.4,641.0,Beans,Silt,Superphosphate
5.3,29.7,7.8,6.05,1.27,20.9,41.9,536.0,Rice,Sandy,NPK 20-10-10
50.4,50.0,48.1,7.35,1.56,37.7,73.4,1409.0,Beans,Clay,Organic Compost
40.5,43.6,8.9,5.92,2.39,20.6,80.9,917.0,Maize,Silt,Potash
39.2,30.6,42.0,5.32,0.43,30.4,87.4,1519.0,Beans,Loamy,NPK 15-15-15
11.6,19.8,48.5,6.21,2.17,18.3,66.0,795.0,Cassava,Silt,NPK 20-10-10
6.5,9.9,6.9,5.67,2.59,36.6,71.5,1730.0,Millet,Sandy,NPK 15-15-15
11.3,17.1,8.6,7.97,1.14,22.9,52.2,1158.0,Maize,Sandy,NPK 15-15-15
42.0,37.5,28.7,6.48,2.55,26.9,57.7,1433.0,Cassava,Silt,Potash
34.8,41.4,46.2,7.12,0.49,36.0,49.8,760.0,Cassava,Clay,Organic Compost
13.6,47.9,35.0,8.01,0.54,18.7,55.4,461.0,Sorghum,Silt,Urea
15.7,27.0,24.4,4.62,0.91,30.6,45.1,1132.0,Wheat,Sandy,NPK 20-10-10
21.1,38.4,25.6,6.47,0.84,33.8,73.0,1957.0,Cassava,Silt,NPK 15-15-15
38.4,26.3,31.2,6.99,1.53,37.1,70.4,420.0,Wheat,Loamy,NPK 15-15-15
57.9,33.2,55.1,6.15,2.43,27.6,87.3,1475.0,Tomato,Clay,Organic Compost
13.0,11.0,14.6,5.6,1.49,30.7,93.2,1151.0,Rice,Sandy,NPK 15-15-15
38.2,37.3,56.8,5.04,1.04,32.4,56.3,404.0,Cassava,Clay,Organic Compost
24.6,26.0,53.0,7.49,0.67,20.5,94.8,1474.0,Cassava,Loamy,NPK 15-15-15
9.5,12.9,18.0,6.15,2.54,18.9,40.8,1864.0,Maize,Sandy,NPK 15-15-15
33.5,44.9,28.5,7.74,0.99,19.2,69.3,1574.0,Cassava,Clay,Organic Compost
16.4,40.5,16.0,5.22,1.05,19.1,60.1,1627.0,Cassava,Loamy,Potash
29.5,43.8,40.7,5.11,2.28,28.0,94.2,1976.0,Cassava,Clay,Organic Compost
42.9,30.6,47.1,6.06,1.48,25.4,86.4,1851.0,Beans,Loamy,NPK 20-10-10
8.5,31.6,11.6,4.63,2.04,31.3,62.6,1391.0,Sorghum,Sandy,NPK 20-10-10
14.1,19.6,24.0,6.77,1.49,31.2,41.2,918.0,Rice,Sandy,NPK 20-10-10
47.5,48.5,23.6,5.36,0.89,26.9,92.7,778.0,Maize,Silt,Potash
22.1,24.9,26.8,7.43,1.48,19.4,77.2,1348.0,Sorghum,Sandy,NPK 15-15-15
39.1,25.7,48.7,7.0,2.45,32.6,79.1,749.0,Millet,Silt,NPK 15-15-15
54.8,58.3,23.4,7.14,0.99,32.2,57.5,1313.0,Tomato,Clay,Organic Compost
47.5,30.2,46.4,6.87,1.2,23.3,90.0,646.0,Millet,Clay,Organic Compost
21.0,29.2,19.2,5.86,1.3,29.2,44.3,1092.0,Sorghum,Silt,Potash
19.4,30.8,24.1,4.64,1.35,31.5,92.0,579.0,Tomato,Silt,Urea
39.7,57.5,48.7,7.7,2.07,19.4,81.9,605.0,Beans,Clay,Organic Compost
48.8,22.5,24.8,4.89,1.23,21.4,40.4,1807.0,Cassava,Clay,Organic Compost
43.1,25.0,42.3,6.42,0.6,31.3,94.6,810.0,Sorghum,Loamy,Urea
25.0,8.3,10.7,7.12,2.52,29.8,86.3,729.0,Sorghum,Silt,NPK 20-10-10
21.0,38.5,53.1,5.36,2.38,28.7,45.6,1258.0,Maize,Loamy,NPK 15-15-15
51.4,46.9,48.0,6.75,0.92,36.5,51.6,1352.0,Tomato,Clay,Organic Compost
18.5,5.9,11.8,6.85,2.41,24.1,85.9,1240.0,Wheat,Sandy,NPK 15-15-15
39.3,30.2,37.1,7.06,2.29,29.0,88.0,1022.0,Millet,Loamy,NPK 15-15-15
23.3,41.1,52.1,6.99,1.64,33.9,89.7,629.0,Sorghum,Clay,Organic Compost
22.4,47.6,34.9,5.92,2.0,33.1,55.0,418.0,Beans,Loamy,NPK 20-10-10
13.1,9.5,35.7,6.72,2.08,35.5,76.5,1417.0,Tomato,Silt,NPK 20-10-10
48.9,10.0,30.8,5.42,2.0,33.0,54.6,1613.0,Sorghum,Silt,DAP
54.3,52.4,25.9,8.15,2.15,34.9,81.3,1767.0,Beans,Clay,Organic Compost
18.9,12.5,14.3,5.52,1.79,33.8,87.8,1798.0,Wheat,Sandy,NPK 20-10-10
40.5,12.9,48.2,6.36,1.66,23.7,86.6,1803.0,Rice,Silt,DAP
13.3,49.0,44.6,7.67,2.12,20.1,68.3,585.0,Tomato,Silt,Urea
19.4,25.1,30.2,4.8,2.36,21.8,91.9,1171.0,Rice,Sandy,NPK 20-10-10
10.0,34.4,41.5,6.21,1.9,29.5,43.9,1509.0,Millet,Silt,Urea
8.8,12.7,24.1,8.14,2.19,33.6,59.8,1376.0,Maize,Sandy,NPK 20-10-10
28.6,31.0,43.6,7.32,1.4,28.0,83.6,863.0,Wheat,Silt,NPK 15-15-15
39.9,47.6,44.9,7.32,0.98,28.4,62.9,1024.0,Beans,Silt,NPK 20-10-10
26.2,34.6,53.9,6.38,0.43,30.5,49.6,572.0,Cassava,Clay,Organic Compost
10.1,16.7,16.5,7.54,0.95,29.6,46.9,1666.0,Millet,Silt,NPK 15-15-15
21.9,35.6,18.9,4.5,1.56,37.5,85.7,1989.0,Cassava,Silt,Potash
28.9,15.1,8.4,5.12,2.52,33.8,55.9,1649.0,Sorghum,Sandy,Superphosphate
9.0,38.6,20.2,5.5,1.56,23.3,79.4,867.0,Cassava,Silt,Urea
20.5,6.1,5.6,5.28,1.17,21.5,67.6,1362.0,Cassava,Sandy,Superphosphate
16.0,32.7,18.1,5.54,0.57,21.7,78.0,718.0,Sorghum,Sandy,NPK 20-10-10
35.9,47.2,29.2,4.51,2.23,32.4,94.6,617.0,Wheat,Clay,Organic Compost
33.6,44.1,19.2,6.22,0.99,21.1,79.8,813.0,Maize,Loamy,Potash
18.3,9.0,5.4,5.91,2.58,37.5,64.7,1066.0,Tomato,Sandy,NPK 15-15-15
32.3,38.4,9.0,7.75,1.59,27.8,51.9,617.0,Millet,Silt,Potash
43.5,37.3,25.8,4.73,1.73,37.2,64.6,779.0,Beans,Clay,Organic Compost
27.6,18.6,32.8,6.87,0.67,20.3,70.3,1684.0,Sorghum,Sandy,DAP
23.4,33.8,22.0,5.82,1.65,36.5,65.3,1001.0,Millet,Clay,Organic Compost
15.2,37.4,30.7,6.38,2.56,33.4,84.8,1714.0,Tomato,Silt,Urea
35.5,52.2,27.6,8.04,0.42,29.2,44.6,1617.0,Wheat,Clay,Organic Compost
8.0,18.6,15.5,5.2,0.8,34.9,58.1,559.0,Cassava,Sandy,NPK 15-15-15
23.5,10.4,10.3,4.72,2.02,35.0,86.5,1273.0,Tomato,Silt,Superphosphate
39.3,41.9,47.4,8.14,1.95,21.8,92.9,596.0,Maize,Silt,NPK 20-10-10
34.2,22.5,34.5,7.35,1.0,28.0,55.8,1037.0,Millet,Loamy,NPK 15-15-15
21.2,29.3,41.8,5.02,1.86,24.6,66.8,1546.0,Tomato,Silt,NPK 15-15-15
45.8,10.1,25.7,7.46,2.19,26.4,55.7,1278.0,Millet,Silt,DAP
30.5,20.0,57.2,6.15,2.23,35.4,91.6,964.0,Tomato,Clay,Organic Compost
19.1,30.8,30.5,5.21,1.22,26.7,84.0,1773.0,Sorghum,Loamy,Urea
16.2,36.0,23.1,6.05,1.95,36.9,59.6,1324.0,Millet,Loamy,Urea
22.2,32.2,26.0,4.69,2.03,30.4,85.0,1914.0,Tomato,Loamy,NPK 15-15-15
33.0,38.2,55.1,7.82,1.23,34.1,82.1,698.0,Millet,Clay,Organic Compost
22.6,43.0,61.1,7.39,0.84,22.4,57.5,429.0,Cassava,Clay,NPK 20-10-10
49.2,50.0,23.1,8.0,2.53,18.7,43.7,1712.0,Tomato,Clay,Organic Compost
30.4,53.4,42.0,6.55,0.86,30.1,62.6,753.0,Maize,Clay,Organic Compost
20.6,11.6,36.4,5.55,2.51,32.8,89.6,714.0,Tomato,Silt,DAP
33.8,24.5,33.4,5.05,0.49,27.3,57.5,1882.0,Rice,Sandy,Organic Compost
27.0,42.7,12.1,7.64,2.46,27.7,45.9,481.0,Maize,Loamy,Potash
20.1,17.3,10.8,7.58,1.72,30.5,77.6,1784.0,Rice,Sandy,Superphosphate
24.1,29.9,15.8,7.98,0.96,33.4,92.3,840.0,Rice,Silt,Potash
54.5,53.4,57.5,4.73,2.03,29.6,63.3,1823.0,Rice,Clay,Organic Compost
10.2,12.8,9.7,5.45,2.1,24.7,55.5,798.0,Tomato,Sandy,Potash
36.2,20.0,23.7,6.27,1.24,24.4,92.6,493.0,Millet,Loamy,DAP
34.0,30.9,29.3,5.38,0.8,30.1,69.5,1553.0,Sorghum,Sandy,NPK 15-15-15
36.2,33.7,22.6,5.05,2.29,34.6,48.0,1599.0,Beans,Silt,NPK 15-15-15
32.0,29.3,26.7,6.23,1.97,24.6,71.9,974.0,Beans,Loamy,NPK 15-15-15
48.6,30.6,23.0,4.79,2.2,32.0,85.2,1487.0,Wheat,Loamy,Potash
26.3,30.6,40.7,6.6,1.8,22.2,67.3,776.0,Cassava,Loamy,NPK 15-15-15
17.1,47.5,19.3,6.82,1.78,29.5,79.5,1373.0,Maize,Silt,NPK 20-10-10
23.1,43.3,36.8,5.28,1.18,31.0,86.9,690.0,Wheat,Clay,Organic Compost
61.9,20.8,26.6,5.92,0.84,31.6,41.3,1224.0,Rice,Clay,Organic Compost
24.9,28.3,54.9,7.83,1.19,29.8,77.1,1617.0,Tomato,Clay,Organic Compost
40.9,30.9,30.6,5.55,2.24,26.8,70.4,1412.0,Sorghum,Silt,Potash
19.6,8.0,29.7,4.8,2.57,37.4,88.5,523.0,Cassava,Sandy,Potash
59.5,47.6,56.1,8.18,2.46,20.1,94.0,512.0,Rice,Clay,Organic Compost
11.4,16.5,23.9,6.34,1.95,20.6,62.4,1548.0,Beans,Sandy,Superphosphate
30.7,46.8,48.4,7.05,1.59,28.6,64.5,1645.0,Tomato,Silt,NPK 20-10-10
18.2,15.0,29.4,5.52,1.28,23.4,69.6,890.0,Rice,Sandy,NPK 20-10-10
27.5,14.0,22.0,5.92,1.83,35.4,86.2,1820.0,Millet,Sandy,DAP
16.3,8.0,22.7,6.71,2.07,34.8,89.2,1523.0,Millet,Sandy,NPK 20-10-10
24.8,25.9,30.9,7.8,2.0,30.7,46.8,1448.0,Wheat,Clay,Organic Compost
22.5,41.5,17.2,6.65,2.55,18.5,50.0,1248.0,Maize,Loamy,DAP
28.0,43.0,54.2,5.86,0.52,25.0,44.1,701.0,Maize,Clay,Organic Compost
31.8,26.1,30.3,6.48,2.5,34.7,76.1,774.0,Wheat,Sandy,NPK 15-15-15
28.1,23.3,23.3,7.28,2.49,26.0,45.9,467.0,Rice,Silt,NPK 15-15-15
42.6,12.9,9.7,5.65,1.09,38.0,53.1,1586.0,Maize,Silt,Superphosphate
53.9,19.2,41.4,6.43,2.31,32.9,82.8,1018.0,Wheat,Loamy,DAP
16.3,9.3,21.1,7.69,1.42,23.1,90.1,468.0,Millet,Silt,NPK 20-10-10
29.8,19.1,26.3,5.81,0.71,29.9,50.8,1994.0,Rice,Silt,DAP
33.8,24.0,15.8,5.6,0.96,29.7,55.2,477.0,Tomato,Silt,Potash
14.1,18.0,28.8,6.78,0.59,27.2,81.6,465.0,Maize,Sandy,NPK 20-10-10
20.0,9.9,25.1,4.8,1.38,34.4,49.7,1343.0,Tomato,Sandy,DAP
35.2,23.1,28.5,6.45,2.57,32.9,79.3,1974.0,Beans,Silt,NPK 15-15-15
60.4,55.8,28.6,6.06,0.81,32.0,74.0,1330.0,Cassava,Clay,Organic Compost
47.5,28.4,9.1,7.88,2.45,36.9,85.9,845.0,Wheat,Silt,Potash
29.5,58.1,42.5,5.48,2.1,30.6,60.9,1863.0,Maize,Clay,Organic Compost
6.0,23.9,17.4,7.27,0.5,25.7,43.6,1890.0,Tomato,Sandy,NPK 20-10-10
44.0,49.9,45.3,7.65,2.26,37.8,60.0,958.0,Rice,Loamy,Organic Compost
59.1,31.9,45.8,5.41,2.3,18.1,78.2,1269.0,Millet,Clay,Organic Compost
19.4,20.7,7.5,6.02,0.75,29.1,71.8,791.0,Beans,Sandy,NPK 20-10-10
40.1,54.1,46.6,7.26,0.53,28.5,81.5,1457.0,Maize,Loamy,Organic Compost
43.5,55.2,57.2,7.41,0.73,33.5,83.3,1478.0,Beans,Clay,Organic Compost
40.0,43.4,51.6,5.76,1.04,32.8,93.8,865.0,Maize,Loamy,NPK 20-10-10
12.9,17.5,34.8,7.46,0.95,37.0,86.4,1958.0,Beans,Sandy,NPK 20-10-10
24.0,26.6,36.2,6.03,1.32,28.8,45.9,1977.0,Tomato,Silt,NPK 15-15-15
51.7,61.9,41.7,7.18,0.59,37.1,49.1,1682.0,Cassava,Clay,Organic Compost
45.0,37.4,60.0,5.65,0.91,35.9,56.2,573.0,Tomato,Clay,Organic Compost
49.8,40.5,17.4,6.48,1.77,34.2,71.0,950.0,Maize,Loamy,Potash
48.5,16.8,29.8,4.91,2.36,27.8,88.6,1720.0,Maize,Silt,DAP
58.5,43.6,55.8,7.05,2.09,27.7,80.3,1870.0,Wheat,Clay,Organic Compost
18.1,41.7,30.2,4.72,1.82,30.5,94.5,1440.0,Beans,Silt,Urea
25.5,42.0,37.7,5.82,1.29,31.1,87.9,1915.0,Beans,Loamy,NPK 20-10-10
20.1,20.8,53.9,4.86,1.93,37.2,71.6,413.0,Wheat,Loamy,NPK 20-10-10
41.2,21.9,57.7,7.85,1.72,27.5,61.7,717.0,Rice,Clay,Organic Compost
16.6,46.1,53.8,5.54,1.91,37.9,46.3,1700.0,Sorghum,Loamy,Urea
19.8,21.4,35.9,5.43,1.71,19.8,83.0,838.0,Wheat,Loamy,Urea
53.6,20.6,27.2,5.75,2.12,18.6,80.7,777.0,Rice,Clay,Organic Compost
9.4,25.5,13.3,6.5,2.1,34.0,52.1,736.0,Beans,Sandy,NPK 20-10-10
44.1,35.3,49.8,7.08,1.75,28.4,62.7,953.0,Wheat,Loamy,NPK 20-10-10
50.7,47.7,12.2,5.33,2.18,29.7,43.9,1692.0,Rice,Loamy,Potash
44.0,50.1,39.8,7.25,0.51,29.3,81.4,1140.0,Beans,Loamy,Potash
41.0,47.1,47.1,7.1,2.56,28.8,64.4,929.0,Tomato,Loamy,Organic Compost
32.9,41.3,61.9,7.37,2.35,21.6,41.3,404.0,Tomato,Clay,Organic Compost
10.7,10.3,26.4,8.03,0.67,20.1,58.1,1420.0,Wheat,Sandy,NPK 20-10-10
8.5,18.7,6.1,6.82,2.21,37.4,57.7,1720.0,Cassava,Sandy,NPK 15-15-15
16.1,31.2,49.3,8.01,1.42,33.5,51.7,1590.0,Cassava,Loamy,NPK 20-10-10
52.3,35.4,24.3,8.09,1.06,18.8,62.4,1515.0,Cassava,Clay,Organic Compost
16.9,32.3,12.5,4.94,0.83,22.4,76.3,1758.0,Beans,Silt,NPK 20-10-10
29.5,23.4,24.6,6.18,1.78,29.1,81.9,605.0,Tomato,Loamy,NPK 15-15-15
21.3,48.8,20.2,4.74,1.52,21.9,89.5,1092.0,Beans,Silt,NPK 20-10-10
12.7,34.2,14.5,6.87,1.28,35.1,68.6,1821.0,Cassava,Silt,NPK 15-15-15
27.1,24.4,51.0,5.89,0.57,31.9,56.0,880.0,Wheat,Clay,DAP
58.4,56.1,33.9,5.64,2.31,32.8,51.2,1837.0,Cassava,Clay,Organic Compost
57.5,47.9,56.8,5.93,1.28,28.1,54.5,1260.0,Maize,Clay,Organic Compost
57.6,24.4,57.1,6.49,1.46,35.2,64.9,885.0,Rice,Clay,Organic Compost
30.0,20.3,13.5,7.98,1.82,28.9,83.6,935.0,Tomato,Sandy,Potash
30.8,29.8,57.1,7.48,0.86,19.4,48.5,892.0,Maize,Clay,Organic Compost
8.4,18.6,20.6,5.46,2.01,29.9,80.2,1518.0,Tomato,Sandy,NPK 20-10-10
29.0,20.3,12.1,4.84,1.48,34.0,72.1,441.0,Tomato,Sandy,Potash
17.1,25.9,10.3,5.87,1.58,37.7,90.9,1011.0,Cassava,Sandy,NPK 20-10-10
30.8,26.3,23.6,7.2,1.96,34.7,79.8,1440.0,Beans,Sandy,NPK 15-15-15
17.5,35.0,16.8,5.42,0.86,20.4,60.1,1949.0,Beans,Sandy,NPK 20-10-10
8.2,9.4,9.9,6.53,2.58,22.1,58.4,1765.0,Beans,Sandy,NPK 15-15-15
37.8,50.9,35.2,6.95,2.16,19.1,81.2,1911.0,Maize,Clay,Urea
25.3,18.9,33.1,4.97,0.66,18.2,85.2,544.0,Beans,Sandy,DAP
22.2,24.9,56.6,5.53,1.33,29.6,79.4,694.0,Beans,Clay,Organic Compost
11.8,12.5,37.7,6.25,1.4,22.4,79.2,583.0,Millet,Silt,NPK 20-10-10
49.2,16.9,34.7,4.74,0.99,19.9,85.7,1069.0,Beans,Silt,DAP
49.3,41.6,49.1,8.08,2.54,34.6,51.6,1615.0,Rice,Clay,Organic Compost
15.5,19.3,25.9,5.42,0.75,23.7,75.5,467.0,Tomato,Sandy,NPK 20-10-10
16.6,43.1,24.3,7.34,2.34,28.1,50.2,1156.0,Cassava,Loamy,Urea
52.3,31.4,55.3,6.12,1.69,19.1,51.6,1102.0,Cassava,Clay,Organic Compost
15.1,52.3,25.2,8.14,0.5,28.2,82.8,961.0,Rice,Loamy,Urea
21.9,8.2,15.4,4.62,1.9,20.8,66.4,700.0,Beans,Silt,Superphosphate
37.3,32.6,23.8,7.31,0.65,32.2,49.9,531.0,Millet,Silt,NPK 15-15-15
23.4,12.4,41.1,7.31,0.45,28.3,86.6,1659.0,Millet,Loamy,DAP
13.5,20.6,20.3,7.3,2.42,32.3,66.5,1345.0,Tomato,Sandy,NPK 15-15-15
16.9,43.5,45.6,8.2,1.42,19.7,47.6,1852.0,Cassava,Loamy,Urea
25.6,54.4,32.6,5.88,2.03,29.9,72.8,481.0,Maize,Clay,Organic Compost
54.8,21.7,28.1,5.21,1.44,18.0,84.2,1812.0,Maize,Loamy,Potash
8.2,26.4,15.1,5.94,1.33,31.6,84.1,1907.0,Millet,Silt,NPK 20-10-10
55.2,36.8,43.5,7.04,0.57,30.4,69.9,894.0,Tomato,Clay,Organic Compost
47.9,34.8,10.5,5.17,2.12,21.9,42.6,1276.0,Wheat,Silt,Potash
38.6,52.5,45.1,5.5,1.6,27.2,40.9,572.0,Cassava,Clay,Organic Compost
40.3,28.6,11.6,8.02,2.24,30.8,81.0,1464.0,Rice,Silt,NPK 15-15-15
59.8,37.2,49.6,5.05,1.44,20.1,62.4,1297.0,Sorghum,Clay,Organic Compost
9.8,24.8,5.4,7.49,1.89,33.5,93.6,923.0,Cassava,Sandy,NPK 20-10-10
37.2,39.2,52.5,6.29,2.3,30.6,83.0,925.0,Cassava,Loamy,NPK 15-15-15
55.0,41.3,39.4,5.43,0.86,22.5,91.8,827.0,Cassava,Clay,Organic Compost
35.1,40.4,23.9,5.73,1.51,30.7,94.7,1340.0,Rice,Silt,NPK 20-10-10
20.1,30.7,20.1,7.84,1.25,29.6,66.6,1605.0,Sorghum,Clay,Organic Compost
23.1,27.8,25.0,5.51,0.61,18.6,90.1,506.0,Tomato,Silt,NPK 15-15-15
8.3,24.4,32.7,5.79,2.04,33.6,75.2,1790.0,Wheat,Sandy,NPK 20-10-10
18.7,21.0,16.2,7.91,0.67,36.7,63.2,1733.0,Wheat,Sandy,NPK 20-10-10
25.6,19.2,31.2,6.49,0.44,34.0,67.2,1477.0,Wheat,Sandy,DAP
50.3,61.9,35.3,5.31,1.46,31.8,66.5,1779.0,Tomato,Clay,Organic Compost
25.3,30.2,32.4,7.94,2.12,20.4,64.1,1887.0,Tomato,Clay,Organic Compost
36.9,10.7,26.1,7.9,0.43,30.7,88.1,1088.0,Rice,Silt,DAP
35.4,34.0,30.9,8.05,2.04,20.8,56.4,1835.0,Beans,Clay,Organic Compost
49.8,24.2,26.3,7.83,1.6,20.7,67.0,1142.0,Beans,Clay,Organic Compost
43.8,44.5,45.3,7.38,1.96,26.5,42.7,1948.0,Wheat,Loamy,Organic Compost
9.6,15.0,14.8,5.83,1.29,31.4,93.4,1236.0,Tomato,Sandy,NPK 15-15-15
28.2,13.3,37.7,8.12,0.87,32.4,82.0,566.0,Cassava,Loamy,DAP
15.6,29.2,13.7,7.95,2.11,23.3,63.4,1388.0,Sorghum,Sandy,NPK 20-10-10
16.3,33.3,7.6,6.84,0.48,29.1,50.1,535.0,Tomato,Sandy,DAP
25.4,35.1,39.8,4.59,2.43,18.3,90.1,451.0,Beans,Clay,Organic Compost
9.0,42.0,27.8,6.24,0.81,22.7,83.9,417.0,Millet,Silt,Urea
31.4,33.1,25.1,5.12,1.63,29.2,91.1,1252.0,Maize,Clay,Organic Compost
43.7,31.2,44.6,5.22,1.75,32.5,59.9,1168.0,Wheat,Loamy,Superphosphate
28.1,15.8,47.6,7.21,2.3,37.0,71.0,1592.0,Millet,Loamy,DAP
21.1,27.1,13.3,7.04,1.67,23.0,77.7,992.0,Rice,Sandy,Potash
36.2,36.7,25.5,6.81,2.39,19.4,83.1,606.0,Millet,Silt,NPK 15-15-15
52.9,21.6,49.4,5.99,0.98,37.2,56.1,739.0,Maize,Clay,Organic Compost
26.8,5.9,25.8,6.06,2.12,24.7,41.0,1621.0,Millet,Sandy,DAP
47.8,51.8,22.6,7.6,2.11,36.5,84.8,543.0,Sorghum,Loamy,Potash
26.8,28.7,32.9,5.37,0.67,34.7,75.3,1160.0,Beans,Loamy,NPK 15-15-15
11.7,14.7,33.0,6.51,1.02,21.2,94.4,1256.0,Beans,Sandy,NPK 20-10-10
26.6,44.0,23.0,7.34,1.4,35.9,67.7,921.0,Maize,Silt,NPK 20-10-10
55.7,40.1,38.5,5.05,0.49,36.6,79.9,1323.0,Wheat,Clay,Organic Compost
27.1,46.7,27.4,6.65,1.23,20.1,57.8,536.0,Cassava,Silt,NPK 20-10-10
15.9,30.8,6.3,6.37,1.84,24.4,45.4,749.0,Tomato,Sandy,Organic Compost
20.2,22.9,53.4,5.61,1.2,24.1,89.0,1886.0,Beans,Clay,Organic Compost
20.6,47.6,48.5,5.81,1.67,25.8,40.8,1057.0,Maize,Loamy,NPK 20-10-10
24.4,32.9,23.1,5.6,1.05,19.1,89.2,1744.0,Millet,Clay,Organic Compost
44.7,45.9,41.0,5.15,0.79,28.0,78.0,448.0,Tomato,Loamy,Organic Compost
8.8,14.4,34.6,5.72,0.46,31.7,94.0,769.0,Beans,Sandy,NPK 20-10-10
35.0,47.0,54.7,7.51,1.04,33.7,74.7,1186.0,Cassava,Loamy,NPK 20-10-10
46.6,50.9,20.6,6.78,0.74,24.7,64.4,1956.0,Cassava,Clay,Organic Compost
15.1,11.9,18.0,4.83,2.2,28.0,77.8,1676.0,Millet,Sandy,NPK 15-15-15
22.9,42.7,47.8,6.62,0.48,32.2,76.7,948.0,Cassava,Loamy,NPK 20-10-10
41.2,36.6,29.7,7.48,2.29,19.0,43.8,1161.0,Cassava,Silt,Potash
44.3,13.8,37.2,7.47,0.5,35.0,86.3,634.0,Wheat,Silt,DAP
48.6,28.3,13.3,5.53,1.14,30.6,79.7,1371.0,Millet,Silt,Potash
28.8,24.5,44.3,7.02,2.36,24.3,87.1,1261.0,Wheat,Loamy,NPK 15-15-15
17.8,39.9,30.5,6.41,1.58,37.5,72.2,471.0,Millet,Silt,Urea
19.1,29.7,7.5,5.36,2.33,20.3,68.4,697.0,Maize,Sandy,NPK 20-10-10
53.2,36.7,27.6,4.8,1.28,34.3,81.6,970.0,Millet,Loamy,Potash
54.9,43.6,42.8,7.11,0.68,30.4,44.3,656.0,Sorghum,Clay,Superphosphate
26.2,39.8,57.5,7.65,1.33,32.9,42.4,1610.0,Tomato,Clay,Organic Compost
12.8,20.4,15.2,4.72,2.38,21.6,51.4,1521.0,Tomato,Silt,NPK 20-10-10
22.4,58.9,61.9,5.86,0.87,32.1,81.7,646.0,Sorghum,Clay,Organic Compost
22.1,33.2,29.2,6.26,1.25,19.5,44.2,819.0,Beans,Loamy,NPK 15-15-15
23.8,27.9,31.8,7.99,1.2,36.9,88.1,905.0,Rice,Sandy,NPK 15-15-15
31.1,20.9,11.2,7.49,2.27,30.8,61.7,752.0,Millet,Sandy,Potash
20.3,27.3,11.0,6.46,1.12,37.8,63.3,729.0,Maize,Sandy,Potash
50.0,41.6,28.2,6.96,1.94,20.6,47.9,1030.0,Tomato,Silt,Potash
20.7,34.0,39.7,7.72,1.3,23.8,48.3,1296.0,Tomato,Silt,DAP
40.0,45.6,36.8,4.51,2.14,27.5,62.4,1614.0,Millet,Clay,Organic Compost
26.8,34.5,28.1,4.59,1.77,30.3,46.8,1600.0,Tomato,Sandy,NPK 15-15-15
23.5,19.6,29.0,5.26,2.57,32.5,42.1,1015.0,Sorghum,Loamy,DAP
40.4,42.6,32.8,5.94,0.83,32.2,53.0,1080.0,Sorghum,Clay,Organic Compost
26.5,30.2,22.7,7.21,1.89,23.1,63.1,1251.0,Cassava,Loamy,NPK 15-15-15
22.3,33.2,12.8,7.19,1.84,21.0,94.2,1652.0,Maize,Sandy,Potash
23.2,19.0,45.6,6.66,1.21,35.0,64.3,696.0,Sorghum,Silt,DAP
16.5,16.9,21.1,6.63,1.35,36.7,58.2,581.0,Beans,Sandy,NPK 20-10-10
59.7,55.5,52.7,4.99,0.48,21.4,62.1,1667.0,Rice,Clay,Organic Compost
15.1,31.8,13.2,7.3,0.94,27.7,83.6,1284.0,Wheat,Loamy,NPK 20-10-10
27.3,20.9,56.3,6.93,2.42,19.7,94.3,1975.0,Millet,Clay,Organic Compost
23.6,26.2,19.3,4.7,2.31,22.2,88.0,814.0,Wheat,Silt,Potash
8.0,29.7,13.3,5.64,1.3,30.1,75.0,521.0,Maize,Sandy,NPK 20-10-10
55.1,50.0,32.2,6.71,1.61,31.3,80.6,1224.0,Wheat,Clay,Organic Compost
25.8,17.8,33.2,7.67,0.4,33.2,73.1,1543.0,Rice,Sandy,DAP
13.9,45.8,26.2,4.89,1.94,25.7,54.0,1470.0,Millet,Silt,Urea
45.3,34.7,22.2,5.34,1.39,29.5,66.8,1870.0,Rice,Clay,Organic Compost
40.1,48.6,42.7,4.9,1.33,31.5,55.2,928.0,Millet,Clay,Organic Compost
21.1,27.1,30.3,6.38,1.93,18.2,41.6,1364.0,Tomato,Sandy,NPK 15-15-15
38.6,16.4,45.1,5.81,1.66,37.6,68.4,1243.0,Maize,Loamy,DAP
58.8,56.4,54.0,8.18,0.61,33.3,46.2,1416.0,Wheat,Clay,Organic Compost
12.9,31.5,22.0,7.88,1.38,24.9,89.4,1705.0,Tomato,Sandy,Organic Compost
49.4,32.6,23.2,4.76,1.04,25.3,93.4,1984.0,Beans,Loamy,Potash
29.0,28.1,13.1,7.25,2.58,34.8,69.8,401.0,Beans,Sandy,Potash
13.8,25.0,37.8,7.8,1.94,30.2,52.4,1474.0,Cassava,Silt,Urea
57.3,34.2,46.6,7.61,2.35,27.4,65.3,1913.0,Sorghum,Clay,Organic Compost
32.8,38.0,44.0,4.79,1.67,30.2,77.4,836.0,Wheat,Loamy,NPK 15-15-15
9.1,28.2,23.5,6.12,2.11,20.5,59.7,1829.0,Rice,Sandy,NPK 20-10-10
34.4,8.3,14.5,4.69,2.1,23.1,71.3,1761.0,Sorghum,Silt,Superphosphate
29.1,14.0,22.6,5.74,2.58,34.1,57.7,1060.0,Sorghum,Silt,DAP
11.4,43.1,30.4,6.74,0.83,27.0,65.4,555.0,Rice,Silt,Urea
44.0,47.1,57.6,8.19,2.25,18.5,56.9,1644.0,Sorghum,Clay,Organic Compost
25.1,30.4,9.8,5.95,0.58,23.8,82.7,698.0,Beans,Sandy,Potash
45.0,48.6,39.4,7.0,2.12,21.8,80.6,1855.0,Millet,Silt,Potash
15.1,7.9,23.8,7.59,0.6,26.5,77.0,1852.0,Wheat,Sandy,NPK 20-10-10
12.7,28.8,26.8,5.16,0.72,25.4,43.4,1850.0,Sorghum,Loamy,Urea
8.2,22.5,26.3,5.72,2.16,31.5,50.7,539.0,Millet,Silt,Urea
24.0,12.4,21.7,6.46,2.13,26.5,79.7,816.0,Millet,Sandy,Organic Compost
49.4,39.5,36.0,5.89,2.43,27.6,80.0,1307.0,Sorghum,Silt,Potash
20.9,46.5,15.4,5.29,1.19,25.4,85.3,1100.0,Maize,Silt,Potash
36.3,52.0,30.4,4.96,0.71,22.7,73.0,465.0,Cassava,Clay,Organic Compost
44.1,39.2,30.9,8.13,0.6,33.1,61.0,1721.0,Beans,Loamy,Potash
43.3,11.2,42.1,6.6,0.73,29.9,70.5,906.0,Cassava,Silt,DAP
9.2,12.3,31.0,5.11,2.17,33.5,73.5,1151.0,Wheat,Sandy,NPK 20-10-10
25.9,18.9,13.2,5.7,0.71,18.9,64.1,1962.0,Wheat,Sandy,Superphosphate
21.5,15.4,24.5,4.6,1.6,27.2,70.9,644.0,Sorghum,Sandy,DAP
20.3,31.1,7.8,5.97,1.61,26.2,66.4,1553.0,Maize,Sandy,Potash
23.1,23.1,44.9,6.17,1.12,31.7,67.7,1106.0,Tomato,Loamy,NPK 15-15-15
47.7,48.0,20.1,6.37,2.48,36.6,42.1,411.0,Millet,Loamy,Potash
16.8,27.5,10.0,6.98,1.17,19.5,86.7,1239.0,Sorghum,Silt,NPK 20-10-10
22.5,19.1,33.1,5.15,1.6,21.4,87.2,936.0,Sorghum,Sandy,DAP
13.1,8.6,18.4,5.86,1.18,18.2,82.9,1584.0,Rice,Sandy,NPK 15-15-15
40.8,47.9,60.1,5.55,2.04,30.3,74.9,550.0,Millet,Clay,Organic Compost
26.2,30.6,49.5,6.92,0.42,22.7,78.2,1801.0,Wheat,Loamy,NPK 15-15-15
24.1,18.0,30.8,6.49,1.64,21.8,44.2,937.0,Rice,Loamy,DAP
48.7,30.9,29.9,5.28,1.34,23.4,59.9,1323.0,Cassava,Clay,Organic Compost
30.8,25.0,40.2,6.1,2.07,35.2,55.8,1016.0,Tomato,Loamy,Superphosphate
30.8,51.4,29.5,6.07,1.12,20.1,73.2,738.0,Cassava,Loamy,NPK 20-10-10
43.6,16.7,30.1,7.46,0.42,21.0,63.0,1210.0,Millet,Loamy,DAP
51.5,59.9,60.6,4.69,0.62,34.1,91.4,1492.0,Beans,Clay,Superphosphate
7.7,32.0,16.2,7.94,0.84,37.4,68.7,1628.0,Beans,Sandy,NPK 20-10-10
17.8,39.4,8.0,7.05,0.63,31.3,56.6,1841.0,Sorghum,Silt,NPK 20-10-10
22.0,11.5,30.5,5.61,1.74,28.9,83.2,809.0,Tomato,Sandy,DAP
21.1,34.1,44.6,4.8,1.04,19.7,90.7,1905.0,Tomato,Silt,NPK 15-15-15
28.1,46.4,45.2,4.54,0.79,26.2,81.3,1013.0,Rice,Silt,NPK 20-10-10
26.7,16.9,39.2,7.7,1.67,37.9,88.1,791.0,Maize,Loamy,DAP
31.4,35.4,39.5,6.46,0.67,23.0,65.8,831.0,Tomato,Silt,NPK 20-10-10
29.9,33.0,12.3,7.87,2.3,25.8,50.9,1671.0,Beans,Silt,Potash
32.7,50.3,42.8,5.8,2.06,24.4,63.6,1039.0,Millet,Loamy,NPK 20-10-10
22.6,25.9,34.0,5.52,0.69,32.1,72.9,1914.0,Tomato,Loamy,NPK 15-15-15
13.0,11.0,20.7,6.2,1.29,26.8,51.7,1073.0,Sorghum,Sandy,Superphosphate
48.0,50.0,48.3,7.47,0.69,35.7,61.4,1467.0,Rice,Clay,Organic Compost
59.1,25.8,39.5,4.85,0.61,37.9,75.1,1418.0,Tomato,Clay,Organic Compost
23.4,12.5,13.1,6.06,0.9,36.8,71.8,510.0,Sorghum,Sandy,Superphosphate
15.8,31.2,20.6,5.38,1.59,32.5,57.0,1796.0,Wheat,Sandy,DAP
51.9,23.5,15.3,4.67,2.06,24.7,82.1,1442.0,Maize,Loamy,Potash
42.2,14.4,46.1,5.74,2.17,28.4,49.6,1504.0,Beans,Silt,DAP
25.2,38.8,29.8,6.54,1.15,25.2,84.1,1415.0,Beans,Silt,NPK 15-15-15
49.0,50.8,52.5,6.09,1.41,37.6,70.8,1001.0,Beans,Clay,NPK 15-15-15
32.8,28.5,28.9,7.74,1.38,20.8,74.1,1855.0,Maize,Sandy,NPK 15-15-15
44.8,11.4,25.9,6.18,1.35,23.3,66.9,1557.0,Sorghum,Silt,DAP
38.9,39.7,20.2,4.62,1.53,33.6,61.9,1703.0,Rice,Silt,NPK 15-15-15
22.4,36.7,32.2,4.75,1.62,18.9,70.1,1884.0,Cassava,Silt,Urea
40.5,26.0,23.1,6.64,2.28,35.3,54.9,1947.0,Cassava,Silt,Potash
42.1,49.3,20.0,5.7,0.57,27.2,68.4,1345.0,Rice,Loamy,Potash
39.7,12.6,8.2,5.94,1.67,35.8,42.2,935.0,Maize,Silt,Superphosphate
34.6,8.4,27.5,8.12,1.87,34.3,68.2,978.0,Tomato,Silt,DAP
18.8,14.7,24.7,8.19,1.35,21.3,75.3,1041.0,Millet,Sandy,NPK 20-10-10
31.7,25.0,54.2,6.97,1.07,24.3,73.3,981.0,Beans,Loamy,NPK 15-15-15
10.7,12.0,31.2,4.84,1.72,35.3,49.7,1870.0,Rice,Sandy,NPK 20-10-10
61.2,55.0,22.4,7.55,1.67,35.8,72.4,1674.0,Rice,Clay,Organic Compost
14.5,40.6,50.6,7.96,2.09,24.2,87.2,441.0,Millet,Loamy,Urea
45.0,29.1,25.8,7.63,1.12,27.8,86.4,421.0,Cassava,Silt,Potash
49.8,18.9,31.1,5.77,2.55,29.3,62.0,1796.0,Millet,Loamy,DAP
45.7,37.5,24.1,6.85,1.31,27.1,90.8,1554.0,Tomato,Clay,Organic Compost
18.0,21.8,21.3,5.39,1.79,25.5,43.0,1952.0,Millet,Sandy,NPK 20-10-10
23.8,18.6,34.3,4.69,2.2,18.4,50.1,678.0,Maize,Sandy,DAP
22.5,34.1,32.6,5.37,1.42,34.9,78.4,1026.0,Beans,Loamy,NPK 15-15-15
17.4,14.5,9.8,4.54,2.54,25.2,42.0,1330.0,Sorghum,Silt,NPK 15-15-15
21.2,8.0,27.5,5.89,2.59,29.8,67.0,978.0,Sorghum,Sandy,DAP
30.1,48.8,25.0,5.54,1.34,19.0,65.1,1873.0,Cassava,Silt,NPK 20-10-10
5.5,24.3,28.0,6.98,1.81,34.3,86.9,938.0,Wheat,Sandy,NPK 20-10-10
15.2,24.1,24.8,4.5,0.59,32.7,44.2,1212.0,Tomato,Sandy,Organic Compost
16.6,44.2,13.0,7.86,2.54,31.2,86.1,1718.0,Rice,Silt,NPK 20-10-10
23.5,24.4,41.5,4.63,1.46,23.7,88.0,545.0,Sorghum,Clay,Organic Compost
20.8,15.0,21.5,4.77,1.5,28.2,86.4,490.0,Tomato,Sandy,DAP
19.6,26.3,13.8,6.83,1.33,34.6,63.9,1483.0,Maize,Sandy,NPK 20-10-10
17.1,31.8,28.6,7.1,2.27,18.7,84.0,1776.0,Millet,Silt,Urea
33.2,31.7,16.0,6.88,1.58,20.1,52.7,1208.0,Beans,Sandy,Potash
53.5,53.8,31.4,5.48,1.75,25.6,92.8,1415.0,Beans,Clay,Organic Compost
50.4,33.5,28.0,5.43,1.93,31.2,45.5,1464.0,Cassava,Clay,Organic Compost
7.6,13.2,29.1,6.13,2.4,31.8,43.0,1122.0,Wheat,Sandy,NPK 20-10-10
14.3,45.1,38.6,6.67,1.63,37.0,87.5,1875.0,Rice,Silt,Urea
15.1,20.5,48.4,8.07,0.85,22.5,76.2,1286.0,Cassava,Silt,Urea
36.0,37.0,40.4,6.39,1.68,32.9,90.3,1891.0,Maize,Loamy,NPK 15-15-15
44.4,37.1,23.4,6.82,1.33,34.7,58.5,1103.0,Tomato,Silt,Potash
36.3,31.3,27.8,4.91,0.43,30.3,70.8,1898.0,Beans,Loamy,NPK 15-15-15
18.9,6.3,12.8,6.97,1.41,24.5,84.0,938.0,Sorghum,Sandy,NPK 15-15-15
33.6,12.5,15.9,5.15,1.82,23.5,51.5,1339.0,Rice,Sandy,Superphosphate
33.4,53.9,24.3,6.25,0.82,28.1,66.7,1635.0,Beans,Loamy,NPK 20-10-10
59.9,31.2,30.3,7.84,1.86,35.7,55.8,484.0,Rice,Clay,Organic Compost
26.9,11.5,7.3,6.25,1.02,23.1,57.3,890.0,Wheat,Sandy,Superphosphate
21.2,22.9,8.9,4.72,2.45,22.5,85.7,506.0,Maize,Sandy,Potash
39.4,35.7,56.3,7.1,1.82,36.6,43.7,1599.0,Millet,Clay,Organic Compost
27.3,54.0,22.5,7.06,1.81,27.1,58.9,783.0,Wheat,Clay,Organic Compost
20.7,29.3,29.6,6.63,2.0,20.3,86.8,985.0,Beans,Silt,NPK 15-15-15
29.2,19.3,12.7,7.95,1.69,30.7,53.6,1040.0,Cassava,Sandy,Superphosphate
32.0,8.9,7.7,5.91,1.85,24.3,51.1,487.0,Millet,Sandy,Superphosphate
24.3,27.0,30.2,5.48,2.14,20.1,91.3,1304.0,Cassava,Sandy,NPK 15-15-15
36.8,49.7,33.8,6.72,0.4,34.8,49.2,1382.0,Millet,Clay,Organic Compost
32.4,33.7,30.9,4.63,2.1,37.1,79.6,1838.0,Wheat,Loamy,NPK 15-15-15
35.2,39.3,23.8,4.67,0.41,28.6,69.6,524.0,Tomato,Clay,Organic Compost
34.9,45.5,20.6,6.62,0.93,37.2,90.8,922.0,Beans,Loamy,NPK 20-10-10
27.4,46.5,27.5,5.18,1.29,33.9,47.3,651.0,Cassava,Clay,NPK 20-10-10
9.9,28.9,34.6,5.26,0.8,21.3,42.4,1745.0,Wheat,Sandy,NPK 20-10-10
21.0,19.5,16.7,6.96,1.85,20.5,51.6,1709.0,Maize,Loamy,Superphosphate
40.0,48.2,26.1,7.32,2.25,25.0,90.8,1044.0,Rice,Loamy,Potash
19.5,20.9,40.2,6.38,0.57,34.0,41.1,706.0,Millet,Loamy,Urea
27.1,27.0,47.5,5.62,1.61,30.9,91.0,1623.0,Millet,Silt,NPK 15-15-15
23.7,28.2,7.9,7.91,2.15,35.0,88.4,553.0,Millet,Sandy,Potash
25.4,16.5,12.9,6.75,1.03,36.3,73.5,974.0,Tomato,Sandy,NPK 20-10-10
9.9,21.4,26.6,7.77,1.82,29.6,53.2,1798.0,Sorghum,Sandy,NPK 20-10-10
44.1,13.9,40.0,7.95,1.93,27.5,62.1,640.0,Sorghum,Loamy,DAP
36.4,26.8,36.7,6.12,1.15,18.3,60.2,1835.0,Wheat,Clay,Organic Compost
38.1,14.5,43.3,6.52,1.57,20.6,43.7,1757.0,Sorghum,Silt,DAP
33.8,13.0,42.3,6.51,2.4,20.6,49.3,814.0,Maize,Loamy,DAP
36.4,23.6,21.2,6.43,0.84,19.6,74.3,1469.0,Millet,Loamy,Organic Compost
44.0,46.7,20.3,7.44,1.56,26.3,64.2,1125.0,Sorghum,Clay,Organic Compost
24.3,12.5,28.2,5.2,1.74,30.8,57.7,1781.0,Tomato,Loamy,DAP
27.8,11.3,44.9,5.03,1.78,30.9,59.0,559.0,Cassava,Silt,DAP
14.4,46.4,28.4,7.09,1.06,21.0,41.9,951.0,Maize,Silt,NPK 20-10-10
13.3,42.5,41.6,8.19,0.94,19.0,79.8,1693.0,Beans,Silt,Urea
28.2,17.3,26.6,4.5,1.15,21.4,56.8,734.0,Maize,Sandy,DAP
15.6,25.5,33.1,5.03,1.19,21.9,70.9,1843.0,Sorghum,Silt,Urea
38.3,49.6,34.4,5.18,0.42,20.8,46.9,1237.0,Cassava,Silt,NPK 20-10-10
23.3,54.5,24.6,7.03,1.92,29.4,49.6,1381.0,Sorghum,Clay,Organic Compost
25.5,33.9,53.2,5.23,1.97,36.4,55.6,551.0,Rice,Clay,Organic Compost
29.4,20.7,29.2,5.08,0.78,25.7,44.9,1974.0,Millet,Silt,NPK 15-15-15
42.2,30.1,53.2,4.7,1.45,22.7,78.7,1273.0,Sorghum,Loamy,NPK 20-10-10
28.4,34.2,11.8,4.7,1.64,24.2,81.0,1629.0,Rice,Sandy,Potash
21.0,50.5,43.0,8.12,1.14,31.1,71.5,1288.0,Sorghum,Clay,Organic Compost
21.9,41.7,42.3,6.97,2.55,24.5,48.9,495.0,Tomato,Loamy,NPK 20-10-10
14.6,52.6,26.0,7.94,1.23,28.8,72.7,1038.0,Beans,Loamy,Urea
50.7,44.2,31.0,7.41,1.79,28.2,88.7,1207.0,Sorghum,Loamy,Potash
38.2,32.0,41.6,7.97,1.5,37.8,85.1,1176.0,Cassava,Clay,Organic Compost
60.1,37.4,29.0,4.98,1.54,26.9,68.3,1178.0,Wheat,Clay,Organic Compost
40.0,38.0,42.1,6.16,1.83,32.2,62.0,1571.0,Tomato,Clay,Organic Compost
45.3,43.5,28.9,8.03,0.82,23.9,51.4,1175.0,Beans,Loamy,Potash
48.3,35.8,47.3,6.74,1.69,37.3,92.0,1510.0,Tomato,Silt,NPK 20-10-10
13.5,18.3,35.5,6.15,1.93,35.8,60.7,1791.0,Beans,Loamy,NPK 20-10-10
30.1,32.8,18.7,6.36,1.54,27.2,92.1,546.0,Wheat,Sandy,Potash
52.5,32.1,47.9,4.51,1.57,36.4,74.0,1855.0,Rice,Clay,Organic Compost
36.7,9.4,44.4,5.45,2.3,23.6,94.0,1820.0,Sorghum,Silt,DAP
17.0,18.7,22.6,5.49,0.96,27.7,69.1,1676.0,Tomato,Sandy,NPK 20-10-10
24.6,31.1,6.7,6.61,0.53,20.2,66.2,1027.0,Tomato,Sandy,Potash
46.0,36.9,12.3,4.59,0.82,23.4,65.3,1008.0,Millet,Loamy,Potash
8.9,10.9,8.0,4.62,1.38,31.5,63.0,820.0,Wheat,Silt,NPK 15-15-15
42.6,24.2,53.1,5.14,2.52,30.7,55.0,719.0,Tomato,Loamy,NPK 20-10-10
53.2,49.3,54.2,5.69,1.25,32.9,53.8,939.0,Tomato,Loamy,Organic Compost
45.2,12.4,13.1,4.51,1.81,25.3,65.9,1146.0,Cassava,Loamy,Superphosphate
27.8,48.7,51.1,5.45,1.96,22.3,68.9,1547.0,Millet,Clay,Organic Compost
13.6,11.0,22.7,5.31,0.73,23.2,81.9,1777.0,Tomato,Silt,NPK 20-10-10
46.4,49.1,32.8,7.81,1.17,32.7,83.2,1965.0,Beans,Clay,NPK 15-15-15
46.3,43.2,15.2,7.67,1.31,35.1,88.6,1869.0,Sorghum,Loamy,Potash
34.0,35.9,34.2,6.41,0.86,24.6,49.8,1548.0,Maize,Loamy,NPK 15-15-15
41.6,45.6,8.2,7.75,0.46,32.2,88.2,777.0,Wheat,Silt,Potash
34.5,11.0,8.8,6.95,1.53,34.3,63.6,403.0,Cassava,Sandy,Superphosphate
33.1,41.1,45.3,7.16,0.92,23.4,77.8,967.0,Maize,Clay,Organic Compost
51.7,26.6,39.0,5.21,1.53,32.0,69.0,656.0,Maize,Clay,Organic Compost
43.4,43.1,50.5,7.69,0.73,36.9,48.3,1302.0,Rice,Loamy,Organic Compost
28.8,33.1,14.6,6.11,2.17,29.9,89.4,926.0,Tomato,Sandy,Potash
32.1,49.9,15.8,4.67,0.78,31.4,57.9,556.0,Maize,Loamy,Potash
57.1,24.7,33.2,6.81,0.57,37.8,94.6,1230.0,Rice,Clay,Organic Compost
33.6,11.6,13.3,5.6,2.21,28.8,85.7,1539.0,Millet,Silt,Superphosphate
37.4,11.3,37.0,6.3,1.14,31.9,40.4,1635.0,Wheat,Silt,DAP
34.8,23.7,38.5,5.35,2.44,33.6,88.6,1544.0,Millet,Loamy,DAP
26.1,23.5,25.5,6.48,1.79,29.2,44.3,1336.0,Sorghum,Sandy,NPK 15-15-15
11.1,46.0,43.2,4.69,2.38,34.9,82.7,1888.0,Sorghum,Silt,Urea
9.8,7.2,17.6,5.11,0.48,28.3,56.9,718.0,Wheat,Sandy,NPK 15-15-15
21.5,15.6,27.7,5.06,1.38,25.7,83.8,698.0,Sorghum,Sandy,DAP
30.9,38.1,30.2,7.74,1.82,31.6,88.5,607.0,Rice,Loamy,NPK 15-15-15
39.5,43.4,26.9,4.93,2.07,33.7,55.1,674.0,Cassava,Silt,NPK 20-10-10
20.2,38.1,20.0,7.6,1.14,32.1,51.6,583.0,Wheat,Silt,NPK 15-15-15
40.6,38.7,30.2,6.57,2.47,19.5,44.5,1190.0,Tomato,Loamy,Potash
26.9,11.6,27.8,5.3,0.43,21.0,93.3,1543.0,Beans,Sandy,DAP
57.1,50.0,30.2,8.11,1.68,29.0,72.3,1573.0,Maize,Clay,Organic Compost
40.0,32.4,46.9,7.93,1.74,29.9,75.0,525.0,Wheat,Loamy,NPK 15-15-15
30.1,41.0,13.0,6.86,2.25,31.3,44.2,1461.0,Tomato,Silt,Potash
34.0,28.4,17.4,6.13,1.33,29.4,81.2,555.0,Rice,Silt,Potash
25.2,47.6,47.6,5.75,2.58,27.5,92.9,686.0,Tomato,Clay,Organic Compost
54.6,37.7,52.0,5.79,1.79,18.6,72.1,1000.0,Sorghum,Loamy,NPK 20-10-10
30.0,49.3,45.4,7.95,0.77,35.6,63.5,1764.0,Cassava,Silt,NPK 20-10-10
30.5,28.2,43.4,5.03,1.77,18.7,51.0,840.0,Tomato,Clay,Organic Compost
52.1,37.6,30.7,5.63,2.15,22.5,81.9,1568.0,Wheat,Clay,Potash
43.2,21.4,37.0,6.73,0.99,35.0,84.8,1472.0,Cassava,Silt,Potash
49.8,32.1,59.5,6.59,2.27,21.6,57.5,1621.0,Sorghum,Clay,Organic Compost
24.7,8.3,21.7,7.6,1.68,28.0,52.6,661.0,Wheat,Sandy,NPK 15-15-15
5.9,30.8,16.9,7.87,0.74,34.2,87.6,1069.0,Millet,Sandy,NPK 20-10-10
24.7,60.8,30.8,4.61,1.26,37.8,86.2,554.0,Rice,Clay,Organic Compost
28.9,10.8,7.7,7.21,0.45,28.3,78.8,1467.0,Sorghum,Sandy,Superphosphate
22.7,29.7,22.4,6.1,1.72,26.5,51.5,1154.0,Millet,Sandy,NPK 15-15-15
38.6,35.6,27.4,6.01,0.84,18.3,87.5,844.0,Sorghum,Silt,NPK 15-15-15
16.7,13.5,52.5,5.84,1.09,19.7,40.2,1558.0,Cassava,Loamy,NPK 20-10-10
38.8,46.1,27.0,5.87,1.48,30.9,94.0,1195.0,Maize,Clay,Organic Compost
12.8,8.2,23.8,4.76,1.45,24.5,89.2,685.0,Tomato,Silt,NPK 20-10-10
34.9,22.1,29.2,5.8,0.56,26.1,77.0,807.0,Tomato,Sandy,NPK 15-15-15
34.7,26.4,44.8,6.86,2.46,37.6,40.0,776.0,Wheat,Loamy,NPK 15-15-15
17.7,30.0,14.3,6.27,0.48,32.5,68.5,1997.0,Beans,Loamy,NPK 20-10-10
24.6,16.8,18.7,7.05,0.7,23.7,45.1,483.0,Millet,Loamy,Superphosphate
28.1,58.6,45.5,5.58,2.24,29.1,64.5,1602.0,Cassava,Clay,Organic Compost
5.1,12.4,20.9,7.59,2.04,36.7,54.3,1876.0,Millet,Sandy,NPK 20-10-10
27.6,16.9,9.3,6.87,1.3,36.5,94.1,1881.0,Rice,Silt,Superphosphate
60.1,35.7,35.9,6.85,1.8,20.1,50.5,400.0,Maize,Clay,Superphosphate
46.4,21.8,17.0,8.2,1.98,28.5,93.8,1927.0,Rice,Loamy,Potash
37.0,44.3,28.9,7.02,1.18,26.0,71.0,743.0,Sorghum,Silt,NPK 20-10-10
55.8,53.0,43.6,7.04,2.27,24.8,80.1,1878.0,Tomato,Clay,DAP
9.3,16.6,29.9,5.24,0.48,23.7,82.9,572.0,Cassava,Sandy,NPK 20-10-10
36.5,52.2,44.6,4.83,2.28,29.0,93.2,1976.0,Tomato,Loamy,NPK 20-10-10
40.1,14.4,29.2,8.16,1.56,24.6,50.2,1600.0,Rice,Loamy,DAP
22.7,23.2,61.6,8.03,0.88,22.0,72.4,907.0,Beans,Clay,Organic Compost
41.9,19.9,13.8,5.77,0.44,30.9,43.7,636.0,Rice,Silt,Superphosphate
22.8,13.4,34.2,8.15,1.2,33.8,84.1,1862.0,Sorghum,Sandy,DAP
23.2,47.3,25.1,6.42,0.61,23.9,49.0,532.0,Cassava,Silt,NPK 20-10-10
40.7,33.5,42.6,5.36,2.15,19.0,55.2,1110.0,Sorghum,Silt,NPK 20-10-10
19.0,14.4,25.9,5.72,0.6,27.6,66.7,1408.0,Wheat,Silt,NPK 20-10-10
8.1,15.2,34.2,6.6,1.27,26.7,86.3,1782.0,Beans,Sandy,NPK 20-10-10
37.4,10.8,43.5,4.53,1.41,33.9,90.3,1403.0,Maize,Silt,DAP
55.4,20.5,45.5,7.34,2.44,26.0,89.6,1408.0,Tomato,Clay,Organic Compost
14.5,49.4,34.7,6.66,2.23,36.5,89.3,1146.0,Beans,Loamy,Urea
26.9,25.0,47.3,6.48,0.89,35.6,67.2,1795.0,Millet,Loamy,NPK 15-15-15
37.0,32.3,35.5,6.73,1.06,30.9,67.7,1449.0,Beans,Clay,Organic Compost
48.3,42.2,26.0,6.92,1.01,25.3,87.0,724.0,Maize,Clay,Organic Compost
18.5,32.6,21.8,7.71,1.59,19.2,67.7,772.0,Wheat,Sandy,NPK 20-10-10
8.4,11.4,17.0,7.55,2.09,18.7,82.7,449.0,Rice,Sandy,NPK 15-15-15
21.5,23.8,30.0,6.74,1.87,19.9,49.0,1095.0,Tomato,Silt,NPK 15-15-15
20.0,24.4,28.3,7.68,2.55,19.5,66.8,980.0,Cassava,Loamy,NPK 15-15-15
38.2,32.8,25.8,7.17,1.31,31.0,49.2,943.0,Rice,Silt,NPK 15-15-15
12.8,43.3,32.8,7.26,0.65,29.8,63.2,898.0,Sorghum,Loamy,Organic Compost
22.4,46.7,39.5,4.82,1.08,23.2,77.6,1320.0,Sorghum,Silt,NPK 20-10-10
18.2,12.5,10.7,7.52,2.53,33.1,43.4,1902.0,Rice,Sandy,NPK 15-15-15
40.4,8.2,9.3,7.31,0.75,27.4,68.9,1990.0,Maize,Silt,Superphosphate
39.9,40.3,43.0,7.75,1.96,35.2,61.3,1634.0,Maize,Clay,Organic Compost
30.7,37.6,37.2,6.4,2.21,22.2,93.1,1694.0,Wheat,Loamy,NPK 15-15-15
43.0,13.1,32.9,6.65,2.55,24.3,79.5,1927.0,Wheat,Loamy,DAP
13.2,24.4,21.6,5.67,1.47,28.7,54.6,1104.0,Wheat,Silt,Urea
44.5,23.8,28.2,6.55,2.4,30.2,55.8,459.0,Sorghum,Loamy,Potash
25.0,17.7,7.3,4.93,2.04,24.3,56.1,769.0,Beans,Sandy,Superphosphate
19.6,27.8,42.6,6.03,2.08,31.6,59.6,1800.0,Maize,Loamy,NPK 20-10-10
33.5,37.2,44.7,5.51,1.74,28.6,82.3,687.0,Maize,Clay,Organic Compost
50.6,34.1,32.8,7.8,0.64,32.5,84.2,818.0,Wheat,Clay,Organic Compost
52.4,56.7,36.5,5.79,1.17,21.9,43.1,1823.0,Tomato,Clay,Organic Compost
26.1,59.6,22.6,7.06,2.12,33.0,58.3,1423.0,Rice,Clay,Organic Compost
29.9,23.2,19.1,7.04,2.03,36.6,82.3,1166.0,Maize,Sandy,Potash
30.9,37.8,38.9,5.3,2.17,26.3,83.3,425.0,Beans,Loamy,NPK 15-15-15
30.2,18.1,50.1,4.7,0.65,34.9,77.9,1750.0,Sorghum,Loamy,DAP
54.0,21.6,58.3,6.86,2.39,29.3,74.7,1888.0,Maize,Clay,Organic Compost
48.6,53.5,40.7,6.09,0.64,30.1,85.3,576.0,Millet,Loamy,Organic Compost
26.6,36.8,17.6,6.25,0.43,34.5,77.2,1438.0,Tomato,Loamy,Potash
34.0,6.4,18.4,4.51,2.43,27.5,55.0,1110.0,Tomato,Sandy,Superphosphate
15.4,5.3,11.6,7.77,1.45,20.0,85.7,1754.0,Maize,Sandy,NPK 15-15-15
18.2,31.6,8.6,5.84,2.39,19.8,79.9,1919.0,Maize,Sandy,NPK 20-10-10
29.0,29.2,23.9,4.76,1.28,34.7,51.2,881.0,Wheat,Sandy,NPK 15-15-15
42.3,48.9,12.5,4.57,2.1,19.5,53.2,959.0,Millet,Silt,Potash
23.9,38.1,41.9,4.58,1.21,19.0,82.1,494.0,Sorghum,Loamy,NPK 15-15-15
41.7,59.6,35.4,5.62,0.65,32.6,63.4,1966.0,Rice,Clay,Organic Compost
27.0,17.9,14.4,5.39,1.61,20.8,88.6,1948.0,Cassava,Silt,Superphosphate
37.2,42.0,52.4,6.75,1.86,20.9,53.2,1784.0,Rice,Clay,Organic Compost
28.7,41.5,39.9,6.95,1.12,35.6,93.8,1858.0,Millet,Clay,Organic Compost
30.6,52.1,39.6,8.05,0.73,24.2,75.5,1056.0,Wheat,Clay,Organic Compost
29.1,18.0,6.0,7.39,1.99,28.1,73.2,989.0,Rice,Sandy,Superphosphate
36.5,61.4,61.0,5.68,0.83,33.2,82.0,451.0,Tomato,Clay,Organic Compost
10.1,26.1,13.6,5.55,1.65,23.0,60.0,1534.0,Wheat,Silt,NPK 20-10-10
37.4,26.2,50.1,4.8,0.61,18.8,45.6,1406.0,Cassava,Loamy,NPK 15-15-15
23.0,47.2,27.2,6.7,1.37,28.2,45.8,1889.0,Millet,Loamy,NPK 20-10-10
20.3,39.3,52.2,6.77,1.1,31.0,83.8,653.0,Sorghum,Clay,Potash
30.8,14.0,41.2,6.65,1.09,23.5,55.9,582.0,Cassava,Loamy,DAP
21.8,52.9,39.3,7.5,1.52,36.0,59.2,1337.0,Wheat,Clay,Organic Compost
17.7,33.4,31.8,4.6,0.6,29.3,79.4,1458.0,Cassava,Loamy,Urea
26.6,41.5,23.6,6.83,0.6,28.8,79.5,906.0,Cassava,Loamy,NPK 20-10-10
19.2,36.4,42.7,4.92,0.62,27.3,59.0,1280.0,Wheat,Silt,Urea
5.3,25.1,21.9,6.41,2.13,35.0,47.9,1731.0,Maize,Sandy,NPK 20-10-10
43.8,57.6,55.0,5.71,1.82,29.4,69.4,576.0,Millet,Clay,Urea
35.8,34.3,18.3,7.52,1.98,35.3,88.6,1732.0,Rice,Loamy,Potash
39.3,22.6,51.6,6.84,1.72,29.6,77.6,1497.0,Wheat,Loamy,DAP
49.0,39.8,16.0,6.08,1.42,37.6,92.3,523.0,Cassava,Silt,Potash
20.4,31.3,37.8,7.5,0.59,23.6,73.5,1135.0,Wheat,Loamy,NPK 15-15-15
49.8,29.9,48.7,7.89,0.87,32.4,84.0,1413.0,Rice,Clay,Organic Compost
41.1,21.7,41.9,7.61,2.31,34.3,89.5,1888.0,Rice,Silt,NPK 20-10-10
27.9,36.4,30.6,7.62,2.25,26.9,84.5,1426.0,Maize,Clay,Organic Compost
29.2,29.0,21.4,5.69,1.29,31.6,90.1,1556.0,Millet,Sandy,NPK 15-15-15
26.4,39.4,44.6,6.4,0.44,35.7,45.3,1248.0,Maize,Silt,NPK 15-15-15
25.2,47.9,33.1,6.11,1.32,25.0,88.4,1554.0,Beans,Clay,Organic Compost
17.5,6.8,14.0,5.78,0.62,21.1,41.3,1102.0,Millet,Sandy,NPK 15-15-15
19.4,9.9,7.0,7.33,2.35,24.8,65.4,861.0,Maize,Sandy,NPK 15-15-15
31.8,31.8,25.2,7.71,1.32,21.0,81.3,634.0,Wheat,Loamy,Organic Compost
52.9,40.3,50.5,6.6,0.82,29.3,80.5,520.0,Millet,Loamy,Organic Compost
24.7,31.6,38.1,5.81,0.67,27.9,47.1,555.0,Wheat,Silt,NPK 15-15-15
20.9,10.0,32.6,7.68,2.25,19.3,44.0,1154.0,Beans,Sandy,DAP
49.8,59.3,45.3,4.61,0.49,22.6,40.5,622.0,Beans,Clay,Urea
21.9,58.3,42.0,7.69,1.89,27.2,65.6,1553.0,Maize,Clay,Organic Compost
17.0,45.7,26.1,5.16,2.03,19.9,92.4,1503.0,Sorghum,Loamy,Urea
36.2,13.3,26.1,7.18,0.87,31.9,70.3,1857.0,Wheat,Loamy,DAP
44.7,28.1,20.1,6.04,1.37,22.4,83.9,1713.0,Maize,Silt,Potash
8.1,20.3,12.8,5.72,1.57,31.3,50.3,1499.0,Wheat,Sandy,NPK 20-10-10
25.1,13.8,30.1,7.42,2.34,24.8,91.3,1175.0,Sorghum,Sandy,DAP
45.1,45.3,18.2,5.06,1.39,36.8,93.1,841.0,Sorghum,Silt,DAP
28.9,50.9,28.4,7.4,2.44,21.1,70.1,1520.0,Cassava,Clay,Organic Compost
7.0,34.8,21.8,5.29,1.79,31.3,40.3,1739.0,Cassava,Sandy,Organic Compost
37.6,45.3,39.5,6.8,1.48,28.3,63.7,844.0,Rice,Loamy,NPK 20-10-10
24.1,40.0,33.7,5.33,0.74,20.5,67.2,726.0,Beans,Silt,NPK 15-15-15
33.0,26.3,20.0,6.12,0.98,18.8,87.7,1310.0,Millet,Loamy,Potash
5.4,24.6,9.2,4.77,0.46,34.9,71.4,1636.0,Tomato,Sandy,NPK 20-10-10
33.5,12.7,10.2,5.76,0.62,32.1,73.3,1492.0,Rice,Silt,Superphosphate
43.5,35.7,25.9,7.61,1.66,30.5,54.2,1725.0,Maize,Clay,Organic Compost
14.6,18.6,15.0,4.92,1.11,18.1,51.6,1422.0,Wheat,Sandy,NPK 15-15-15
53.3,14.0,39.5,6.8,1.55,23.3,67.7,1152.0,Cassava,Loamy,DAP
26.4,23.6,13.5,5.38,1.7,32.1,81.3,1263.0,Rice,Silt,Superphosphate
13.7,25.1,24.4,6.41,1.08,19.6,80.1,796.0,Beans,Sandy,NPK 20-10-10
50.6,60.3,40.2,5.84,1.54,25.8,57.0,1955.0,Beans,Clay,Organic Compost
5.6,16.1,11.0,6.66,1.28,26.3,90.8,1846.0,Wheat,Sandy,NPK 15-15-15
56.4,60.3,51.2,4.87,1.9,27.8,55.9,1826.0,Millet,Clay,Organic Compost
22.8,52.9,44.6,5.62,2.33,33.9,71.3,1955.0,Maize,Clay,Organic Compost
10.3,33.6,26.2,6.64,0.5,34.5,84.3,1608.0,Rice,Silt,Urea
34.0,44.6,38.8,6.41,1.18,31.2,42.2,445.0,Tomato,Loamy,NPK 20-10-10
14.7,25.5,32.9,4.97,1.44,36.9,92.5,1185.0,Maize,Sandy,NPK 20-10-10
53.8,61.0,33.9,5.37,0.66,26.9,58.0,1198.0,Wheat,Clay,Organic Compost
31.5,18.1,27.8,6.57,2.0,32.0,85.5,661.0,Rice,Sandy,DAP
36.9,48.3,32.6,7.78,2.18,32.0,44.1,439.0,Maize,Silt,NPK 20-10-10
21.4,5.1,8.7,7.05,0.92,25.1,85.6,919.0,Cassava,Sandy,Superphosphate
40.8,50.1,29.6,6.64,1.69,34.3,59.9,1831.0,Rice,Clay,Organic Compost
7.3,32.3,7.3,7.44,2.57,34.7,62.3,772.0,Rice,Sandy,NPK 20-10-10
19.7,19.2,23.6,7.43,0.77,24.6,80.9,1827.0,Sorghum,Sandy,NPK 20-10-10
46.3,53.8,52.2,6.92,1.95,24.2,89.4,1519.0,Beans,Loamy,Organic Compost
23.5,11.6,47.2,7.5,2.08,26.7,40.6,1952.0,Beans,Silt,DAP
30.6,11.2,10.1,6.24,1.41,35.7,94.8,815.0,Rice,Sandy,Superphosphate
18.3,29.7,7.9,5.09,0.85,19.7,43.6,1224.0,Maize,Sandy,NPK 20-10-10
20.3,18.2,38.3,5.72,1.51,32.3,89.4,699.0,Cassava,Loamy,Superphosphate
21.6,7.7,14.8,5.63,0.64,37.6,87.0,1349.0,Rice,Sandy,Superphosphate
55.5,48.5,29.8,6.99,1.53,27.9,91.1,1023.0,Maize,Clay,Organic Compost
25.7,40.6,12.8,6.35,0.54,21.9,59.7,547.0,Millet,Silt,Potash
5.1,8.0,33.2,4.51,2.5,29.5,70.5,456.0,Beans,Sandy,NPK 20-10-10
33.6,58.0,41.6,7.6,2.12,27.3,85.9,1781.0,Millet,Clay,Organic Compost
46.8,40.6,42.1,7.93,0.49,33.1,60.6,1365.0,Wheat,Loamy,Organic Compost
38.5,27.8,24.8,4.63,0.74,30.2,62.3,447.0,Maize,Loamy,NPK 15-15-15
11.9,10.0,5.3,6.83,2.09,22.6,57.9,1840.0,Maize,Sandy,NPK 15-15-15
36.8,61.4,22.4,5.59,1.56,22.9,90.8,1241.0,Sorghum,Clay,Organic Compost
14.9,46.5,28.1,7.43,1.09,20.2,74.8,821.0,Maize,Silt,Urea
13.6,27.6,16.3,5.03,0.93,31.3,46.8,1514.0,Maize,Sandy,NPK 20-10-10
24.0,26.6,37.2,6.9,2.52,37.7,57.6,731.0,Rice,Loamy,NPK 15-15-15
19.3,42.3,27.4,4.54,2.13,26.5,94.6,1620.0,Sorghum,Silt,Urea
34.4,38.4,48.8,7.5,2.46,32.2,66.4,1058.0,Wheat,Loamy,NPK 15-15-15
13.9,18.8,37.1,4.79,1.26,21.5,77.9,936.0,Maize,Silt,NPK 20-10-10
34.7,24.8,37.7,8.11,1.65,24.9,82.4,1391.0,Millet,Loamy,NPK 15-15-15
61.5,49.3,45.8,7.32,0.73,23.1,46.5,1188.0,Rice,Clay,Organic Compost
31.0,42.9,29.4,7.45,0.66,20.1,57.7,1993.0,Beans,Loamy,NPK 20-10-10
24.1,36.4,59.1,6.61,0.53,35.0,45.9,1390.0,Tomato,Clay,Organic Compost
53.8,23.1,48.5,7.85,2.07,33.5,78.6,512.0,Millet,Loamy,NPK 20-10-10
11.3,18.8,12.8,6.45,1.46,18.2,47.2,1339.0,Maize,Sandy,NPK 15-15-15
59.1,61.7,48.7,6.68,1.68,22.0,49.1,878.0,Sorghum,Clay,Organic Compost
16.1,39.7,23.7,6.65,1.28,26.8,63.4,1321.0,Maize,Silt,Urea
45.2,49.2,34.5,7.68,1.21,34.7,52.5,1738.0,Beans,Clay,Organic Compost
21.4,54.6,44.5,5.41,1.58,37.7,91.8,892.0,Rice,Clay,Organic Compost
13.6,9.3,8.8,4.59,1.8,23.4,72.2,1610.0,Sorghum,Sandy,Organic Compost
38.4,18.2,36.5,6.67,1.81,20.0,93.9,1098.0,Millet,Loamy,DAP
51.7,41.4,40.7,7.07,1.89,28.8,68.3,1162.0,Millet,Loamy,Organic Compost
25.8,40.5,46.7,6.59,1.76,25.6,49.6,1553.0,Cassava,Clay,DAP
52.1,27.8,26.4,4.96,0.95,24.8,55.4,798.0,Maize,Loamy,Potash
22.1,59.1,54.0,4.87,0.92,21.8,78.0,1362.0,Sorghum,Clay,Organic Compost
14.1,12.3,24.9,5.88,1.28,22.2,83.3,1374.0,Sorghum,Sandy,NPK 20-10-10
49.6,49.0,38.9,6.92,1.77,19.7,72.1,479.0,Cassava,Clay,Organic Compost
6.6,14.9,28.5,6.95,1.25,23.2,56.2,595.0,Millet,Sandy,NPK 20-10-10
21.5,34.5,16.1,7.72,2.36,20.4,94.5,1599.0,Tomato,Sandy,Potash
11.0,40.9,20.8,5.77,1.54,28.1,51.4,418.0,Cassava,Silt,Urea
50.2,36.3,35.6,7.85,0.99,25.7,59.5,712.0,Cassava,Clay,Organic Compost
12.0,37.9,12.8,5.08,2.01,30.6,59.4,792.0,Beans,Silt,NPK 20-10-10
50.5,57.7,32.1,6.22,1.87,35.4,73.5,478.0,Millet,Clay,Organic Compost
45.9,53.1,44.1,5.1,0.84,24.9,46.3,1509.0,Millet,Loamy,Organic Compost
17.9,47.5,40.3,5.69,2.12,36.4,82.3,1024.0,Rice,Silt,Urea
14.4,24.4,15.3,5.41,1.09,25.3,47.8,1382.0,Millet,Loamy,NPK 20-10-10
26.3,10.4,24.3,5.11,2.35,18.5,52.0,1448.0,Wheat,Sandy,DAP
18.3,34.1,49.6,6.87,0.79,36.3,79.3,1359.0,Cassava,Silt,Urea
32.5,37.6,27.1,6.9,0.76,34.4,49.4,1930.0,Maize,Loamy,NPK 15-15-15
26.1,25.4,47.0,7.59,1.69,25.7,70.8,1526.0,Millet,Loamy,NPK 15-15-15
28.8,24.3,30.3,7.47,1.31,33.4,73.3,1461.0,Cassava,Sandy,NPK 15-15-15
24.9,28.2,34.7,7.32,1.31,30.4,90.5,1540.0,Millet,Clay,Organic Compost
6.8,12.3,31.9,7.2,1.24,36.2,76.0,1680.0,Rice,Sandy,DAP
11.6,9.6,31.8,6.67,0.8,24.1,61.7,417.0,Sorghum,Silt,NPK 20-10-10
22.8,48.3,38.2,5.16,2.14,19.9,63.3,1607.0,Tomato,Loamy,NPK 20-10-10
33.3,43.4,44.4,4.51,0.61,21.8,40.7,1830.0,Beans,Silt,Urea
20.8,11.1,23.9,7.19,0.7,37.1,49.7,1838.0,Beans,Silt,NPK 20-10-10
52.2,47.6,28.2,4.68,1.29,29.6,86.7,778.0,Maize,Clay,Organic Compost
43.1,17.4,34.4,6.68,1.55,28.9,63.9,1978.0,Maize,Loamy,DAP
35.8,38.3,46.9,8.13,0.71,29.6,50.0,477.0,Millet,Loamy,NPK 15-15-15
37.0,25.0,39.8,8.15,2.41,35.3,68.3,745.0,Tomato,Silt,NPK 15-15-15
22.3,9.7,36.4,7.55,2.15,19.7,51.0,1950.0,Sorghum,Silt,DAP
32.7,9.4,28.7,5.29,0.97,27.8,84.2,1109.0,Wheat,Sandy,DAP
20.0,40.5,40.1,4.84,1.38,20.6,79.8,1588.0,Cassava,Silt,NPK 20-10-10
25.5,31.6,36.8,7.61,1.48,32.0,55.3,1147.0,Sorghum,Silt,Potash
35.6,58.7,31.0,8.18,0.86,30.0,58.0,1840.0,Cassava,Clay,Organic Compost
15.1,39.4,45.5,7.34,1.54,36.4,68.1,754.0,Maize,Silt,Urea
42.2,37.3,13.2,6.21,0.54,36.4,45.7,1859.0,Tomato,Silt,Potash
42.3,47.9,42.7,6.37,0.98,22.0,77.4,1040.0,Sorghum,Loamy,Organic Compost
18.5,9.0,29.0,5.7,0.63,26.6,61.4,761.0,Millet,Silt,NPK 20-10-10
53.4,42.9,19.9,6.59,1.85,28.6,73.3,1791.0,Wheat,Loamy,Potash
41.6,39.2,21.7,7.86,2.58,32.2,55.0,505.0,Wheat,Clay,Organic Compost
32.0,51.2,61.2,5.29,2.58,28.0,63.0,716.0,Sorghum,Clay,Potash
52.2,29.1,51.4,6.83,1.27,21.5,76.6,1856.0,Cassava,Clay,Organic Compost
26.3,47.2,35.0,5.77,1.14,31.2,83.1,1284.0,Cassava,Clay,Organic Compost
29.0,14.8,10.2,6.18,2.55,36.5,89.3,983.0,Cassava,Silt,Superphosphate
14.6,31.2,28.0,7.62,1.67,38.0,43.1,901.0,Cassava,Loamy,Urea
48.7,37.1,33.5,5.01,2.14,37.4,84.1,1305.0,Wheat,Silt,Potash
6.1,31.1,12.0,5.66,2.41,33.0,70.3,807.0,Wheat,Sandy,NPK 20-10-10
42.9,28.0,38.4,5.82,1.05,27.5,86.2,906.0,Beans,Clay,Organic Compost
52.5,43.7,48.6,4.81,2.02,35.8,66.0,1747.0,Cassava,Clay,Organic Compost
8.5,13.3,48.5,8.04,0.49,25.4,92.1,1285.0,Beans,Silt,NPK 20-10-10
8.1,14.9,25.8,7.94,2.12,26.2,60.5,1793.0,Cassava,Sandy,NPK 20-10-10
13.6,25.7,9.6,5.94,2.06,31.5,47.3,973.0,Beans,Sandy,NPK 20-10-10
20.6,33.9,26.4,6.75,1.81,37.1,72.5,1714.0,Tomato,Loamy,NPK 15-15-15
10.2,13.4,25.5,5.69,0.69,20.8,58.4,632.0,Wheat,Sandy,NPK 20-10-10
22.0,51.9,46.7,7.92,2.33,26.4,45.1,1731.0,Beans,Loamy,NPK 20-10-10
28.2,5.8,11.5,6.93,0.93,19.3,77.5,885.0,Rice,Sandy,Superphosphate
15.5,31.9,7.4,7.74,2.24,20.6,70.7,590.0,Maize,Sandy,NPK 20-10-10
15.4,33.8,13.2,6.73,0.93,18.4,59.3,1106.0,Wheat,Sandy,NPK 20-10-10
47.1,42.2,25.3,6.05,2.31,29.4,63.0,843.0,Millet,Silt,Potash
33.7,57.8,48.6,7.77,1.06,37.5,88.0,1418.0,Maize,Clay,Organic Compost
33.6,37.6,45.6,7.1,2.42,27.4,71.3,1065.0,Millet,Loamy,NPK 15-15-15
53.1,53.6,36.1,4.64,1.69,31.0,43.7,689.0,Sorghum,Loamy,Potash
58.8,33.6,61.2,6.99,2.05,30.0,69.9,1563.0,Wheat,Clay,Organic Compost
52.9,50.5,52.0,7.46,2.13,36.5,82.1,545.0,Tomato,Loamy,Organic Compost
19.6,41.2,51.6,4.55,2.06,27.1,85.3,1414.0,Wheat,Loamy,Urea
15.4,20.1,25.2,5.9,1.47,29.9,40.2,742.0,Tomato,Sandy,NPK 20-10-10
50.7,19.7,42.0,6.04,1.61,26.2,65.8,1504.0,Maize,Loamy,DAP
29.1,12.1,48.2,5.77,0.45,27.6,57.7,1498.0,Sorghum,Silt,DAP
16.8,30.7,6.4,6.24,2.48,26.4,94.0,1538.0,Tomato,Sandy,NPK 20-10-10
59.8,55.7,28.2,7.52,0.9,20.0,62.2,1348.0,Wheat,Clay,Organic Compost
33.7,25.1,40.9,6.84,1.01,35.9,43.4,1354.0,Sorghum,Clay,Organic Compost
35.4,9.8,11.4,6.28,2.48,19.6,86.9,1701.0,Tomato,Silt,Superphosphate
12.4,23.9,29.8,7.67,2.43,24.4,85.3,1740.0,Cassava,Silt,Urea
31.5,31.3,33.8,6.76,1.47,34.5,44.4,1796.0,Sorghum,Sandy,NPK 15-15-15
41.5,13.2,28.8,5.58,0.55,21.4,48.8,1602.0,Cassava,Loamy,DAP
21.6,43.1,21.6,6.12,1.85,37.2,43.3,755.0,Wheat,Loamy,NPK 20-10-10
21.5,27.5,18.8,6.25,2.54,21.3,61.9,1979.0,Millet,Sandy,Potash
20.4,43.1,49.8,6.81,2.58,21.6,74.6,1348.0,Maize,Silt,NPK 20-10-10
21.1,27.7,29.9,5.33,0.64,36.5,80.7,980.0,Maize,Sandy,NPK 15-15-15
26.8,20.1,42.9,4.84,2.52,22.1,80.5,1538.0,Beans,Clay,Organic Compost
17.7,30.7,13.3,7.98,2.12,22.5,46.2,508.0,Wheat,Silt,NPK 20-10-10
20.8,21.9,17.7,7.45,2.32,24.3,89.5,787.0,Tomato,Sandy,Potash
29.9,10.2,12.3,5.57,0.79,37.9,79.5,1102.0,Beans,Silt,Superphosphate
9.2,23.3,23.0,5.02,1.79,25.7,56.4,1367.0,Tomato,Silt,Urea
50.1,12.7,18.5,6.52,1.42,35.5,84.8,1246.0,Beans,Loamy,Superphosphate
35.4,37.2,29.4,5.3,0.74,21.2,61.3,1474.0,Maize,Silt,NPK 15-15-15
37.6,31.5,25.8,4.92,1.61,25.6,93.0,1588.0,Maize,Loamy,NPK 15-15-15
44.7,47.4,47.1,7.52,1.01,30.6,79.0,1735.0,Rice,Silt,Organic Compost
33.6,42.1,58.7,6.45,0.71,26.7,81.9,1958.0,Beans,Clay,Organic Compost
31.5,35.3,32.5,7.01,2.42,34.4,72.6,1256.0,Sorghum,Clay,Organic Compost
40.7,35.6,41.5,6.3,1.33,37.3,70.4,1321.0,Cassava,Silt,NPK 20-10-10
23.9,19.7,48.5,7.94,2.55,25.0,75.8,893.0,Cassava,Silt,DAP
44.5,32.1,32.3,6.06,0.45,36.0,52.2,1409.0,Cassava,Clay,NPK 20-10-10
13.9,54.9,49.4,7.65,0.85,29.4,87.7,1006.0,Cassava,Loamy,Organic Compost
16.8,15.8,37.7,5.34,1.26,26.0,78.5,445.0,Millet,Loamy,NPK 20-10-10
29.5,37.7,34.9,7.0,1.06,35.1,73.9,1136.0,Beans,Silt,NPK 15-15-15
45.9,24.0,36.9,7.95,1.61,18.8,93.2,1303.0,Rice,Loamy,Potash
16.1,17.6,19.5,7.56,0.93,31.2,79.5,1968.0,Millet,Sandy,NPK 15-15-15
52.2,52.9,45.5,5.93,2.54,29.7,52.0,1721.0,Cassava,Loamy,Organic Compost
28.3,29.5,30.7,5.1,1.14,33.8,81.9,1817.0,Maize,Sandy,NPK 15-15-15
17.3,13.8,24.3,6.33,1.65,31.4,53.2,1831.0,Rice,Sandy,Urea
13.2,25.3,47.7,7.56,1.49,26.0,42.2,1185.0,Rice,Silt,Urea
55.5,50.3,59.5,6.23,1.49,29.2,88.5,729.0,Wheat,Clay,Potash
44.9,57.3,58.1,5.9,1.91,27.8,70.6,1701.0,Sorghum,Clay,Organic Compost
48.7,32.8,32.5,4.96,2.49,34.7,80.2,1269.0,Tomato,Clay,NPK 15-15-15
28.2,50.0,43.0,5.54,1.4,29.5,78.6,1592.0,Beans,Clay,Organic Compost
40.9,22.6,37.2,6.77,1.14,21.4,72.1,1632.0,Maize,Silt,Potash
56.5,52.0,25.4,6.4,2.56,23.2,42.0,1229.0,Cassava,Clay,Organic Compost
47.6,26.1,41.5,7.15,1.88,18.6,79.9,1644.0,Beans,Silt,Superphosphate
31.9,45.2,42.0,7.46,0.45,30.9,57.5,1001.0,Beans,Loamy,NPK 20-10-10
43.0,22.5,18.7,8.02,0.93,24.6,88.5,1070.0,Sorghum,Loamy,Potash
53.1,50.9,31.5,6.75,0.53,22.6,84.6,1916.0,Wheat,Clay,Organic Compost
25.0,7.2,21.7,6.99,2.08,32.2,58.1,1328.0,Tomato,Sandy,DAP
25.3,11.8,31.0,7.12,1.18,33.1,94.6,732.0,Cassava,Silt,DAP
30.2,43.5,36.1,6.79,1.86,26.2,40.7,1860.0,Maize,Clay,Organic Compost
56.2,58.3,29.3,6.29,0.58,26.9,56.9,661.0,Maize,Clay,Organic Compost
34.8,56.3,48.5,7.48,0.91,29.2,56.1,1124.0,Rice,Clay,Organic Compost
34.8,37.3,17.5,4.58,0.6,35.7,94.2,634.0,Cassava,Loamy,Potash
37.6,25.2,53.1,5.18,1.46,22.4,62.1,721.0,Maize,Loamy,NPK 20-10-10
36.2,25.0,14.6,8.09,1.15,32.8,89.7,1296.0,Maize,Silt,Potash
22.1,23.0,48.2,7.9,2.07,24.2,46.2,725.0,Tomato,Clay,Organic Compost
35.4,54.8,55.0,5.3,2.51,24.2,85.8,777.0,Millet,Loamy,NPK 20-10-10
39.2,61.4,34.9,5.86,1.65,33.9,41.1,1415.0,Millet,Clay,Organic Compost
23.7,20.4,32.8,6.89,1.34,20.3,67.0,1717.0,Rice,Clay,Organic Compost
31.2,23.4,28.5,7.36,1.35,34.8,73.8,1051.0,Sorghum,Silt,NPK 15-15-15
29.1,43.9,52.0,6.68,2.46,19.6,91.6,1491.0,Beans,Loamy,NPK 20-10-10
38.7,18.5,9.4,5.25,0.63,21.4,69.1,1253.0,Wheat,Silt,Superphosphate
5.5,31.7,34.7,8.0,0.98,35.6,80.8,1175.0,Tomato,Sandy,NPK 20-10-10
22.5,11.4,12.7,7.58,1.8,32.3,59.7,1877.0,Rice,Sandy,Superphosphate
27.8,31.1,53.1,5.73,1.11,25.7,58.0,1236.0,Maize,Clay,Organic Compost
33.0,23.1,34.5,5.85,0.84,36.1,85.0,1022.0,Beans,Sandy,NPK 15-15-15
38.2,55.1,36.4,6.28,0.81,32.6,74.5,636.0,Maize,Clay,Organic Compost
38.4,12.9,37.1,5.45,2.4,34.4,70.8,876.0,Maize,Loamy,DAP
36.0,26.2,46.4,7.69,0.57,35.9,62.2,445.0,Wheat,Clay,Potash
13.1,19.1,26.9,6.05,0.83,34.8,51.3,1560.0,Wheat,Sandy,NPK 20-10-10
38.7,59.0,25.1,6.49,1.95,35.3,75.7,1459.0,Tomato,Clay,Organic Compost
30.4,36.3,19.3,5.93,1.91,25.9,90.0,1310.0,Wheat,Silt,Potash
53.7,54.8,40.8,5.28,1.59,20.0,43.1,885.0,Beans,Loamy,Organic Compost
27.4,26.4,27.8,5.83,2.59,29.6,51.5,1478.0,Cassava,Sandy,NPK 15-15-15
19.2,32.6,11.1,7.52,1.73,31.3,71.7,1980.0,Sorghum,Silt,Potash
36.2,33.3,38.3,8.13,1.47,34.0,67.4,1584.0,Cassava,Silt,NPK 15-15-15
48.5,36.8,36.7,6.42,0.55,25.2,42.7,1584.0,Cassava,Silt,Potash
41.0,57.8,24.5,5.82,0.66,28.0,69.3,1027.0,Wheat,Clay,Organic Compost
8.3,28.9,11.4,7.18,1.36,22.4,45.5,1723.0,Cassava,Sandy,NPK 20-10-10
20.7,26.8,22.0,8.19,0.93,25.8,88.5,706.0,Beans,Sandy,NPK 15-15-15
34.8,29.0,7.1,6.6,1.91,24.1,77.2,1857.0,Beans,Sandy,Potash
27.8,13.9,25.0,6.37,1.74,27.8,62.8,483.0,Cassava,Sandy,DAP
27.2,38.9,43.1,6.73,2.38,36.6,87.9,1073.0,Beans,Loamy,NPK 15-15-15
42.0,21.8,55.2,7.78,1.79,29.6,61.3,1965.0,Cassava,Clay,Organic Compost
48.4,43.1,21.7,6.57,1.69,35.5,70.1,1069.0,Rice,Silt,Potash
14.2,39.8,15.5,5.47,1.93,32.2,85.9,1265.0,Beans,Loamy,NPK 20-10-10
16.5,26.7,15.2,6.52,1.54,23.2,66.7,1366.0,Sorghum,Silt,NPK 20-10-10
48.1,41.7,16.9,6.26,1.23,37.9,79.7,1438.0,Rice,Silt,Potash
47.1,26.9,8.6,6.34,1.76,23.8,63.4,842.0,Rice,Silt,Potash
27.3,41.9,13.4,7.42,1.51,25.3,71.7,961.0,Beans,Silt,Potash
29.7,38.1,25.8,4.52,1.05,29.2,81.8,1920.0,Millet,Clay,Organic Compost
39.9,20.9,36.8,6.17,1.01,24.0,58.8,679.0,Wheat,Loamy,NPK 15-15-15
50.2,44.5,29.5,5.69,2.43,26.4,46.2,1429.0,Cassava,Clay,Organic Compost
28.7,20.5,44.6,6.11,1.29,36.5,54.4,1338.0,Cassava,Clay,Organic Compost
44.4,36.1,27.1,7.86,1.23,27.2,75.6,1350.0,Cassava,Loamy,Potash
37.1,30.2,29.2,5.11,1.96,37.8,56.0,720.0,Tomato,Silt,NPK 15-15-15
49.1,39.8,43.6,5.74,2.1,28.1,66.5,1297.0,Cassava,Clay,Organic Compost
14.6,27.4,18.6,7.87,0.94,33.3,73.8,1627.0,Millet,Loamy,NPK 20-10-10
33.4,19.4,22.0,4.96,2.33,23.7,47.2,786.0,Maize,Loamy,DAP
25.9,25.0,22.7,7.72,0.52,30.1,72.3,1547.0,Rice,Sandy,NPK 15-15-15
26.6,28.8,39.5,5.46,2.31,37.9,63.4,1985.0,Cassava,Loamy,NPK 15-15-15
57.9,34.1,22.5,5.18,1.99,22.7,80.3,1731.0,Wheat,Clay,Organic Compost
27.6,43.5,57.1,5.4,2.6,32.7,91.4,897.0,Beans,Clay,Organic Compost
24.1,50.9,19.3,5.83,1.78,36.2,65.4,1359.0,Beans,Loamy,Potash
51.1,50.9,56.3,5.06,0.53,30.5,66.9,1401.0,Rice,Clay,Organic Compost
31.1,41.1,20.4,4.68,1.19,26.5,63.6,783.0,Millet,Loamy,NPK 20-10-10
24.3,26.3,36.1,4.67,0.49,26.7,43.4,1594.0,Sorghum,Loamy,NPK 15-15-15
14.9,7.6,32.2,5.65,1.24,33.7,51.9,733.0,Wheat,Sandy,NPK 20-10-10
30.8,26.6,53.2,5.25,1.48,21.8,60.7,534.0,Sorghum,Clay,Urea
28.0,28.3,52.5,6.15,1.73,23.6,72.2,1069.0,Millet,Clay,Organic Compost
22.9,25.3,38.6,5.64,2.18,21.9,47.4,507.0,Maize,Clay,Organic Compost
57.8,57.3,56.7,8.11,1.28,31.2,42.3,1786.0,Beans,Clay,Organic Compost
21.7,32.7,41.3,6.38,2.49,24.2,70.8,1773.0,Tomato,Silt,NPK 15-15-15
36.2,52.7,35.1,5.42,0.68,26.5,55.7,1983.0,Rice,Clay,Organic Compost
49.2,55.6,24.7,7.06,0.66,20.9,44.3,1398.0,Tomato,Clay,Organic Compost
45.6,46.8,41.8,6.82,1.72,25.9,65.1,626.0,Wheat,Silt,Organic Compost
28.3,20.7,29.5,5.12,2.16,32.4,81.1,1495.0,Millet,Loamy,NPK 15-15-15
42.0,45.9,61.2,5.84,1.01,19.2,93.4,806.0,Cassava,Clay,Organic Compost
32.9,21.2,13.1,6.33,0.64,20.7,66.4,1750.0,Maize,Sandy,Potash
22.0,10.3,18.6,4.76,0.81,24.1,49.5,1046.0,Beans,Silt,Potash
44.9,45.4,28.5,8.14,1.0,32.9,64.4,947.0,Wheat,Loamy,Potash
40.5,13.3,50.9,5.44,1.46,25.8,92.2,669.0,Rice,Loamy,DAP
31.9,42.9,21.1,7.84,2.24,20.5,80.1,498.0,Tomato,Clay,Organic Compost
23.1,44.0,16.7,7.93,1.87,27.5,46.7,1451.0,Wheat,Silt,Potash
24.9,32.7,25.3,7.03,1.36,37.6,70.5,625.0,Cassava,Silt,NPK 15-15-15
54.7,25.1,26.8,4.52,2.35,32.2,55.5,699.0,Beans,Loamy,Potash
21.9,9.7,10.3,5.93,0.95,22.5,62.4,735.0,Maize,Sandy,Superphosphate
9.8,17.3,26.8,6.09,1.91,33.5,71.4,970.0,Sorghum,Silt,NPK 20-10-10
10.5,25.2,8.1,5.75,0.42,35.2,51.6,1462.0,Wheat,Silt,NPK 20-10-10
54.6,46.6,29.3,6.07,1.3,29.8,61.4,549.0,Beans,Clay,Organic Compost
42.3,25.1,52.2,6.93,2.25,34.5,74.2,1903.0,Tomato,Loamy,NPK 20-10-10
16.6,47.6,38.7,5.5,1.69,18.4,69.0,1618.0,Cassava,Silt,Urea
38.7,47.2,48.3,5.27,1.11,22.5,61.4,463.0,Maize,Silt,NPK 20-10-10
50.5,43.7,30.5,5.41,0.58,19.7,82.0,1907.0,Maize,Clay,Organic Compost
11.5,22.9,18.0,4.86,0.92,30.8,66.6,1855.0,Tomato,Silt,NPK 20-10-10
32.7,39.1,27.7,4.63,1.26,22.2,57.0,759.0,Tomato,Silt,NPK 15-15-15
26.2,36.3,32.0,4.93,1.28,33.9,55.1,816.0,Cassava,Clay,Organic Compost
19.9,9.3,49.6,8.11,1.87,20.5,79.8,1125.0,Sorghum,Silt,Potash
6.2,8.4,21.6,7.22,2.55,37.7,84.7,478.0,Rice,Sandy,NPK 20-10-10
39.4,18.7,40.2,5.44,1.83,32.6,55.9,1987.0,Wheat,Loamy,DAP
32.5,25.3,42.9,6.41,0.96,28.5,87.5,779.0,Wheat,Silt,NPK 15-15-15
30.9,30.5,13.2,7.45,0.97,30.4,46.7,1071.0,Millet,Sandy,Potash
18.6,39.5,46.2,6.12,2.08,37.5,78.3,1109.0,Wheat,Loamy,Urea
24.0,26.1,38.4,5.55,0.5,25.6,86.9,530.0,Maize,Clay,Organic Compost
39.3,57.4,23.2,6.66,2.05,29.5,42.2,1273.0,Rice,Clay,Organic Compost
21.6,44.5,46.7,5.26,1.81,34.1,64.0,1867.0,Cassava,Loamy,NPK 20-10-10
14.4,46.3,34.0,4.93,1.26,24.1,88.2,967.0,Rice,Silt,Superphosphate
9.5,34.8,32.2,6.42,1.94,22.0,41.1,442.0,Millet,Sandy,NPK 20-10-10
50.0,49.5,60.4,7.36,1.64,24.9,92.7,699.0,Maize,Clay,Organic Compost
34.6,7.5,34.7,5.95,1.81,31.7,70.6,1869.0,Sorghum,Sandy,DAP
42.8,52.2,56.3,5.95,0.42,33.8,47.3,849.0,Tomato,Clay,Organic Compost
55.9,31.9,33.8,7.18,0.65,31.2,41.5,1503.0,Wheat,Clay,Organic Compost
6.5,32.3,15.4,5.94,0.78,20.6,43.0,572.0,Wheat,Sandy,NPK 20-10-10
12.3,13.4,11.8,6.31,0.89,20.9,63.1,1348.0,Sorghum,Silt,NPK 15-15-15
45.0,51.9,33.8,5.95,2.56,30.1,48.3,1543.0,Cassava,Clay,Organic Compost
31.0,32.8,20.8,6.56,0.49,34.5,78.2,1492.0,Cassava,Silt,NPK 15-15-15
9.9,30.2,30.7,7.66,1.89,24.6,68.5,1251.0,Millet,Silt,Urea
23.5,30.6,14.6,7.53,0.48,34.7,57.0,1511.0,Rice,Sandy,Potash
17.6,39.7,20.9,5.7,1.82,31.8,40.3,1203.0,Maize,Silt,Urea
27.1,38.7,20.3,7.92,0.91,31.9,77.2,1541.0,Sorghum,Loamy,NPK 15-15-15
50.8,38.3,53.4,4.84,2.26,30.6,88.8,961.0,Tomato,Loamy,NPK 20-10-10
51.9,47.7,57.5,6.09,1.68,35.0,70.7,1084.0,Millet,Clay,Organic Compost
59.5,28.6,30.5,5.21,0.81,19.2,83.9,943.0,Maize,Clay,Organic Compost
46.5,30.9,12.1,6.19,2.41,36.0,57.9,1954.0,Beans,Silt,Potash
47.3,13.5,20.3,6.58,1.21,37.6,62.2,1741.0,Tomato,Silt,DAP
38.7,8.6,15.2,4.88,1.7,34.7,83.2,1325.0,Beans,Silt,Superphosphate
27.0,39.5,12.1,4.81,0.78,37.2,81.8,1858.0,Rice,Silt,Potash
10.5,26.4,48.8,4.66,2.44,23.5,43.2,677.0,Cassava,Silt,NPK 20-10-10
60.1,61.5,23.0,6.52,1.36,23.6,69.6,793.0,Tomato,Clay,Organic Compost
44.2,44.9,34.0,6.07,1.24,20.7,93.5,1481.0,Beans,Loamy,Potash
54.9,22.8,49.8,4.87,0.41,36.2,44.8,1498.0,Tomato,Loamy,NPK 20-10-10
54.6,25.9,16.0,5.4,2.52,36.7,56.1,1274.0,Cassava,Loamy,Potash
34.2,43.7,14.1,6.33,2.08,18.8,63.8,1912.0,Beans,Silt,Potash
40.5,39.3,25.1,5.64,0.8,37.8,67.8,646.0,Rice,Clay,Organic Compost
48.2,39.5,34.4,7.2,1.08,26.1,45.0,786.0,Wheat,Loamy,Superphosphate
11.8,5.2,10.9,5.64,0.71,22.3,93.7,438.0,Rice,Sandy,NPK 15-15-15
61.2,35.1,32.8,6.07,1.78,26.8,58.1,1859.0,Beans,Clay,Organic Compost
49.8,31.8,43.7,5.69,0.91,21.8,81.5,1947.0,Rice,Silt,NPK 20-10-10
26.7,12.9,16.3,4.75,1.64,37.2,76.5,1091.0,Beans,Sandy,Superphosphate
34.5,58.8,49.8,5.46,1.36,18.3,41.2,1112.0,Beans,Clay,Organic Compost
27.8,23.7,24.0,5.75,1.72,32.5,61.5,1971.0,Wheat,Loamy,NPK 15-15-15
18.6,33.2,21.2,7.26,1.55,35.3,82.1,1720.0,Cassava,Sandy,Potash
42.0,36.4,31.7,7.52,1.04,29.3,67.3,1216.0,Sorghum,Clay,Organic Compost
37.3,20.7,20.0,4.9,1.42,21.8,64.5,959.0,Beans,Loamy,Organic Compost
25.1,21.2,10.1,4.57,1.8,28.8,83.2,1271.0,Sorghum,Silt,Potash
45.3,40.8,48.0,7.74,1.43,34.8,80.2,1189.0,Wheat,Silt,Organic Compost
11.0,36.4,25.6,5.91,1.43,36.7,93.8,1961.0,Beans,Silt,Urea
27.0,42.2,33.1,5.13,1.95,18.2,87.6,1987.0,Maize,Clay,Organic Compost
41.2,41.6,40.8,7.11,2.14,35.3,41.9,1987.0,Cassava,Silt,Organic Compost
17.0,34.6,7.8,7.34,0.7,29.2,65.6,572.0,Maize,Sandy,NPK 20-10-10
33.7,29.9,40.4,6.7,1.97,24.5,75.7,1373.0,Tomato,Clay,Organic Compost
50.7,48.0,42.6,5.54,0.72,31.9,72.4,1307.0,Millet,Loamy,Organic Compost
17.7,46.4,45.0,4.97,1.71,36.2,76.7,1237.0,Maize,Silt,Urea
47.6,38.2,52.6,7.72,0.76,31.9,78.4,635.0,Rice,Clay,Organic Compost
13.7,38.7,17.9,5.36,0.68,31.7,89.9,1319.0,Wheat,Silt,NPK 20-10-10
15.0,16.6,31.2,8.18,2.46,19.9,51.1,1490.0,Maize,Silt,NPK 20-10-10
33.7,22.6,20.9,7.54,1.23,32.3,90.5,1919.0,Rice,Sandy,NPK 20-10-10
26.2,5.1,24.9,7.54,0.6,18.5,68.0,1980.0,Wheat,Sandy,DAP
49.5,32.7,30.1,6.74,1.13,22.8,61.7,1252.0,Beans,Clay,Organic Compost
26.9,12.3,18.8,4.86,1.65,30.8,61.9,750.0,Beans,Sandy,Superphosphate
26.9,25.6,21.8,5.19,2.28,30.2,77.3,1534.0,Wheat,Sandy,NPK 15-15-15
28.7,16.9,26.9,5.89,2.17,34.9,85.9,1445.0,Cassava,Sandy,DAP
35.9,60.4,54.9,5.49,1.23,35.9,53.9,531.0,Millet,Clay,NPK 15-15-15
16.9,19.2,32.9,6.05,0.71,27.8,75.9,1032.0,Tomato,Silt,NPK 20-10-10
40.0,18.1,30.8,7.86,0.75,35.5,64.6,1365.0,Maize,Loamy,DAP
27.5,52.0,26.0,5.14,0.42,35.3,86.4,1025.0,Rice,Clay,Superphosphate
19.4,18.4,21.1,5.45,2.45,30.6,58.8,1622.0,Beans,Loamy,NPK 20-10-10
19.5,18.6,27.3,4.6,1.37,22.0,82.2,928.0,Rice,Loamy,NPK 20-10-10
41.4,28.0,24.8,5.45,0.42,21.1,52.2,1453.0,Tomato,Silt,Potash
42.5,23.7,35.5,6.56,0.73,27.2,93.2,640.0,Cassava,Silt,Potash
51.3,21.6,39.0,5.48,1.06,26.1,56.0,1308.0,Maize,Clay,Organic Compost
31.2,18.7,24.4,7.45,0.64,25.6,92.2,402.0,Beans,Loamy,DAP
11.3,29.8,19.1,4.89,1.87,33.6,64.8,1543.0,Maize,Sandy,NPK 20-10-10
11.6,34.4,10.3,7.9,1.05,27.8,78.7,672.0,Wheat,Sandy,NPK 20-10-10
32.5,26.9,15.7,5.49,2.22,28.3,92.1,844.0,Maize,Loamy,Potash
23.3,33.3,35.1,6.8,0.71,35.8,88.2,1248.0,Cassava,Clay,Organic Compost
16.6,31.7,20.1,7.91,1.46,28.1,81.9,1655.0,Tomato,Silt,Urea
31.0,17.4,8.3,7.71,2.37,21.1,51.8,783.0,Sorghum,Sandy,Superphosphate
16.8,33.0,5.6,5.97,0.66,37.7,50.8,1895.0,Beans,Sandy,NPK 20-10-10
29.3,29.5,14.2,4.96,1.85,23.5,66.1,596.0,Beans,Silt,Potash
27.3,26.2,25.8,6.81,0.48,31.5,77.1,719.0,Wheat,Clay,Organic Compost
20.5,40.7,29.3,8.07,2.46,22.3,84.7,947.0,Rice,Silt,NPK 20-10-10
33.7,52.2,50.9,6.16,2.22,36.3,79.8,1517.0,Sorghum,Loamy,NPK 20-10-10
26.2,28.7,35.4,7.99,1.06,20.6,65.5,943.0,Tomato,Clay,Organic Compost
21.9,34.0,31.7,7.84,2.14,25.2,82.6,1358.0,Cassava,Sandy,NPK 15-15-15
56.3,22.8,57.7,7.13,1.12,26.0,63.8,1093.0,Sorghum,Clay,Urea
7.7,9.2,32.9,6.59,2.39,31.0,59.6,1698.0,Cassava,Sandy,NPK 20-10-10
16.0,20.8,13.7,4.82,2.36,33.8,52.2,787.0,Sorghum,Loamy,NPK 20-10-10
43.3,29.1,37.1,7.89,1.41,35.5,69.2,1083.0,Rice,Clay,Organic Compost
54.9,13.3,34.2,6.99,1.29,29.4,42.9,849.0,Beans,Loamy,DAP
48.6,57.9,22.6,6.16,1.28,37.3,78.8,1928.0,Maize,Clay,Organic Compost
48.7,13.6,51.8,6.26,2.52,18.2,45.2,520.0,Beans,Loamy,Potash
22.0,13.6,14.1,6.16,1.78,18.9,71.6,1331.0,Rice,Silt,Superphosphate
46.6,52.8,31.9,6.39,0.62,33.6,76.4,1085.0,Rice,Clay,Organic Compost
21.9,17.8,18.6,5.17,2.4,29.0,61.7,1898.0,Beans,Sandy,Superphosphate
41.8,53.6,47.6,5.91,2.18,27.6,62.3,1289.0,Rice,Loamy,NPK 20-10-10
17.0,29.6,47.6,7.81,0.8,36.9,65.7,643.0,Sorghum,Loamy,Urea
50.7,49.3,46.8,7.56,2.21,26.8,68.4,1068.0,Wheat,Clay,Organic Compost
13.9,17.7,21.9,7.46,0.7,29.2,91.6,1054.0,Beans,Sandy,DAP
21.1,42.0,31.9,7.98,2.1,34.0,73.1,623.0,Millet,Loamy,NPK 20-10-10
23.9,25.7,11.2,7.68,1.18,22.4,81.3,1403.0,Wheat,Sandy,Potash
24.4,28.0,52.2,6.5,1.35,21.0,44.9,1096.0,Millet,Clay,Organic Compost
14.5,35.0,34.9,5.75,0.88,21.9,72.3,903.0,Sorghum,Sandy,NPK 20-10-10
38.2,22.7,32.7,6.93,2.58,24.1,81.5,1369.0,Maize,Loamy,NPK 15-15-15
24.5,30.0,49.9,7.25,1.79,22.0,45.9,1578.0,Sorghum,Clay,Organic Compost
20.8,46.0,52.7,6.22,0.51,23.8,49.6,1390.0,Sorghum,Clay,Organic Compost
47.2,51.6,48.3,6.66,1.18,19.6,61.5,694.0,Wheat,Loamy,Organic Compost
32.2,25.2,42.1,6.82,1.68,36.5,55.4,930.0,Millet,Loamy,Superphosphate
29.6,10.7,20.7,5.64,2.13,30.8,43.0,660.0,Cassava,Sandy,DAP
17.0,25.0,23.7,6.24,0.46,28.6,49.2,1575.0,Wheat,Loamy,Urea
46.5,58.2,60.1,6.8,1.78,25.1,91.4,1704.0,Cassava,Clay,Organic Compost
39.2,22.7,42.5,7.89,0.65,28.4,88.8,1283.0,Wheat,Silt,NPK 15-15-15
20.8,33.3,53.6,7.79,1.74,21.1,61.2,779.0,Millet,Loamy,NPK 15-15-15
34.2,33.5,21.1,6.17,2.56,36.2,79.2,1788.0,Tomato,Silt,NPK 15-15-15
39.8,18.4,48.5,6.11,0.5,21.8,76.4,1464.0,Rice,Silt,DAP
46.6,50.3,28.5,5.26,0.48,30.1,60.5,1898.0,Sorghum,Clay,Organic Compost
34.5,35.0,35.2,6.76,1.21,21.0,49.1,1244.0,Beans,Clay,Organic Compost
21.8,31.1,49.1,7.03,0.57,22.9,52.5,1935.0,Maize,Clay,Organic Compost
14.1,37.2,30.0,7.28,0.87,18.6,46.2,1209.0,Beans,Silt,Urea
32.7,16.3,11.0,6.81,1.22,32.9,60.3,560.0,Tomato,Silt,Superphosphate
32.1,25.9,5.4,7.57,1.62,18.2,84.1,1633.0,Millet,Sandy,Potash
52.7,50.0,40.8,5.14,1.38,21.1,56.8,1796.0,Cassava,Clay,Organic Compost
13.4,33.0,43.9,7.7,0.46,33.9,89.0,646.0,Maize,Loamy,Superphosphate
17.9,16.0,32.8,5.44,1.99,28.3,65.1,1789.0,Rice,Silt,NPK 20-10-10
23.8,42.6,51.4,6.99,2.17,33.6,68.6,824.0,Maize,Clay,Organic Compost
13.8,45.5,16.6,5.12,0.82,22.2,55.2,1306.0,Cassava,Silt,NPK 20-10-10
38.1,39.9,49.0,4.71,1.09,31.7,61.1,548.0,Millet,Clay,Organic Compost
31.5,8.6,7.3,6.57,0.84,35.2,49.8,1158.0,Rice,Sandy,Superphosphate
62.0,52.2,34.1,6.24,0.74,25.9,57.3,892.0,Wheat,Clay,Organic Compost
35.4,24.9,21.8,8.02,0.63,31.1,45.0,1670.0,Millet,Clay,Organic Compost
9.0,48.5,28.3,5.05,0.68,31.6,51.4,1193.0,Maize,Silt,Urea
44.9,13.2,21.8,7.91,1.85,35.7,41.3,1805.0,Cassava,Loamy,DAP
18.3,16.6,30.9,6.95,2.02,36.3,57.2,509.0,Rice,Sandy,NPK 20-10-10
25.3,6.1,34.5,6.5,1.27,27.9,69.5,1872.0,Beans,Sandy,DAP
24.8,37.8,59.0,7.32,2.44,20.6,65.7,1240.0,Tomato,Clay,Potash
20.4,24.6,40.5,4.9,1.28,37.8,64.2,1304.0,Maize,Clay,Organic Compost
46.8,43.6,31.1,5.21,2.01,24.6,66.8,809.0,Tomato,Loamy,Potash
14.0,16.6,20.2,5.55,2.53,20.1,46.8,1406.0,Beans,Sandy,NPK 20-10-10
11.2,13.5,17.3,5.98,1.63,30.4,78.3,478.0,Rice,Silt,NPK 15-15-15
40.0,25.7,38.1,6.26,2.19,20.0,69.4,899.0,Wheat,Loamy,NPK 15-15-15
45.6,38.4,14.0,6.9,1.98,19.4,61.2,878.0,Sorghum,Loamy,Potash
28.7,42.3,51.9,5.95,2.37,31.0,46.4,1962.0,Maize,Clay,Organic Compost
14.3,19.2,5.6,7.81,0.58,21.4,69.5,1675.0,Rice,Sandy,NPK 15-15-15
20.7,49.4,31.4,4.99,0.41,37.3,80.4,949.0,Wheat,Clay,Organic Compost
58.3,42.5,59.4,7.3,1.6,25.6,91.5,712.0,Beans,Clay,Organic Compost
9.0,6.8,14.3,7.46,0.81,34.6,94.7,1241.0,Rice,Sandy,NPK 15-15-15
39.3,32.0,48.2,5.35,1.21,21.1,71.8,663.0,Tomato,Clay,Organic Compost
42.7,31.5,45.3,7.77,1.43,25.4,79.6,1945.0,Cassava,Loamy,NPK 20-10-10
12.2,54.2,46.3,8.0,0.64,19.0,64.0,495.0,Tomato,Loamy,Superphosphate
7.9,16.0,20.0,4.88,1.81,30.2,56.2,886.0,Millet,Sandy,NPK 20-10-10
32.2,11.1,10.4,7.68,1.74,33.3,71.7,1957.0,Cassava,Sandy,Urea
12.7,36.2,21.2,7.41,0.67,22.6,43.6,1989.0,Rice,Silt,Urea
24.4,18.2,32.5,5.0,0.46,21.1,91.6,1887.0,Wheat,Sandy,Superphosphate
20.2,20.7,22.8,7.11,2.47,19.4,47.9,1148.0,Rice,Clay,Organic Compost
28.4,25.9,30.5,7.61,1.41,36.4,86.3,1246.0,Rice,Clay,Organic Compost
24.2,33.2,23.6,6.32,1.84,20.7,56.2,804.0,Sorghum,Sandy,NPK 15-15-15
24.0,31.2,25.9,7.5,0.71,19.3,60.4,610.0,Sorghum,Sandy,NPK 15-15-15
59.4,23.7,59.7,7.19,2.17,27.9,60.0,1559.0,Wheat,Clay,Organic Compost
37.7,22.6,29.2,6.63,0.88,18.2,43.8,441.0,Beans,Loamy,NPK 15-15-15
31.1,31.5,12.5,4.6,0.96,19.0,51.3,456.0,Rice,Loamy,NPK 20-10-10
38.7,53.9,22.4,5.5,1.78,21.5,68.6,1509.0,Beans,Clay,Organic Compost
9.9,31.3,6.6,6.17,1.43,19.7,57.4,1644.0,Maize,Sandy,NPK 20-10-10
48.5,10.2,8.6,5.48,0.61,19.7,62.6,1443.0,Beans,Silt,Superphosphate
44.0,50.1,45.9,6.22,1.37,33.6,52.7,697.0,Wheat,Clay,NPK 15-15-15
35.9,30.0,11.6,8.17,1.22,18.1,73.3,412.0,Cassava,Silt,Potash
33.8,34.1,24.4,6.06,1.5,21.0,77.3,910.0,Sorghum,Clay,Potash
32.3,18.8,33.8,6.77,0.49,21.4,69.2,414.0,Tomato,Sandy,DAP
14.6,30.2,32.7,5.44,1.44,24.3,55.7,415.0,Rice,Sandy,NPK 20-10-10
45.8,20.3,9.5,7.28,1.95,23.7,84.8,1613.0,Tomato,Silt,Superphosphate
27.0,27.1,35.7,5.09,2.23,26.9,87.9,1276.0,Cassava,Clay,Organic Compost
15.7,13.7,20.6,6.98,2.3,21.1,44.6,1755.0,Sorghum,Silt,NPK 20-10-10
8.4,16.4,9.8,7.06,0.55,33.0,77.7,453.0,Maize,Silt,NPK 15-15-15
47.8,18.3,36.1,6.16,1.13,26.5,78.3,573.0,Beans,Silt,DAP
23.3,32.5,5.8,6.6,1.93,24.8,46.8,544.0,Beans,Sandy,Potash
14.2,47.7,46.6,7.26,1.6,28.3,70.2,1636.0,Rice,Loamy,Urea
34.6,48.7,43.1,7.95,1.01,32.4,79.1,1609.0,Rice,Clay,Organic Compost
40.8,42.3,26.7,4.76,1.6,27.6,91.1,1484.0,Beans,Silt,Potash
46.7,58.4,22.8,7.73,2.17,37.9,47.5,1748.0,Tomato,Clay,Organic Compost
12.5,9.5,13.6,7.89,1.84,29.4,88.0,1838.0,Wheat,Sandy,NPK 15-15-15
54.4,21.3,43.4,5.95,0.54,19.8,63.6,1913.0,Beans,Clay,Organic Compost
28.9,29.9,55.4,5.57,1.83,18.0,41.5,1160.0,Millet,Clay,Organic Compost
53.1,22.7,47.7,6.99,1.37,27.2,40.1,1255.0,Wheat,Clay,Organic Compost
12.5,33.8,43.9,4.96,2.0,27.6,40.5,1183.0,Rice,Silt,Urea
39.6,38.9,34.4,5.9,1.45,19.6,75.6,971.0,Beans,Clay,Organic Compost
57.2,31.8,59.3,6.94,1.77,29.1,51.2,412.0,Tomato,Clay,Organic Compost
55.6,23.2,33.1,6.27,1.47,21.7,77.5,1175.0,Beans,Clay,Organic Compost
32.3,29.8,17.4,7.5,1.8,27.1,68.1,1278.0,Maize,Sandy,Potash
41.0,11.6,36.9,7.75,1.36,33.5,87.5,853.0,Rice,Silt,DAP
58.1,49.2,27.7,5.98,1.68,25.4,50.6,1698.0,Sorghum,Clay,Organic Compost
14.8,14.4,12.0,6.92,2.39,35.1,54.3,938.0,Millet,Silt,NPK 15-15-15
48.2,29.1,54.2,6.41,0.74,33.0,84.5,1768.0,Wheat,Clay,Organic Compost
22.2,60.3,39.6,7.32,0.95,22.2,66.5,1373.0,Cassava,Clay,Organic Compost
17.5,5.3,12.2,7.36,2.19,32.7,47.7,627.0,Maize,Sandy,NPK 15-15-15
13.0,21.5,32.9,6.75,0.6,25.5,60.7,613.0,Rice,Loamy,Urea
8.4,13.2,5.3,7.42,1.32,37.6,67.2,509.0,Beans,Sandy,NPK 15-15-15
11.0,10.5,33.0,8.18,1.98,21.4,50.9,1466.0,Millet,Sandy,Organic Compost
21.2,23.5,34.1,4.85,2.42,24.1,88.5,1485.0,Sorghum,Sandy,NPK 15-15-15
22.9,24.6,31.7,6.18,0.65,19.6,57.8,1772.0,Rice,Sandy,NPK 15-15-15
32.0,18.4,45.1,5.95,1.46,37.2,83.8,1622.0,Tomato,Silt,DAP
34.6,38.2,53.5,7.35,2.42,19.4,64.3,1729.0,Rice,Clay,Organic Compost
28.9,6.5,15.9,7.04,0.75,34.8,61.9,1010.0,Rice,Sandy,Superphosphate
18.1,20.3,7.9,5.67,1.57,36.4,65.8,1294.0,Maize,Sandy,NPK 20-10-10
9.4,19.3,23.7,5.67,0.58,33.1,78.5,1853.0,Wheat,Sandy,NPK 20-10-10
20.7,33.1,25.6,4.91,2.11,22.5,84.4,1984.0,Rice,Sandy,NPK 15-15-15
52.8,53.5,48.3,6.22,2.29,31.3,87.5,935.0,Rice,Clay,Organic Compost
25.6,9.0,9.8,7.58,1.66,22.6,58.3,1708.0,Wheat,Sandy,Superphosphate
41.4,60.1,52.0,7.15,2.06,36.9,54.1,455.0,Tomato,Clay,Organic Compost
49.4,26.5,34.3,6.72,0.76,30.0,44.1,1563.0,Rice,Clay,Organic Compost
8.6,35.1,36.8,7.73,2.0,31.5,63.1,516.0,Tomato,Silt,Urea
40.3,15.2,14.6,6.6,2.42,32.5,78.5,1671.0,Maize,Loamy,Superphosphate
19.3,33.5,26.4,5.62,1.2,30.8,66.1,649.0,Maize,Sandy,NPK 20-10-10
20.7,36.0,50.8,5.17,2.27,29.4,62.4,1979.0,Rice,Clay,Organic Compost
62.0,39.3,35.2,7.71,0.42,27.3,75.4,1697.0,Maize,Clay,Organic Compost
36.3,35.4,8.4,5.61,1.43,30.7,77.4,1270.0,Cassava,Silt,Potash
10.0,26.9,11.4,5.12,1.79,28.3,92.1,1333.0,Maize,Sandy,NPK 20-10-10
56.2,33.3,37.5,6.36,2.5,23.2,77.7,1529.0,Maize,Clay,NPK 15-15-15
6.2,9.4,7.3,5.44,1.93,21.0,61.7,1317.0,Cassava,Sandy,NPK 15-15-15
21.7,26.0,19.3,5.84,2.27,34.7,54.9,1546.0,Maize,Sandy,Potash
6.9,5.0,9.4,4.94,0.62,26.1,79.7,1133.0,Wheat,Sandy,NPK 15-15-15
47.6,33.9,33.0,8.0,1.37,26.9,44.0,1874.0,Maize,Clay,Organic Compost
40.9,50.1,49.8,5.07,0.64,35.8,55.1,1738.0,Tomato,Loamy,Organic Compost
10.3,34.2,6.9,6.44,1.98,26.4,56.3,652.0,Maize,Sandy,NPK 20-10-10
25.3,9.4,24.4,6.76,1.76,19.9,54.4,1576.0,Beans,Silt,DAP
7.6,31.2,18.1,7.22,0.94,35.4,54.7,1510.0,Sorghum,Sandy,NPK 20-10-10
20.2,48.1,31.0,6.04,0.64,20.9,60.3,469.0,Maize,Loamy,NPK 20-10-10
50.5,47.2,39.8,5.25,2.1,37.8,79.1,1562.0,Rice,Clay,Organic Compost
11.5,11.5,26.8,5.43,1.82,36.6,63.6,602.0,Cassava,Silt,NPK 20-10-10
31.9,35.5,50.8,7.87,1.81,21.1,49.2,879.0,Cassava,Loamy,NPK 15-15-15
40.1,48.3,22.3,7.02,1.0,31.1,41.6,1376.0,Millet,Loamy,Potash
56.3,22.3,47.5,6.05,0.46,30.8,48.8,1195.0,Maize,Clay,Organic Compost
16.8,39.1,20.5,5.64,0.84,20.5,40.2,1170.0,Wheat,Loamy,Urea
27.2,57.3,58.3,8.06,1.78,18.3,47.0,752.0,Wheat,Clay,Organic Compost
19.6,19.6,53.1,4.84,0.44,18.5,70.7,755.0,Maize,Loamy,NPK 20-10-10
32.1,9.8,14.4,7.01,1.56,29.7,65.6,1713.0,Cassava,Sandy,Superphosphate
15.6,15.9,17.7,7.24,1.72,20.1,88.0,1982.0,Beans,Silt,NPK 15-15-15
34.0,36.9,20.4,4.63,1.47,35.5,53.6,991.0,Wheat,Loamy,NPK 15-15-15
31.9,21.8,48.4,7.08,0.63,18.9,73.9,831.0,Sorghum,Silt,NPK 15-15-15
44.4,26.9,20.7,5.0,1.89,18.3,77.5,1930.0,Tomato,Silt,Potash
22.4,34.3,39.2,6.89,1.06,31.0,79.8,648.0,Tomato,Clay,Organic Compost
34.7,28.3,27.8,4.57,1.33,24.2,82.5,1453.0,Tomato,Sandy,NPK 15-15-15
16.3,25.5,37.9,5.59,0.66,18.3,89.9,757.0,Maize,Loamy,Urea
30.3,33.3,29.0,4.86,2.33,36.4,81.5,573.0,Wheat,Loamy,NPK 15-15-15
47.6,41.6,26.3,6.37,2.15,19.2,61.6,483.0,Maize,Silt,Potash
27.5,61.1,56.9,6.38,2.43,21.7,82.1,1637.0,Cassava,Clay,Organic Compost
31.8,47.0,33.6,4.98,2.28,34.0,56.4,413.0,Cassava,Clay,Organic Compost
25.6,17.1,30.7,5.47,2.48,30.9,81.2,1264.0,Sorghum,Sandy,DAP
18.6,12.9,13.1,7.5,1.66,20.1,91.1,630.0,Rice,Sandy,NPK 15-15-15
47.5,39.4,28.4,5.25,1.59,18.7,68.8,677.0,Tomato,Loamy,Potash
27.8,22.7,20.0,6.93,0.89,36.5,43.9,950.0,Cassava,Sandy,Superphosphate
22.4,48.0,60.2,4.9,0.89,23.5,77.4,1018.0,Wheat,Clay,Organic Compost
13.0,19.5,25.8,6.85,1.9,30.8,43.4,991.0,Maize,Loamy,NPK 20-10-10
36.9,30.3,12.4,6.57,0.98,25.0,72.9,1166.0,Beans,Loamy,Potash
52.1,40.8,46.0,4.85,1.74,19.1,82.4,417.0,Tomato,Clay,Organic Compost
42.4,22.5,34.6,7.62,0.87,18.5,81.4,1526.0,Rice,Loamy,Potash
37.5,21.6,36.0,4.85,2.59,37.6,71.2,1167.0,Millet,Clay,Organic Compost
17.7,21.1,40.2,8.01,1.13,20.3,81.7,729.0,Wheat,Loamy,Potash
42.9,38.5,22.2,4.55,1.32,30.1,88.2,1355.0,Tomato,Clay,Organic Compost
26.6,45.7,34.9,5.08,1.28,32.7,44.3,613.0,Rice,Clay,Organic Compost
14.5,33.3,34.6,4.81,2.0,20.3,81.7,787.0,Sorghum,Silt,Urea
35.8,19.3,48.6,5.94,1.29,22.0,43.2,1711.0,Tomato,Silt,DAP
52.9,24.5,46.0,5.84,2.24,25.8,92.5,998.0,Cassava,Clay,NPK 15-15-15
25.8,40.2,32.1,6.51,1.85,36.0,55.8,1217.0,Sorghum,Clay,Organic Compost
15.8,7.6,10.7,4.64,1.75,28.1,56.5,1919.0,Sorghum,Sandy,NPK 15-15-15
35.4,46.1,33.0,7.95,0.96,21.9,75.0,921.0,Beans,Clay,Organic Compost
10.6,9.2,20.7,7.48,2.43,36.1,91.2,878.0,Wheat,Silt,NPK 20-10-10
26.2,32.3,9.9,6.28,1.39,36.2,88.7,1778.0,Cassava,Sandy,Potash
54.9,17.6,51.2,6.54,0.99,29.4,67.3,1265.0,Beans,Loamy,DAP
36.4,10.6,40.4,6.52,2.32,31.0,94.6,1588.0,Maize,Silt,DAP
46.6,40.9,38.2,7.57,2.42,27.1,41.7,1807.0,Millet,Clay,NPK 20-10-10
33.9,35.2,46.9,7.67,1.98,26.7,82.4,1434.0,Cassava,Clay,Organic Compost
33.0,45.8,41.5,7.49,2.57,37.4,90.5,1607.0,Maize,Loamy,NPK 20-10-10
14.0,41.9,15.3,6.4,2.38,33.7,57.4,774.0,Cassava,Silt,NPK 20-10-10
27.9,28.0,5.1,7.09,1.85,26.0,94.9,1118.0,Millet,Sandy,Superphosphate
23.5,35.0,18.1,6.62,2.25,32.2,90.1,1423.0,Wheat,Sandy,Potash
17.5,26.8,31.9,7.46,1.05,27.9,52.3,999.0,Millet,Loamy,Urea
58.0,50.7,25.1,7.99,0.74,19.1,42.4,848.0,Cassava,Clay,Organic Compost
19.9,45.0,46.0,7.85,2.12,31.2,72.4,1990.0,Rice,Silt,Urea
6.9,7.6,22.6,7.67,2.38,18.6,55.6,1769.0,Wheat,Sandy,NPK 20-10-10
39.2,53.1,52.6,7.68,0.45,24.2,56.7,814.0,Rice,Clay,Organic Compost
17.0,18.1,14.4,8.13,1.66,27.3,53.2,809.0,Tomato,Sandy,NPK 15-15-15
26.0,20.0,54.8,5.84,0.82,32.8,89.7,1611.0,Rice,Loamy,DAP
25.7,33.0,16.4,5.56,1.52,19.5,80.4,1061.0,Beans,Loamy,Potash
49.9,46.7,49.6,5.36,1.78,28.4,44.1,489.0,Tomato,Clay,Organic Compost
45.2,44.9,31.6,6.09,1.25,36.9,77.9,958.0,Sorghum,Loamy,Potash
44.2,58.4,45.5,7.85,1.57,33.3,69.0,1305.0,Rice,Clay,Organic Compost
22.8,48.7,41.9,7.18,0.42,23.8,71.2,1142.0,Cassava,Clay,Organic Compost
37.0,37.5,36.0,7.98,0.85,32.3,50.0,472.0,Cassava,Clay,Organic Compost
14.9,21.3,23.9,6.97,1.73,35.9,50.1,1586.0,Beans,Sandy,NPK 20-10-10
40.7,33.8,19.6,6.0,2.33,27.6,56.1,1994.0,Millet,Silt,Potash
20.6,53.6,25.4,7.69,2.32,18.4,80.4,1269.0,Beans,Loamy,NPK 20-10-10
8.8,9.2,5.8,5.47,1.84,23.6,60.9,1342.0,Rice,Sandy,NPK 15-15-15
27.5,43.3,26.8,7.13,2.45,24.7,67.2,798.0,Cassava,Loamy,NPK 20-10-10
42.1,40.8,25.4,5.14,0.96,28.0,93.3,1486.0,Cassava,Silt,Potash
55.1,38.6,48.7,4.93,2.56,21.2,86.9,1163.0,Cassava,Clay,Organic Compost
29.4,33.0,25.3,6.22,2.55,27.1,48.8,1178.0,Wheat,Silt,NPK 15-15-15
25.1,23.6,28.0,6.25,1.14,21.7,58.7,1064.0,Maize,Loamy,NPK 15-15-15
43.8,47.5,22.8,6.78,0.8,30.4,90.5,1794.0,Rice,Loamy,Potash
25.8,38.7,36.7,7.0,0.63,18.9,79.9,1363.0,Maize,Clay,Organic Compost
31.1,46.0,48.0,7.26,2.45,19.4,47.0,1666.0,Cassava,Loamy,NPK 20-10-10
42.4,28.6,34.3,4.79,0.48,31.2,72.6,1521.0,Maize,Clay,Organic Compost
28.2,25.2,37.7,6.52,1.99,27.2,92.1,1184.0,Sorghum,Loamy,Superphosphate
27.9,20.0,14.2,6.54,1.89,30.5,62.4,1011.0,Sorghum,Sandy,Superphosphate
36.2,47.8,37.4,5.97,0.67,28.3,94.4,1769.0,Maize,Clay,Organic Compost
42.6,46.3,17.2,6.34,2.28,34.4,88.6,1933.0,Cassava,Silt,Potash
26.7,42.1,23.1,6.05,1.55,31.9,51.8,1804.0,Sorghum,Clay,NPK 15-15-15
56.4,42.0,26.0,4.86,1.97,20.5,43.3,1117.0,Tomato,Clay,Organic Compost
30.8,43.9,24.4,7.91,2.55,29.0,50.3,486.0,Maize,Silt,NPK 20-10-10
16.5,23.7,47.1,8.06,0.85,28.1,84.3,1556.0,Maize,Silt,Urea
54.2,45.4,40.6,7.53,2.08,21.9,67.8,1347.0,Rice,Clay,Organic Compost
19.5,16.0,47.1,6.53,0.95,26.4,41.6,406.0,Beans,Silt,NPK 20-10-10
43.5,12.2,41.4,7.31,0.91,21.1,78.8,1308.0,Beans,Loamy,DAP
54.0,23.9,41.5,5.52,1.03,33.5,75.7,1820.0,Tomato,Clay,Organic Compost
26.1,55.8,46.0,7.87,1.79,20.7,71.0,1919.0,Cassava,Clay,Organic Compost
47.1,43.9,27.7,5.1,0.72,28.7,90.2,1203.0,Tomato,Clay,Organic Compost
50.1,54.4,42.5,6.41,2.41,28.5,59.0,699.0,Rice,Loamy,Organic Compost
16.7,11.2,20.3,7.2,1.75,33.5,84.5,617.0,Sorghum,Sandy,NPK 20-10-10
43.8,36.5,34.3,7.84,2.14,19.1,74.5,1192.0,Tomato,Loamy,Potash
31.3,14.8,35.0,7.52,2.17,29.8,85.6,802.0,Millet,Sandy,DAP
17.9,22.0,27.7,5.19,2.55,27.4,78.1,1851.0,Wheat,Sandy,NPK 20-10-10
60.3,44.2,30.7,6.54,0.66,32.5,52.9,1064.0,Millet,Clay,Organic Compost
50.2,33.4,59.6,4.52,1.4,27.3,72.1,592.0,Beans,Clay,Organic Compost
16.5,21.9,5.1,6.8,0.85,33.2,55.8,1362.0,Beans,Sandy,NPK 20-10-10
15.7,20.1,21.1,4.91,1.59,27.8,49.4,1395.0,Beans,Sandy,NPK 20-10-10
34.4,27.7,46.0,6.49,0.94,32.8,63.3,1735.0,Maize,Silt,NPK 15-15-15
20.0,8.1,16.8,6.59,1.76,25.5,48.6,912.0,Cassava,Sandy,NPK 15-15-15
30.2,6.6,21.1,5.19,2.34,31.7,54.9,1330.0,Beans,Sandy,DAP
33.3,40.1,30.5,4.99,0.82,24.6,81.8,1973.0,Millet,Clay,Organic Compost
18.4,8.5,22.9,5.95,1.08,25.4,68.1,1198.0,Beans,Sandy,NPK 20-10-10
29.7,45.7,24.6,6.5,1.8,26.6,83.7,454.0,Rice,Silt,NPK 20-10-10
33.2,7.9,29.3,4.85,1.36,28.9,83.4,650.0,Sorghum,Sandy,DAP
33.5,34.5,32.8,5.79,0.83,26.4,51.7,1885.0,Beans,Sandy,NPK 15-15-15
46.6,20.6,28.9,6.2,2.24,27.7,59.4,599.0,Sorghum,Silt,Potash
23.1,40.6,31.9,4.66,0.5,19.2,62.8,1712.0,Millet,Loamy,NPK 20-10-10
55.5,43.5,58.8,5.63,1.52,28.9,49.6,1199.0,Sorghum,Clay,Organic Compost
47.0,42.1,35.6,5.91,2.28,37.3,59.5,1134.0,Sorghum,Clay,Organic Compost
12.2,15.7,9.2,4.53,0.81,18.9,53.3,976.0,Beans,Sandy,Potash
9.0,30.7,26.4,7.35,0.89,36.8,52.7,435.0,Beans,Sandy,NPK 20-10-10
7.4,29.3,21.8,7.93,1.69,19.3,69.5,526.0,Maize,Sandy,NPK 20-10-10
27.0,38.2,44.3,7.98,1.78,31.5,62.1,760.0,Tomato,Loamy,NPK 15-15-15
31.2,25.0,33.7,6.99,1.78,18.3,73.5,516.0,Tomato,Sandy,NPK 15-15-15
24.4,31.1,19.2,6.28,1.61,24.7,54.9,571.0,Sorghum,Sandy,Potash
49.2,20.1,37.5,7.21,1.27,26.2,72.9,511.0,Wheat,Silt,NPK 15-15-15
61.9,32.6,35.7,6.85,1.91,25.7,46.7,509.0,Wheat,Clay,DAP
31.7,20.9,47.7,5.81,1.6,35.3,60.0,746.0,Maize,Clay,Organic Compost
21.7,50.8,17.4,5.72,0.68,19.2,60.8,1716.0,Wheat,Loamy,Superphosphate
50.5,60.5,31.6,6.19,1.61,22.6,42.5,509.0,Tomato,Clay,Organic Compost
20.4,6.9,25.6,5.07,0.47,23.0,77.7,583.0,Rice,Sandy,DAP
14.2,7.7,32.3,5.36,1.79,31.8,69.3,1335.0,Maize,Sandy,NPK 20-10-10
54.6,52.6,29.4,7.4,1.9,26.7,66.7,1226.0,Wheat,Clay,Organic Compost
55.6,54.5,58.4,7.74,0.45,25.3,60.6,1499.0,Tomato,Clay,Organic Compost
46.0,43.8,55.7,7.42,0.75,27.7,94.5,1533.0,Sorghum,Clay,Organic Compost
38.7,40.5,42.4,5.58,2.17,37.8,71.7,1357.0,Wheat,Silt,NPK 20-10-10
5.2,11.5,9.6,6.95,0.49,37.4,90.6,905.0,Rice,Sandy,NPK 15-15-15
56.1,48.9,23.9,7.14,1.81,34.1,82.1,1572.0,Cassava,Clay,Organic Compost
28.4,27.1,8.7,8.1,2.33,28.7,89.5,1261.0,Millet,Sandy,Potash
36.3,50.2,53.7,7.83,1.78,23.8,83.0,548.0,Millet,Clay,Organic Compost
56.8,36.6,51.7,6.59,1.78,31.7,48.6,1584.0,Tomato,Clay,NPK 20-10-10
49.4,18.5,25.1,6.61,1.45,32.1,77.2,987.0,Beans,Silt,DAP
23.6,26.2,23.5,4.79,2.06,27.5,47.2,705.0,Millet,Sandy,NPK 15-15-15
37.9,14.4,46.5,7.08,1.53,34.5,82.2,1205.0,Cassava,Loamy,DAP
29.1,23.5,17.7,6.2,1.26,21.7,95.0,483.0,Millet,Silt,Potash
7.2,15.2,23.4,5.07,2.03,25.0,47.8,1506.0,Tomato,Sandy,NPK 20-10-10
26.3,26.2,41.2,6.89,2.28,33.4,91.5,959.0,Sorghum,Silt,NPK 15-15-15
47.1,46.8,30.5,6.3,0.57,21.5,64.3,898.0,Rice,Loamy,Potash
39.6,42.1,28.6,7.55,2.41,21.0,85.7,444.0,Millet,Silt,NPK 20-10-10
25.1,19.7,11.3,6.84,2.31,33.9,56.3,1843.0,Maize,Sandy,Superphosphate
16.4,52.2,27.0,6.12,2.24,31.8,70.5,1486.0,Beans,Loamy,Urea
27.8,33.4,13.5,5.34,0.9,28.8,52.4,764.0,Millet,Silt,Potash
13.4,12.5,20.1,5.8,2.56,34.1,61.5,592.0,Cassava,Sandy,NPK 20-10-10
27.2,16.2,34.2,6.87,1.12,20.9,71.0,1302.0,Rice,Silt,DAP
21.5,29.1,34.7,7.06,2.26,22.4,87.4,562.0,Rice,Silt,Organic Compost
26.0,46.2,45.3,7.0,0.85,26.5,84.5,557.0,Millet,Loamy,NPK 20-10-10
24.3,38.5,33.0,7.54,1.47,32.8,76.4,1922.0,Rice,Clay,Organic Compost
10.6,30.9,31.2,7.52,1.11,20.9,86.4,1343.0,Millet,Sandy,NPK 20-10-10
16.4,39.8,34.4,8.06,1.89,37.3,47.7,1492.0,Cassava,Loamy,Urea
45.8,26.5,33.5,6.84,1.44,35.3,82.8,1256.0,Sorghum,Clay,Organic Compost
40.2,41.9,33.4,4.96,2.5,18.3,40.9,1901.0,Tomato,Loamy,Potash
28.6,30.5,42.3,6.38,2.38,31.8,69.0,1728.0,Millet,Loamy,NPK 15-15-15
17.2,27.1,39.3,8.13,2.04,30.4,51.1,1531.0,Maize,Loamy,Urea
27.7,32.6,34.6,5.84,1.67,23.5,44.2,685.0,Tomato,Loamy,NPK 15-15-15
28.6,41.1,34.0,6.55,1.99,20.4,54.5,1076.0,Wheat,Loamy,NPK 20-10-10
31.8,8.4,13.8,7.71,1.64,37.4,49.5,1609.0,Cassava,Sandy,Superphosphate
26.6,42.5,36.9,6.74,0.57,27.5,41.6,895.0,Beans,Clay,Organic Compost
48.6,14.5,42.1,4.72,0.74,34.1,41.1,1009.0,Cassava,Loamy,DAP
52.8,20.4,23.6,6.86,0.41,32.2,89.7,969.0,Rice,Loamy,Potash
37.1,30.1,29.1,4.69,1.86,28.1,57.6,1168.0,Maize,Silt,NPK 15-15-15
13.1,17.2,13.4,4.54,2.02,19.9,61.7,1436.0,Maize,Silt,NPK 15-15-15
49.9,15.8,34.1,7.54,1.41,38.0,78.8,942.0,Wheat,Loamy,NPK 20-10-10
34.5,21.9,31.8,4.51,1.32,37.7,51.7,1493.0,Sorghum,Silt,NPK 15-15-15
26.5,22.3,29.2,7.53,2.24,25.1,74.8,917.0,Rice,Silt,NPK 15-15-15
30.7,33.6,27.0,6.73,2.26,36.4,91.8,1647.0,Maize,Clay,Organic Compost
30.7,41.5,58.6,6.64,1.74,30.4,84.2,535.0,Beans,Clay,Organic Compost
48.5,31.5,20.6,7.65,2.36,23.9,80.4,1922.0,Beans,Silt,Potash
43.0,36.3,39.8,6.94,1.32,37.3,74.2,1240.0,Beans,Silt,Potash
23.3,7.2,13.3,6.4,0.76,35.1,82.7,1610.0,Millet,Sandy,Superphosphate
43.2,22.8,31.5,5.58,2.56,32.2,93.1,1937.0,Beans,Silt,Potash
32.0,39.1,32.0,4.71,1.9,27.7,47.3,1448.0,Maize,Loamy,NPK 15-15-15
20.9,37.7,34.4,7.77,2.04,23.3,58.6,1418.0,Beans,Clay,Organic Compost
43.1,38.1,37.7,5.38,0.47,27.4,73.5,1164.0,Millet,Silt,Potash
49.0,19.3,12.2,4.9,1.37,29.2,78.4,1297.0,Wheat,Loamy,Superphosphate
30.9,42.5,25.9,5.45,1.01,25.6,40.2,1847.0,Cassava,Loamy,NPK 20-10-10
6.7,13.4,21.3,5.03,2.57,29.2,84.4,844.0,Maize,Sandy,NPK 20-10-10
17.3,24.1,39.1,5.36,1.84,37.1,69.6,832.0,Beans,Silt,Urea
34.2,39.5,39.6,6.15,0.98,19.3,42.6,485.0,Rice,Silt,NPK 15-15-15
10.0,32.5,22.3,8.2,1.87,36.8,43.6,819.0,Tomato,Silt,Urea
15.9,30.2,20.0,7.89,1.6,29.8,57.0,528.0,Rice,Sandy,Potash
43.7,22.2,43.0,8.17,1.35,26.7,86.8,1296.0,Maize,Silt,NPK 20-10-10
35.7,47.1,21.2,6.35,0.6,29.0,84.7,656.0,Tomato,Clay,Organic Compost
16.5,9.4,8.1,5.45,1.07,27.3,86.7,1066.0,Sorghum,Silt,Superphosphate
36.5,39.9,12.0,6.5,0.94,33.2,58.6,1865.0,Tomato,Loamy,Potash
17.8,19.5,41.0,6.61,1.61,20.7,45.8,1101.0,Beans,Loamy,NPK 20-10-10
50.9,53.6,16.8,7.92,1.99,19.9,80.0,1189.0,Sorghum,Loamy,Potash
42.5,25.7,52.9,7.53,1.62,30.5,90.5,913.0,Beans,Loamy,NPK 20-10-10
31.1,7.0,26.5,7.49,1.75,23.9,48.1,1583.0,Cassava,Sandy,DAP
33.5,28.4,22.2,4.56,2.39,30.1,78.5,1958.0,Wheat,Loamy,NPK 15-15-15
28.4,25.7,10.7,6.25,1.59,20.3,78.2,953.0,Rice,Silt,Potash
15.7,27.1,24.7,4.71,0.7,18.9,87.8,959.0,Wheat,Sandy,NPK 20-10-10
39.9,36.8,34.5,5.46,0.92,30.9,78.6,790.0,Tomato,Clay,Organic Compost
23.1,43.2,40.4,7.08,2.15,36.4,55.1,462.0,Millet,Clay,Organic Compost
26.7,43.3,23.2,6.5,0.7,33.9,66.9,922.0,Millet,Silt,NPK 20-10-10
36.2,21.7,27.4,4.82,1.06,25.6,82.8,1438.0,Tomato,Loamy,NPK 15-15-15
18.3,17.5,8.1,6.66,0.78,23.6,85.1,492.0,Rice,Sandy,NPK 15-15-15
32.0,41.2,31.2,7.62,0.5,31.4,84.3,743.0,Millet,Clay,Organic Compost
54.5,28.2,25.8,7.8,1.85,33.4,62.9,1188.0,Beans,Loamy,Potash
44.1,54.1,43.2,7.14,0.65,22.2,83.0,1972.0,Sorghum,Loamy,Organic Compost
20.5,25.2,23.3,4.89,0.53,18.5,76.9,1104.0,Tomato,Clay,Organic Compost
24.8,14.7,35.0,4.99,2.34,23.6,54.4,715.0,Rice,Silt,DAP
54.9,13.0,33.2,5.81,2.11,30.3,41.6,528.0,Beans,Loamy,DAP
39.4,40.2,47.9,5.92,1.1,34.4,58.3,1934.0,Sorghum,Loamy,NPK 20-10-10
58.1,52.2,21.8,6.19,1.23,26.5,55.5,754.0,Millet,Clay,Organic Compost
27.7,31.6,47.9,6.97,0.59,19.6,67.4,1739.0,Beans,Clay,Organic Compost
62.0,45.3,60.3,5.95,1.5,32.1,43.9,1630.0,Cassava,Clay,Organic Compost
17.2,13.5,17.1,5.25,2.29,20.7,93.4,1646.0,Beans,Silt,NPK 15-15-15
21.9,50.2,36.1,4.96,2.23,24.7,73.1,650.0,Beans,Clay,Organic Compost
21.8,45.8,23.3,6.43,1.19,24.5,82.3,1159.0,Cassava,Clay,Organic Compost
28.6,34.7,39.8,5.63,1.09,33.9,49.9,1447.0,Tomato,Loamy,NPK 15-15-15
23.5,13.4,24.4,4.51,1.69,27.2,73.1,1666.0,Tomato,Loamy,DAP
27.4,40.3,27.1,5.28,2.37,19.3,75.2,889.0,Millet,Silt,NPK 20-10-10
37.5,40.9,40.0,7.16,1.38,18.3,88.9,1298.0,Wheat,Loamy,NPK 20-10-10
39.6,35.4,48.4,7.44,1.36,23.5,61.7,691.0,Tomato,Silt,NPK 15-15-15
22.4,36.5,51.9,4.76,1.81,37.6,65.0,843.0,Cassava,Clay,Organic Compost
13.8,17.0,33.2,6.45,2.57,28.2,49.0,1678.0,Wheat,Sandy,NPK 20-10-10
29.8,38.9,58.7,7.77,1.84,33.3,48.0,1308.0,Beans,Clay,Organic Compost
8.8,23.0,32.6,8.1,1.34,27.3,74.4,460.0,Beans,Sandy,NPK 20-10-10
8.8,29.9,21.1,7.71,1.62,24.2,60.6,1928.0,Sorghum,Sandy,NPK 20-10-10
51.9,54.2,58.7,7.06,1.06,21.0,65.3,551.0,Sorghum,Clay,Organic Compost
41.9,21.6,32.4,5.94,1.26,32.1,94.0,439.0,Cassava,Clay,Organic Compost
44.0,26.3,24.4,6.27,1.84,23.3,62.0,1935.0,Tomato,Silt,Organic Compost
21.7,44.9,41.8,4.74,1.42,21.9,75.5,1693.0,Rice,Clay,Organic Compost
31.0,34.1,31.3,7.15,1.97,29.7,52.4,1008.0,Millet,Loamy,NPK 15-15-15
58.6,32.1,43.1,6.76,0.77,27.9,54.4,782.0,Maize,Clay,Organic Compost
44.9,49.8,50.6,5.27,1.14,37.4,90.4,1873.0,Maize,Clay,Organic Compost
34.9,43.4,14.0,5.09,1.0,30.9,54.5,625.0,Sorghum,Loamy,NPK 15-15-15
25.7,12.1,34.7,6.8,0.42,24.4,82.1,1783.0,Wheat,Silt,DAP
52.5,45.1,34.8,8.09,1.52,30.5,67.7,606.0,Tomato,Clay,Organic Compost
13.0,19.0,51.8,7.46,0.45,30.2,72.4,1153.0,Maize,Loamy,NPK 20-10-10
34.4,43.5,48.5,8.06,0.64,25.7,68.9,1325.0,Beans,Loamy,NPK 20-10-10
40.2,26.9,24.1,5.46,1.07,30.7,43.0,900.0,Beans,Silt,Potash
35.2,31.7,14.8,4.78,1.72,28.6,79.6,1399.0,Tomato,Loamy,Potash
14.6,6.2,7.3,6.64,1.68,18.9,63.9,1919.0,Wheat,Sandy,NPK 15-15-15
33.8,45.4,23.7,8.14,1.19,30.5,77.6,1457.0,Beans,Loamy,NPK 20-10-10
36.5,39.0,38.5,6.99,2.4,36.0,42.3,1970.0,Millet,Silt,NPK 15-15-15
45.6,36.3,38.1,5.9,2.49,30.0,48.7,1633.0,Tomato,Clay,Organic Compost
31.1,46.0,54.3,5.12,1.6,22.2,70.4,1427.0,Rice,Clay,Organic Compost
59.1,58.3,54.3,6.55,0.82,31.0,78.8,1191.0,Sorghum,Clay,Organic Compost
48.7,50.9,39.0,7.78,0.87,24.9,50.0,902.0,Sorghum,Loamy,Potash
5.9,27.3,14.1,6.76,1.93,31.4,91.2,1552.0,Wheat,Sandy,NPK 20-10-10
5.6,26.8,31.0,6.72,2.58,35.8,91.6,1569.0,Wheat,Sandy,NPK 20-10-10
19.1,6.4,32.7,5.96,0.61,32.2,58.3,1270.0,Maize,Sandy,NPK 20-10-10
21.1,22.3,44.3,4.69,0.41,24.4,43.1,1771.0,Maize,Clay,Organic Compost
51.9,33.9,33.6,5.49,2.55,22.2,77.6,1432.0,Wheat,Clay,Organic Compost
19.8,15.4,39.5,5.47,2.32,29.4,50.1,856.0,Rice,Loamy,NPK 20-10-10
24.0,10.5,37.0,6.56,2.06,28.0,61.9,1088.0,Sorghum,Silt,DAP
27.5,18.5,8.6,5.28,2.18,36.3,80.8,1100.0,Millet,Silt,Superphosphate
16.0,20.1,38.0,6.06,0.8,28.9,90.1,1282.0,Beans,Loamy,Urea
5.4,12.4,14.9,6.18,2.43,24.0,57.2,914.0,Rice,Sandy,NPK 15-15-15
44.1,43.6,12.2,7.34,1.26,18.4,94.5,1798.0,Rice,Loamy,Potash
39.4,54.4,19.8,5.29,1.87,19.5,85.1,743.0,Millet,Loamy,Potash
51.1,23.4,24.4,4.68,1.85,21.3,60.0,1822.0,Sorghum,Clay,Organic Compost
25.1,9.8,26.9,6.15,2.46,22.6,66.8,1762.0,Millet,Sandy,DAP
7.1,21.8,22.1,5.29,2.14,22.7,93.5,1539.0,Cassava,Sandy,NPK 20-10-10
5.2,15.8,31.0,7.91,0.82,36.0,60.5,1513.0,Sorghum,Sandy,NPK 20-10-10
25.7,39.9,46.2,6.6,1.9,36.4,46.3,1942.0,Sorghum,Clay,Organic Compost
27.8,29.3,31.2,4.92,1.86,24.9,60.9,1242.0,Cassava,Sandy,NPK 15-15-15
33.6,17.5,23.2,7.69,1.97,27.2,53.1,1731.0,Wheat,Silt,DAP
38.5,47.8,29.3,5.07,0.92,29.1,77.8,1171.0,Rice,Clay,Organic Compost
47.4,33.2,22.0,6.53,1.37,34.2,55.8,1399.0,Cassava,Silt,Potash
7.7,23.6,15.9,5.95,1.34,24.7,69.1,790.0,Millet,Sandy,NPK 20-10-10
11.9,11.2,25.5,6.97,1.72,22.1,70.3,433.0,Tomato,Silt,NPK 20-10-10
38.7,39.6,13.2,5.12,0.83,29.4,44.7,1660.0,Beans,Silt,Potash
24.7,35.7,25.1,6.1,0.6,21.9,44.5,1391.0,Sorghum,Loamy,NPK 15-15-15
48.8,56.1,34.5,7.47,0.9,29.1,60.8,1500.0,Beans,Clay,Organic Compost
17.7,45.5,21.2,4.75,1.27,18.7,76.1,702.0,Wheat,Silt,Urea
32.8,35.9,26.0,4.83,1.35,26.2,61.2,1400.0,Tomato,Silt,NPK 15-15-15
39.8,37.9,46.0,6.27,2.42,26.3,55.9,1666.0,Rice,Silt,NPK 15-15-15
34.6,44.4,9.2,7.33,1.17,36.6,47.6,1430.0,Maize,Silt,Potash
49.6,29.4,13.3,6.93,0.41,36.8,68.2,1804.0,Rice,Loamy,Potash
21.3,14.8,7.4,5.44,2.39,37.7,42.0,811.0,Tomato,Sandy,Superphosphate
27.3,49.2,22.9,6.69,2.15,18.3,83.5,1509.0,Millet,Silt,NPK 20-10-10
43.8,50.8,61.4,7.62,1.68,20.9,60.4,1803.0,Maize,Clay,Organic Compost
39.1,46.8,29.3,5.63,2.53,29.8,77.7,1884.0,Beans,Loamy,NPK 20-10-10
22.7,38.8,44.8,6.37,1.81,31.6,42.3,1161.0,Wheat,Loamy,NPK 15-15-15
41.0,35.7,42.9,7.8,2.35,34.5,63.8,685.0,Wheat,Loamy,NPK 20-10-10
9.5,27.2,27.2,6.51,2.28,36.0,49.8,681.0,Millet,Sandy,DAP
30.5,11.9,32.8,6.07,0.91,31.6,65.8,1183.0,Beans,Silt,DAP
34.8,30.2,9.8,5.8,1.09,32.6,54.6,847.0,Wheat,Sandy,Potash
43.6,33.3,44.0,6.69,2.29,32.1,73.7,1390.0,Cassava,Loamy,NPK 20-10-10
49.0,47.7,13.1,5.96,0.9,33.4,70.8,1819.0,Beans,Silt,Potash
40.4,44.6,54.3,7.63,0.4,35.1,93.9,1626.0,Tomato,Clay,Organic Compost
24.1,61.5,37.4,7.84,2.09,25.1,54.3,1129.0,Beans,Clay,Organic Compost
13.3,38.8,50.2,5.33,1.16,36.2,78.3,422.0,Tomato,Loamy,Urea
29.9,52.2,23.7,5.73,0.75,33.4,61.4,1171.0,Millet,Clay,Organic Compost
31.0,28.7,29.9,8.18,1.59,35.4,88.2,1168.0,Rice,Sandy,NPK 15-15-15
41.0,36.2,38.1,5.2,0.63,24.1,69.8,743.0,Cassava,Silt,Potash
51.7,35.1,25.2,5.06,1.27,22.2,41.3,1692.0,Tomato,Clay,Organic Compost
47.5,28.3,18.6,6.87,2.49,33.1,48.5,1718.0,Wheat,Silt,Potash
15.6,30.7,39.0,5.9,2.5,21.4,41.2,1211.0,Millet,Silt,Urea
30.6,29.7,31.6,4.95,1.0,27.0,82.0,1815.0,Wheat,Loamy,NPK 15-15-15
35.4,35.5,39.0,6.76,1.33,23.1,44.5,1686.0,Wheat,Clay,Organic Compost
10.7,30.5,32.1,7.63,0.48,24.9,93.2,1262.0,Cassava,Sandy,NPK 20-10-10
26.8,24.1,41.4,5.05,1.41,35.7,87.5,1703.0,Maize,Silt,NPK 15-15-15
25.9,53.8,36.8,7.83,0.8,34.5,62.8,1177.0,Sorghum,Loamy,NPK 20-10-10
26.8,22.2,42.7,7.08,2.44,33.4,74.0,1213.0,Wheat,Clay,Organic Compost
29.2,15.7,14.4,7.8,2.32,32.7,76.0,982.0,Tomato,Sandy,Superphosphate
33.7,28.7,17.1,6.64,1.55,30.7,40.7,1399.0,Millet,Loamy,Potash
27.0,49.8,33.8,7.45,0.89,21.9,90.8,1884.0,Tomato,Silt,NPK 20-10-10
50.6,32.6,29.2,6.91,0.61,32.2,85.2,1214.0,Sorghum,Clay,Organic Compost
32.3,25.9,35.4,8.11,0.66,21.4,76.5,1975.0,Sorghum,Silt,NPK 15-15-15
60.3,31.7,33.8,6.06,1.54,19.1,62.1,1332.0,Tomato,Clay,Organic Compost
25.2,16.8,51.4,5.82,1.48,28.5,49.1,1306.0,Wheat,Loamy,DAP
17.0,46.1,49.1,8.13,2.37,31.3,48.0,540.0,Sorghum,Loamy,Potash
52.1,29.3,29.9,4.86,2.54,23.0,86.6,1624.0,Millet,Clay,Organic Compost
21.2,21.5,52.1,6.55,1.88,28.6,58.8,1527.0,Tomato,Loamy,NPK 15-15-15
26.8,22.8,57.9,7.04,1.96,19.1,61.9,492.0,Rice,Clay,Organic Compost
54.2,43.0,18.1,5.17,0.67,23.0,93.4,1977.0,Maize,Loamy,Potash
12.7,20.2,19.5,6.16,0.58,23.2,65.0,745.0,Rice,Sandy,NPK 20-10-10
15.8,27.8,22.7,7.88,1.03,18.2,67.8,754.0,Rice,Sandy,NPK 20-10-10
22.6,16.6,14.7,5.91,2.08,22.6,68.0,1990.0,Wheat,Sandy,NPK 15-15-15
37.8,53.9,48.2,7.14,0.68,28.9,49.2,527.0,Sorghum,Clay,Organic Compost
20.0,60.8,56.8,5.19,0.73,24.9,46.2,942.0,Sorghum,Clay,Organic Compost
28.4,32.7,6.1,6.5,0.57,29.0,42.0,1196.0,Tomato,Sandy,Potash
10.5,8.3,7.2,5.02,1.69,37.5,72.8,1443.0,Sorghum,Sandy,NPK 15-15-15
47.7,49.7,14.6,5.42,1.65,36.4,72.0,1004.0,Millet,Silt,Potash
32.9,28.1,29.0,4.66,1.08,33.7,46.5,818.0,Wheat,Sandy,NPK 15-15-15
35.4,24.7,16.0,7.7,0.8,28.5,72.6,1163.0,Rice,Loamy,Potash
35.2,49.4,22.0,7.91,1.23,29.9,40.5,1263.0,Beans,Clay,Organic Compost
33.1,26.5,24.4,8.16,0.79,19.2,82.3,437.0,Beans,Sandy,NPK 15-15-15
21.8,39.5,33.2,5.2,2.17,23.8,53.5,1513.0,Millet,Loamy,NPK 15-15-15
43.5,47.7,25.2,7.81,1.22,21.9,47.1,1839.0,Rice,Clay,Urea
5.6,31.4,32.3,5.49,0.54,18.8,92.7,1426.0,Tomato,Sandy,NPK 20-10-10
41.7,47.8,18.5,4.83,1.02,29.0,78.2,1961.0,Cassava,Silt,Potash
58.7,55.5,29.0,7.8,0.9,28.5,82.3,553.0,Wheat,Clay,Organic Compost
33.9,38.6,15.3,4.97,0.79,21.0,64.7,1360.0,Sorghum,Loamy,Potash
48.5,16.2,19.2,5.87,1.85,19.7,59.1,1985.0,Tomato,Loamy,Superphosphate
45.7,35.0,57.4,8.02,0.92,36.4,82.7,649.0,Rice,Clay,Organic Compost
5.3,28.3,15.4,7.91,1.37,30.2,81.0,1751.0,Rice,Sandy,NPK 20-10-10
31.6,13.8,24.1,4.76,1.87,21.7,83.9,1587.0,Rice,Sandy,DAP
13.0,6.3,14.5,5.91,1.42,37.9,79.9,1029.0,Rice,Sandy,NPK 15-15-15
27.6,14.7,43.6,5.25,0.92,24.9,85.2,1777.0,Maize,Loamy,DAP
30.4,38.0,52.0,6.43,1.41,18.6,88.4,702.0,Beans,Loamy,NPK 15-15-15
41.5,52.8,55.1,7.66,0.58,22.1,90.0,820.0,Millet,Clay,Organic Compost
33.1,12.7,29.2,6.02,0.93,27.8,69.8,576.0,Sorghum,Sandy,DAP
25.0,26.1,15.6,6.5,0.48,20.9,93.7,735.0,Beans,Sandy,Potash
40.1,19.1,31.3,6.21,1.45,34.8,70.6,1625.0,Beans,Loamy,DAP
26.0,40.2,38.9,5.76,1.18,34.5,72.9,1385.0,Tomato,Silt,NPK 20-10-10
34.4,20.4,22.3,6.75,0.65,21.0,53.4,1213.0,Rice,Loamy,NPK 15-15-15
47.4,35.5,23.8,7.44,0.49,32.8,60.0,1162.0,Tomato,Clay,Organic Compost
48.1,31.7,26.1,5.83,2.24,26.3,93.0,460.0,Rice,Clay,DAP
17.1,40.8,15.6,6.77,0.5,35.5,71.4,1118.0,Beans,Silt,NPK 20-10-10
12.9,34.3,14.2,5.38,1.41,23.1,54.9,825.0,Millet,Sandy,NPK 20-10-10
19.9,12.9,45.4,6.17,1.18,28.7,70.6,1016.0,Wheat,Loamy,NPK 20-10-10
23.3,17.3,28.4,5.08,1.02,25.7,61.1,687.0,Sorghum,Silt,DAP
33.7,41.7,11.2,5.08,1.36,27.7,51.3,879.0,Cassava,Silt,Potash
40.0,48.9,46.5,5.5,2.07,21.0,74.7,1392.0,Cassava,Clay,Organic Compost
24.5,46.1,35.3,8.2,1.8,18.2,60.6,423.0,Cassava,Clay,Organic Compost
27.3,13.0,10.4,7.75,0.66,32.2,53.4,883.0,Wheat,Sandy,Organic Compost
21.7,41.9,38.9,6.47,0.54,34.1,46.8,1731.0,Rice,Clay,Organic Compost
40.1,38.0,36.3,5.98,1.46,19.3,48.9,1572.0,Cassava,Loamy,Potash
53.3,53.9,42.2,8.13,0.99,23.9,40.5,640.0,Maize,Clay,Organic Compost
10.7,25.3,9.9,6.0,2.6,24.3,77.4,410.0,Tomato,Sandy,NPK 20-10-10
55.2,27.2,33.5,5.1,1.45,23.4,49.8,1090.0,Maize,Clay,Organic Compost
53.6,18.3,42.7,6.45,1.25,31.5,48.5,1888.0,Maize,Loamy,DAP
48.2,47.5,16.5,7.78,2.14,26.7,69.2,1299.0,Tomato,Silt,Potash
34.1,42.6,48.0,6.96,2.48,37.3,75.8,853.0,Cassava,Silt,NPK 20-10-10
17.5,43.9,52.7,7.16,2.49,32.4,94.3,1938.0,Beans,Loamy,Urea
50.6,45.1,37.7,7.14,0.56,37.1,63.4,543.0,Sorghum,Loamy,Potash
49.9,33.2,9.9,4.77,1.3,35.3,59.8,1975.0,Sorghum,Silt,Urea
40.3,41.3,33.4,7.46,2.45,26.5,90.2,623.0,Tomato,Clay,Organic Compost
12.4,33.9,30.8,6.6,2.02,27.5,61.0,1586.0,Maize,Silt,Urea
38.7,33.9,38.9,5.98,2.19,32.1,79.2,1970.0,Rice,Loamy,NPK 15-15-15
36.6,58.2,43.8,6.61,2.32,37.1,51.0,608.0,Wheat,Clay,Organic Compost
13.8,17.7,22.6,7.36,0.56,28.1,41.0,1518.0,Maize,Silt,NPK 20-10-10
51.7,50.0,27.0,5.27,1.13,36.3,63.4,1197.0,Tomato,Loamy,Potash
51.8,51.3,24.7,7.09,1.91,26.4,79.3,1832.0,Wheat,Loamy,Potash
24.1,30.1,27.5,7.97,2.25,19.1,79.4,614.0,Cassava,Sandy,NPK 15-15-15
32.1,33.2,59.2,8.16,1.59,28.4,69.7,1424.0,Beans,Clay,NPK 15-15-15
33.7,17.9,33.6,7.83,2.09,28.7,55.3,1059.0,Maize,Silt,DAP
32.5,23.5,23.9,5.54,1.26,22.1,92.3,1704.0,Cassava,Sandy,NPK 15-15-15
8.5,19.3,19.1,5.07,2.41,18.5,70.8,1068.0,Maize,Silt,NPK 15-15-15
46.1,25.9,41.4,5.67,2.4,22.5,85.8,1590.0,Millet,Loamy,NPK 20-10-10
22.3,26.9,22.1,7.81,1.76,34.9,54.6,472.0,Maize,Sandy,Organic Compost
55.1,30.2,44.8,6.44,1.85,22.6,52.2,1647.0,Tomato,Clay,Organic Compost
24.3,30.2,34.3,8.15,1.4,26.6,82.4,832.0,Rice,Clay,Organic Compost
30.7,8.7,24.6,4.52,1.49,25.2,84.8,1564.0,Sorghum,Sandy,DAP
33.0,32.1,28.1,6.06,1.34,25.0,83.7,1505.0,Rice,Clay,Organic Compost
11.6,33.4,24.5,7.45,2.44,34.3,70.8,1168.0,Sorghum,Sandy,NPK 20-10-10
10.8,24.3,19.9,6.15,1.72,33.4,40.5,1091.0,Maize,Silt,NPK 20-10-10
19.5,17.8,15.3,6.36,0.51,32.0,88.6,713.0,Maize,Silt,NPK 15-15-15
55.8,52.8,27.8,6.12,2.56,22.8,47.3,1061.0,Millet,Clay,Organic Compost
34.0,24.6,18.6,6.2,2.14,34.4,40.3,472.0,Sorghum,Silt,Potash
29.5,16.8,26.4,7.32,0.52,27.0,73.9,858.0,Rice,Loamy,DAP
17.8,30.6,8.5,5.21,1.84,24.3,53.6,1235.0,Millet,Sandy,NPK 20-10-10
16.5,22.7,32.5,8.02,1.79,28.8,80.8,1854.0,Beans,Sandy,NPK 20-10-10
20.9,60.6,54.3,4.78,2.31,32.1,87.5,1762.0,Sorghum,Clay,Organic Compost
26.5,41.9,40.4,6.31,1.6,27.0,57.9,1703.0,Beans,Loamy,NPK 20-10-10
18.8,22.6,29.4,5.33,1.74,32.3,52.5,421.0,Sorghum,Loamy,Urea
21.7,34.6,10.0,6.6,1.63,29.3,66.7,1121.0,Wheat,Silt,Potash
23.7,25.5,42.8,5.94,0.6,20.5,46.6,1366.0,Cassava,Silt,NPK 15-15-15
10.7,32.3,22.6,7.62,0.98,27.5,54.1,655.0,Maize,Sandy,NPK 20-10-10
31.7,18.5,8.7,6.23,2.32,37.1,40.1,1960.0,Beans,Sandy,Superphosphate
27.6,32.2,17.3,7.34,1.91,24.5,85.4,1827.0,Maize,Sandy,Potash
46.2,53.1,46.0,7.06,0.48,19.9,62.7,1663.0,Wheat,Clay,Superphosphate
21.4,49.0,50.1,5.59,1.9,32.1,40.1,999.0,Wheat,Loamy,NPK 20-10-10
23.4,15.3,54.4,6.35,0.72,22.7,42.0,880.0,Maize,Loamy,Urea
25.2,30.0,6.7,5.41,0.7,25.0,49.7,776.0,Beans,Sandy,Potash
49.3,35.4,47.3,5.79,0.94,29.0,91.8,1736.0,Beans,Loamy,NPK 20-10-10
42.0,37.7,32.1,6.82,1.67,34.5,90.3,1594.0,Sorghum,Clay,Organic Compost
30.5,14.5,33.9,5.1,0.91,19.7,86.0,1343.0,Wheat,Silt,DAP
9.0,30.4,14.2,4.76,1.19,22.9,62.4,1776.0,Maize,Sandy,NPK 20-10-10
25.8,30.6,18.9,5.55,1.08,21.8,55.0,1079.0,Tomato,Loamy,Potash
7.0,20.3,12.0,4.5,1.64,22.0,75.6,817.0,Maize,Sandy,NPK 20-10-10
44.8,55.6,28.3,8.15,1.21,37.4,48.5,1924.0,Sorghum,Clay,Organic Compost
28.5,45.3,25.8,5.59,2.56,33.3,83.8,1798.0,Sorghum,Clay,Organic Compost
43.5,28.8,16.3,6.76,2.16,22.7,50.0,1931.0,Rice,Loamy,Potash
51.1,24.0,43.5,7.02,0.5,26.4,66.1,1289.0,Sorghum,Clay,DAP
56.1,55.8,41.8,7.42,2.16,37.3,84.9,591.0,Beans,Clay,Organic Compost
42.5,47.9,12.5,6.1,1.33,31.9,70.5,1684.0,Sorghum,Loamy,Potash
30.0,47.1,29.5,6.9,0.73,22.2,63.6,1230.0,Cassava,Clay,Organic Compost
30.3,47.6,18.0,4.55,0.96,28.7,75.0,1682.0,Sorghum,Loamy,Potash
46.0,12.5,42.3,6.43,1.49,32.9,42.4,1057.0,Wheat,Loamy,DAP
56.8,47.2,58.1,4.67,2.18,28.6,53.7,1154.0,Wheat,Clay,Organic Compost
25.7,22.8,20.6,5.28,1.61,25.0,88.1,1658.0,Cassava,Clay,Organic Compost
29.8,39.4,13.0,7.79,1.84,37.3,76.5,980.0,Rice,Loamy,Potash
6.7,8.1,16.8,5.56,1.28,26.1,59.3,1222.0,Wheat,Sandy,NPK 15-15-15
42.4,40.7,25.5,5.39,0.47,19.1,52.0,1803.0,Sorghum,Silt,Potash
31.7,39.8,18.2,7.44,0.6,28.5,45.7,1768.0,Millet,Loamy,Potash
31.5,41.5,20.9,6.28,0.87,35.8,55.0,1218.0,Sorghum,Clay,NPK 20-10-10
61.9,32.3,47.9,8.05,2.06,25.0,90.6,740.0,Rice,Clay,Organic Compost
15.7,29.9,19.2,7.69,0.87,35.9,69.3,1086.0,Wheat,Sandy,NPK 20-10-10
32.2,36.7,45.2,7.18,0.49,37.0,53.7,1486.0,Maize,Clay,Organic Compost
18.1,6.4,17.2,7.97,1.21,35.9,78.5,1816.0,Millet,Sandy,NPK 15-15-15
16.3,33.0,43.1,5.1,2.51,27.4,64.6,1818.0,Cassava,Loamy,Urea
48.1,47.8,29.6,7.25,1.77,24.9,93.2,1178.0,Sorghum,Clay,Organic Compost
8.4,27.2,33.5,8.2,0.74,31.6,64.0,1153.0,Beans,Silt,Urea
21.9,37.4,37.0,5.14,2.59,32.2,92.6,1588.0,Maize,Clay,Organic Compost
27.1,26.4,40.4,5.25,2.09,23.9,44.8,1337.0,Wheat,Clay,Organic Compost
25.4,46.4,51.1,5.2,2.04,31.1,82.6,502.0,Wheat,Clay,Organic Compost
23.1,49.7,37.0,5.09,2.28,32.4,55.4,1270.0,Millet,Loamy,NPK 20-10-10
40.1,29.9,26.5,4.84,0.89,33.2,59.7,623.0,Cassava,Clay,Organic Compost
17.1,23.7,6.6,7.2,2.52,33.7,79.7,718.0,Maize,Sandy,NPK 20-10-10
52.0,51.2,25.2,7.26,1.66,37.6,94.4,529.0,Beans,Clay,Organic Compost
21.5,20.2,13.2,7.17,1.58,30.4,78.0,1047.0,Tomato,Sandy,NPK 20-10-10
15.4,39.6,18.5,5.85,1.38,34.7,86.4,752.0,Maize,Silt,NPK 20-10-10
49.0,30.4,8.0,4.84,2.28,26.0,89.8,1461.0,Rice,Silt,Potash
43.4,37.0,15.7,7.47,2.23,35.9,45.6,1955.0,Millet,Loamy,Potash
26.3,28.2,5.0,5.7,1.43,35.0,41.1,1603.0,Rice,Sandy,Potash
21.7,38.5,32.5,6.78,1.6,36.1,80.3,1274.0,Beans,Loamy,NPK 15-15-15
26.3,46.7,59.3,7.63,2.37,30.3,44.3,427.0,Beans,Clay,Organic Compost
51.8,29.0,39.0,6.47,0.92,24.3,60.5,1623.0,Sorghum,Loamy,Potash
34.7,14.0,27.0,4.91,1.39,33.6,66.3,1337.0,Cassava,Sandy,DAP
31.1,24.9,27.3,8.01,1.92,19.3,74.6,1208.0,Rice,Sandy,NPK 15-15-15
40.9,36.0,18.6,6.85,0.45,21.2,83.9,1184.0,Sorghum,Loamy,Potash
22.0,6.1,5.7,7.84,1.03,34.1,68.4,520.0,Maize,Sandy,Urea
15.0,34.3,8.2,5.97,0.43,30.3,45.2,1489.0,Cassava,Sandy,NPK 20-10-10
29.3,47.6,32.8,5.63,2.28,35.8,54.8,1357.0,Beans,Clay,Organic Compost
14.5,42.3,30.0,5.53,0.46,35.2,64.5,1287.0,Tomato,Silt,Urea
27.3,21.9,13.5,5.15,1.84,23.0,93.1,1841.0,Rice,Loamy,Potash
10.4,19.0,17.9,7.73,1.29,21.3,78.4,1425.0,Rice,Sandy,NPK 15-15-15
34.9,14.5,16.5,6.95,1.72,18.7,54.1,548.0,Beans,Silt,Superphosphate
41.3,26.2,39.7,8.07,2.3,27.6,88.4,1075.0,Cassava,Clay,Organic Compost
41.3,42.2,16.5,7.82,0.95,33.2,91.8,869.0,Cassava,Loamy,Potash
43.5,16.6,31.9,6.25,2.37,27.8,61.2,1079.0,Tomato,Loamy,DAP
28.9,40.1,19.8,7.67,1.77,23.3,45.4,1204.0,Rice,Silt,Potash
60.4,42.5,55.7,4.96,1.6,37.6,63.9,1645.0,Maize,Clay,Organic Compost
47.7,31.0,28.5,6.95,0.87,36.1,43.7,1836.0,Millet,Loamy,Potash
53.2,53.3,48.7,7.33,1.65,22.5,64.2,1326.0,Beans,Loamy,Organic Compost
43.6,50.2,46.5,7.7,1.32,29.5,73.3,957.0,Beans,Clay,Organic Compost
52.7,58.1,30.6,6.67,2.29,29.7,63.1,1510.0,Cassava,Clay,Organic Compost
54.7,28.3,51.0,7.25,1.32,36.0,48.3,1926.0,Wheat,Loamy,NPK 20-10-10
31.2,52.0,46.8,6.53,2.19,29.2,80.0,1419.0,Maize,Loamy,NPK 20-10-10
50.3,31.8,57.5,6.47,0.71,33.3,81.2,1441.0,Millet,Clay,Organic Compost
28.2,20.1,27.9,6.08,1.39,30.0,81.6,546.0,Sorghum,Sandy,NPK 15-15-15
41.1,38.2,22.6,5.81,1.02,35.9,64.1,540.0,Millet,Clay,Organic Compost
32.5,31.2,18.2,6.84,2.53,21.0,88.6,1754.0,Sorghum,Sandy,Potash
26.9,43.5,27.0,5.5,2.15,35.6,65.1,1596.0,Sorghum,Clay,Organic Compost
8.2,40.7,19.2,4.63,1.17,25.2,79.6,986.0,Tomato,Silt,NPK 20-10-10
45.6,15.1,26.7,5.41,2.5,30.1,41.6,1481.0,Maize,Loamy,DAP
20.7,14.8,23.6,4.65,0.89,36.4,79.1,551.0,Millet,Sandy,DAP
48.2,44.8,40.8,6.69,2.32,24.3,82.5,1426.0,Beans,Clay,Organic Compost
45.1,21.6,25.2,5.73,1.62,19.3,64.3,1200.0,Millet,Silt,Potash
16.6,20.8,29.3,7.1,0.5,25.0,52.0,597.0,Wheat,Sandy,NPK 20-10-10
29.5,31.6,15.1,5.35,1.66,31.3,70.4,1728.0,Beans,Sandy,Potash
43.8,47.7,34.0,5.44,2.53,32.2,73.7,856.0,Rice,Clay,Organic Compost
23.6,27.5,28.0,4.63,1.3,23.2,64.9,1297.0,Sorghum,Loamy,NPK 15-15-15
59.0,24.9,34.7,7.19,2.33,30.9,53.2,1462.0,Beans,Clay,Organic Compost
16.9,7.6,20.8,4.66,1.77,24.3,88.5,1201.0,Wheat,Sandy,Superphosphate
54.9,21.9,51.3,7.32,1.9,27.8,75.6,1183.0,Tomato,Clay,Organic Compost
28.8,40.9,10.1,4.64,0.77,23.9,67.5,1726.0,Wheat,Silt,NPK 15-15-15
29.0,16.1,11.6,5.09,1.13,28.6,59.2,1294.0,Beans,Silt,Superphosphate
57.6,28.2,40.7,7.21,1.93,33.2,79.3,426.0,Beans,Clay,Organic Compost
32.8,33.6,12.7,7.13,0.92,33.0,56.5,1569.0,Millet,Sandy,Urea
37.7,51.0,23.8,7.71,1.86,25.4,58.8,873.0,Tomato,Clay,Organic Compost
42.6,45.8,22.9,5.02,2.54,30.7,78.2,1412.0,Wheat,Loamy,Potash
28.2,19.1,32.9,7.77,2.11,32.2,54.7,846.0,Millet,Silt,DAP
44.2,47.8,23.3,6.72,1.64,24.1,70.0,1975.0,Millet,Silt,Potash
22.5,47.9,48.8,6.58,1.43,21.6,58.1,423.0,Sorghum,Loamy,NPK 20-10-10
29.7,18.4,45.2,4.96,1.37,20.8,71.3,904.0,Rice,Silt,DAP
30.6,16.8,48.6,7.42,1.76,36.9,81.1,1172.0,Sorghum,Silt,DAP
25.7,24.1,23.9,5.82,0.42,29.2,64.0,982.0,Tomato,Clay,Organic Compost
34.6,17.6,32.7,7.66,1.34,18.8,86.7,740.0,Cassava,Sandy,Superphosphate
15.5,20.1,39.3,4.96,1.99,27.2,86.0,1429.0,Sorghum,Silt,Urea
34.4,40.2,59.5,5.06,1.32,29.5,59.3,551.0,Wheat,Clay,Organic Compost
44.6,32.0,20.5,5.12,1.76,21.6,43.9,453.0,Rice,Silt,Potash
34.8,24.0,20.8,5.52,1.07,30.1,90.8,759.0,Sorghum,Loamy,NPK 15-15-15
26.6,12.9,14.6,6.64,1.74,29.8,84.8,708.0,Sorghum,Silt,Superphosphate
29.0,49.8,33.1,6.79,1.33,22.8,51.4,1187.0,Beans,Clay,Organic Compost
38.5,46.0,17.7,7.76,1.55,31.0,93.9,1231.0,Cassava,Loamy,Potash
54.9,59.3,27.9,6.34,2.37,25.1,78.3,563.0,Wheat,Clay,Organic Compost
31.0,40.3,35.8,7.94,0.66,30.5,65.1,1883.0,Beans,Loamy,NPK 20-10-10
55.0,44.2,32.2,4.84,0.77,30.6,67.4,614.0,Sorghum,Clay,Organic Compost
53.5,23.8,19.9,7.73,2.05,22.2,59.3,909.0,Rice,Loamy,Potash
23.2,54.4,20.5,6.75,1.08,26.5,43.7,665.0,Wheat,Clay,Organic Compost
18.5,5.2,32.8,6.42,1.36,35.4,43.4,1115.0,Tomato,Sandy,NPK 20-10-10
23.2,18.9,42.4,6.97,1.3,20.0,50.2,1046.0,Wheat,Loamy,DAP
15.4,28.8,50.2,5.75,2.08,24.0,75.5,1293.0,Rice,Loamy,Urea
22.2,25.6,51.7,8.19,0.97,23.3,61.1,977.0,Maize,Clay,Organic Compost
23.8,7.9,27.3,7.35,2.49,31.1,71.7,1330.0,Beans,Sandy,DAP
50.3,50.0,53.0,6.98,0.89,34.6,71.8,554.0,Maize,Loamy,Superphosphate
33.0,59.3,27.4,5.07,1.21,28.0,65.6,1507.0,Maize,Clay,Organic Compost
41.1,58.0,53.8,7.75,2.33,20.0,67.7,1793.0,Rice,Clay,Organic Compost
21.8,37.6,24.9,4.95,1.63,37.7,81.6,1260.0,Maize,Clay,Organic Compost
11.6,34.3,11.3,5.88,1.21,37.7,47.0,1756.0,Millet,Silt,NPK 20-10-10
57.3,37.7,48.4,7.77,0.84,24.6,73.4,997.0,Sorghum,Clay,Organic Compost
49.3,28.2,23.4,7.21,1.71,32.9,91.7,767.0,Tomato,Loamy,Potash
30.3,50.2,32.0,4.55,1.33,25.2,41.3,959.0,Wheat,Clay,Organic Compost
33.2,19.1,42.0,7.88,2.15,21.2,70.4,702.0,Millet,Loamy,DAP
24.9,59.5,34.2,6.79,1.49,29.1,74.5,542.0,Rice,Clay,Organic Compost
39.5,31.3,47.7,4.66,2.39,26.7,90.2,1146.0,Tomato,Silt,NPK 15-15-15
44.7,11.8,41.0,6.21,1.04,32.2,63.9,1341.0,Tomato,Silt,DAP
27.6,26.5,25.4,7.0,2.48,23.4,55.7,1437.0,Maize,Silt,NPK 15-15-15
11.0,33.4,23.9,6.81,2.06,24.8,72.0,1076.0,Rice,Silt,Urea
25.3,16.4,33.5,5.74,1.56,36.8,73.5,1042.0,Rice,Sandy,Organic Compost
23.6,23.8,29.5,6.83,2.37,18.2,77.3,1235.0,Millet,Clay,Organic Compost
24.8,29.9,8.3,5.33,2.26,19.4,93.9,1127.0,Tomato,Sandy,Potash
24.3,47.5,38.5,5.57,2.12,32.2,72.3,1110.0,Cassava,Loamy,NPK 20-10-10
51.0,37.6,52.6,7.96,0.58,24.7,76.0,606.0,Rice,Loamy,NPK 20-10-10
55.0,20.6,16.8,6.19,0.94,34.2,41.0,1444.0,Maize,Loamy,Potash
46.4,41.6,26.0,6.08,0.45,36.6,93.7,737.0,Beans,Silt,Potash
30.7,28.1,33.5,7.42,1.31,19.5,55.2,591.0,Sorghum,Silt,NPK 15-15-15
9.5,15.2,32.4,7.72,1.69,18.3,83.4,483.0,Sorghum,Sandy,NPK 20-10-10
22.9,16.1,43.7,4.99,1.42,18.4,90.2,1636.0,Sorghum,Loamy,DAP
40.1,23.6,39.6,5.87,0.91,36.7,52.5,1464.0,Tomato,Clay,Organic Compost
9.2,26.1,21.5,7.51,1.45,36.3,51.7,1179.0,Wheat,Sandy,NPK 20-10-10
32.3,25.1,32.7,5.06,1.67,29.7,72.3,685.0,Rice,Silt,NPK 15-15-15
35.6,47.9,11.4,8.01,2.29,25.8,70.8,821.0,Cassava,Silt,Potash
5.2,31.7,20.9,6.77,1.45,22.9,60.8,1204.0,Millet,Sandy,NPK 20-10-10
9.3,38.0,31.0,7.88,1.49,18.7,84.7,1907.0,Sorghum,Silt,Urea
31.0,44.5,11.5,4.71,2.23,21.4,78.7,1863.0,Cassava,Silt,Potash
29.3,25.5,21.0,5.32,1.68,18.9,62.6,1427.0,Beans,Sandy,NPK 15-15-15
21.8,20.2,54.3,5.84,0.66,34.1,45.5,1292.0,Rice,Clay,Organic Compost
30.6,41.2,12.6,6.42,1.38,23.9,90.6,1455.0,Beans,Loamy,Potash
48.6,39.2,49.4,7.22,2.21,26.9,88.2,985.0,Rice,Clay,Organic Compost
31.8,17.7,11.3,8.14,1.06,36.2,86.2,1260.0,Maize,Sandy,Superphosphate
30.6,57.3,31.9,5.36,0.53,28.3,70.0,1501.0,Wheat,Clay,Organic Compost
28.0,38.5,20.2,5.5,2.15,18.7,89.1,1655.0,Wheat,Loamy,NPK 15-15-15
18.2,8.3,37.7,7.44,0.8,26.0,65.0,543.0,Maize,Silt,NPK 20-10-10
44.0,12.5,17.9,6.18,0.7,22.0,92.5,1790.0,Maize,Silt,Superphosphate
56.5,34.7,38.6,5.18,1.6,20.9,68.8,1870.0,Maize,Clay,Organic Compost
36.7,27.8,52.5,8.19,1.12,37.8,94.1,910.0,Millet,Loamy,NPK 15-15-15
8.7,14.6,19.3,7.8,1.12,32.3,92.1,1242.0,Wheat,Silt,NPK 15-15-15
18.7,40.4,35.0,6.95,1.13,27.9,61.4,1846.0,Cassava,Silt,Urea
49.8,31.0,50.0,5.45,1.38,26.2,84.9,963.0,Wheat,Clay,Organic Compost
17.9,17.9,18.7,6.71,1.26,27.2,94.4,1720.0,Wheat,Silt,NPK 15-15-15
17.6,25.9,52.1,8.12,2.29,30.9,84.6,627.0,Tomato,Loamy,Urea
45.0,31.4,46.5,5.55,2.06,27.6,69.7,1911.0,Sorghum,Clay,Organic Compost
18.0,18.5,20.5,7.34,2.01,23.6,65.0,1483.0,Millet,Sandy,Organic Compost
32.9,10.4,32.5,7.67,0.72,20.9,67.0,1659.0,Tomato,Sandy,DAP
13.6,18.4,38.6,6.38,1.3,34.7,47.7,1053.0,Beans,Silt,NPK 20-10-10
23.4,25.9,11.2,5.29,0.44,28.7,94.4,634.0,Wheat,Silt,Potash
10.1,14.7,27.0,5.26,1.87,22.7,82.6,735.0,Millet,Silt,NPK 20-10-10
46.6,38.1,34.2,7.85,2.34,35.6,53.0,1550.0,Cassava,Loamy,Potash
46.5,28.1,32.1,6.29,1.62,26.5,87.4,1764.0,Beans,Clay,Organic Compost
40.0,44.1,33.5,6.74,0.92,25.1,77.7,1843.0,Beans,Silt,Potash
45.8,32.7,27.5,5.8,2.16,35.1,58.0,729.0,Millet,Loamy,Potash
16.6,33.0,12.0,6.69,0.97,25.4,57.7,1187.0,Rice,Loamy,NPK 20-10-10
35.5,19.7,39.5,4.89,2.15,31.8,45.4,1820.0,Maize,Silt,NPK 15-15-15
15.9,16.0,46.5,6.02,0.75,29.0,80.9,1966.0,Rice,Silt,NPK 20-10-10
25.3,58.9,52.2,5.05,2.14,19.9,60.6,434.0,Wheat,Clay,Organic Compost
13.2,42.1,25.5,6.8,2.3,23.2,69.6,665.0,Maize,Silt,Urea
19.6,26.7,32.1,5.79,0.59,28.5,40.7,1028.0,Maize,Sandy,NPK 20-10-10
25.2,39.0,18.0,6.42,1.11,30.4,63.2,730.0,Cassava,Silt,Potash
36.7,37.5,57.7,7.24,1.78,20.2,57.0,480.0,Rice,Clay,Organic Compost
5.9,15.7,27.3,6.08,0.59,28.8,64.7,1938.0,Wheat,Sandy,NPK 20-10-10
50.3,55.6,55.6,6.0,2.04,25.8,89.2,1528.0,Tomato,Clay,NPK 20-10-10
21.9,28.3,30.5,4.68,0.64,36.8,73.5,1551.0,Sorghum,Sandy,NPK 15-15-15
12.2,17.0,12.3,7.93,2.32,33.1,41.2,1234.0,Maize,Silt,NPK 15-15-15
5.6,26.5,16.4,6.68,2.1,27.0,47.1,1909.0,Tomato,Sandy,NPK 20-10-10
25.5,17.9,28.8,7.16,0.97,32.8,70.3,1476.0,Cassava,Sandy,DAP
6.1,28.8,13.4,6.68,2.25,37.0,93.3,1689.0,Tomato,Sandy,NPK 20-10-10
5.5,11.8,12.1,6.45,1.78,37.6,61.5,1902.0,Cassava,Sandy,NPK 15-15-15
19.5,38.6,37.5,7.42,1.67,37.3,50.9,665.0,Maize,Loamy,Urea
30.0,22.3,47.6,7.26,1.52,22.6,67.3,892.0,Rice,Clay,Organic Compost
10.0,38.1,40.2,8.15,2.33,23.9,56.7,1110.0,Millet,Silt,Urea
60.4,49.5,55.7,7.05,2.43,34.3,64.0,1534.0,Rice,Clay,Organic Compost
32.0,27.5,24.0,6.53,0.82,27.2,47.4,646.0,Maize,Sandy,NPK 15-15-15
11.7,44.1,46.1,7.0,1.54,37.1,57.7,1367.0,Wheat,Silt,Urea
48.3,22.0,46.5,4.63,1.61,18.2,59.2,1327.0,Maize,Loamy,NPK 20-10-10
59.8,41.5,23.0,5.17,2.26,36.9,76.8,1591.0,Maize,Clay,Organic Compost
51.3,30.7,40.7,6.99,1.27,27.0,57.6,1926.0,Rice,Loamy,NPK 20-10-10
52.5,34.4,49.1,7.19,1.62,26.2,78.6,416.0,Sorghum,Clay,Organic Compost
48.3,43.9,36.2,7.39,0.77,25.9,69.2,1634.0,Wheat,Loamy,Potash
31.6,28.3,36.8,5.23,1.36,28.8,60.4,1905.0,Tomato,Clay,Organic Compost
59.8,33.3,46.9,6.24,2.32,26.8,42.2,893.0,Tomato,Clay,Organic Compost
43.4,42.4,16.7,4.71,0.82,27.0,71.7,1136.0,Sorghum,Loamy,Potash
43.8,54.5,40.2,6.79,2.08,28.1,90.5,1413.0,Tomato,Loamy,Organic Compost
29.7,55.4,27.6,8.06,2.41,25.6,87.5,1855.0,Tomato,Clay,Organic Compost
40.8,25.6,31.9,7.9,1.81,31.0,80.0,1595.0,Millet,Loamy,Potash
32.7,48.9,31.3,5.22,0.55,31.8,71.0,1789.0,Cassava,Silt,NPK 20-10-10
49.7,43.6,11.0,5.75,1.83,18.9,55.9,1283.0,Tomato,Silt,Potash
13.5,46.1,18.3,7.91,1.86,20.9,94.1,573.0,Millet,Loamy,NPK 20-10-10
23.7,15.3,49.7,6.48,2.11,23.9,54.4,1188.0,Maize,Silt,DAP
19.4,9.3,19.9,6.87,0.54,30.5,92.9,729.0,Sorghum,Sandy,NPK 15-15-15
50.2,40.4,26.3,7.19,1.57,33.4,54.4,1973.0,Rice,Clay,Organic Compost
15.8,23.3,18.1,7.55,1.93,28.2,91.6,685.0,Cassava,Loamy,NPK 20-10-10
25.7,10.1,17.0,5.22,1.64,23.8,44.5,1472.0,Maize,Silt,Superphosphate
21.7,34.3,29.7,7.52,1.84,23.9,72.4,1677.0,Rice,Sandy,NPK 15-15-15
29.4,22.2,19.7,7.27,2.51,23.0,45.0,1420.0,Wheat,Sandy,Potash
26.3,34.0,16.0,6.23,1.43,22.5,40.1,729.0,Cassava,Silt,Urea
36.7,54.6,26.2,7.59,1.27,31.2,66.2,1971.0,Wheat,Loamy,NPK 20-10-10
27.0,47.0,54.8,5.51,0.69,37.4,79.0,494.0,Sorghum,Loamy,NPK 20-10-10
46.4,10.7,12.9,4.98,2.45,36.6,74.3,1060.0,Millet,Silt,Superphosphate
48.5,40.8,41.3,8.1,0.76,33.1,91.9,691.0,Tomato,Loamy,Organic Compost
30.7,22.9,23.9,6.72,1.37,21.6,42.5,847.0,Maize,Sandy,NPK 15-15-15
21.0,24.2,34.5,6.96,0.55,19.3,75.4,1368.0,Millet,Loamy,NPK 15-15-15
33.0,40.5,22.0,4.62,1.48,32.1,50.8,980.0,Maize,Loamy,NPK 20-10-10
54.0,33.7,29.1,6.81,2.55,32.9,43.9,1073.0,Millet,Loamy,Potash
48.6,51.1,40.4,6.17,1.2,37.0,55.4,743.0,Rice,Clay,Organic Compost
13.5,41.5,33.9,7.47,1.72,35.3,80.5,1492.0,Sorghum,Silt,Urea
7.4,6.3,10.7,6.21,0.42,31.4,92.4,1073.0,Maize,Sandy,NPK 15-15-15
25.1,36.7,61.5,5.02,2.34,26.1,68.4,1719.0,Beans,Clay,Organic Compost
27.0,24.6,31.8,5.08,1.1,30.4,84.1,1938.0,Wheat,Loamy,NPK 15-15-15
25.0,51.9,44.2,6.02,2.54,18.6,83.2,1478.0,Beans,Loamy,NPK 15-15-15
22.4,52.1,18.6,6.57,1.6,28.7,47.6,1186.0,Tomato,Loamy,Potash
15.2,52.8,51.7,6.56,2.35,37.5,49.5,749.0,Wheat,Loamy,Urea
29.3,19.8,5.7,4.77,2.24,29.3,42.9,1512.0,Wheat,Sandy,Superphosphate
56.1,32.3,51.8,5.72,1.63,37.9,73.7,1300.0,Maize,Clay,Organic Compost
46.5,46.2,44.8,5.75,0.93,26.0,68.6,1700.0,Cassava,Loamy,Organic Compost
42.6,23.1,42.6,6.42,1.7,35.3,71.3,1300.0,Wheat,Clay,Organic Compost
43.2,20.4,30.6,5.0,0.47,34.4,59.6,826.0,Tomato,Loamy,Potash
10.0,36.1,17.2,4.6,2.02,36.9,46.4,1144.0,Sorghum,Silt,NPK 20-10-10
16.8,29.1,14.3,4.85,1.73,34.8,59.0,1118.0,Tomato,Sandy,NPK 20-10-10
34.0,29.0,7.2,5.61,0.83,20.3,63.2,1068.0,Beans,Sandy,Potash
11.3,10.2,47.9,7.47,0.49,35.2,67.0,1591.0,Rice,Silt,NPK 20-10-10
33.7,41.8,28.3,5.97,0.61,31.2,43.3,874.0,Sorghum,Clay,Organic Compost
39.7,35.3,39.9,5.1,2.36,24.9,76.9,1913.0,Tomato,Clay,Organic Compost
20.3,59.8,34.2,5.58,1.08,37.8,56.3,1858.0,Cassava,Clay,Organic Compost
26.7,47.7,36.0,6.25,0.74,37.5,54.6,1774.0,Cassava,Clay,Superphosphate
46.3,23.2,36.4,5.6,0.86,30.4,79.9,1540.0,Millet,Loamy,Potash
28.4,54.1,53.1,6.17,2.54,37.7,80.9,1692.0,Tomato,Loamy,NPK 20-10-10
17.3,18.6,45.4,5.26,1.23,26.7,43.8,1778.0,Maize,Loamy,NPK 20-10-10
44.9,45.1,46.3,5.46,0.77,19.7,79.7,1188.0,Wheat,Clay,Organic Compost
24.7,26.2,11.3,7.05,1.01,18.6,85.0,1603.0,Sorghum,Sandy,Potash
40.5,20.2,20.5,5.85,1.99,23.0,44.1,815.0,Cassava,Silt,Potash
26.6,7.3,24.7,5.66,0.8,22.7,50.9,1778.0,Maize,Sandy,DAP
20.2,8.2,8.3,5.86,2.28,29.8,77.4,1063.0,Millet,Silt,Superphosphate
22.4,6.0,21.6,6.83,1.21,24.8,83.3,993.0,Tomato,Sandy,DAP
49.4,15.8,23.9,4.51,1.47,23.7,85.4,1865.0,Millet,Silt,DAP
21.2,25.2,50.1,5.85,0.44,19.0,58.6,1815.0,Millet,Loamy,Potash
17.3,31.2,16.5,6.42,2.48,37.1,49.1,1483.0,Tomato,Sandy,NPK 20-10-10
9.1,29.3,11.9,7.97,0.95,26.8,80.0,1212.0,Tomato,Silt,NPK 20-10-10
10.9,19.7,33.9,7.4,1.14,36.3,88.1,834.0,Sorghum,Sandy,NPK 20-10-10
59.2,43.1,24.1,5.01,1.5,18.5,82.3,892.0,Millet,Clay,DAP
23.2,8.8,10.4,7.25,0.73,18.1,95.0,864.0,Tomato,Sandy,Superphosphate
60.4,38.1,51.5,8.07,1.02,18.6,64.7,1618.0,Cassava,Clay,Organic Compost
23.5,14.9,21.5,5.35,1.14,24.2,52.9,595.0,Millet,Loamy,DAP
51.1,23.9,40.4,6.45,2.34,31.9,50.1,826.0,Tomato,Loamy,NPK 20-10-10
7.4,24.4,10.1,7.99,2.52,35.2,87.3,1938.0,Millet,Sandy,NPK 20-10-10
13.6,27.2,12.4,7.06,0.57,35.2,86.8,1945.0,Sorghum,Silt,Urea
16.2,39.5,13.0,7.74,2.33,29.1,63.3,1823.0,Rice,Silt,NPK 20-10-10
29.7,30.5,48.8,7.77,1.6,20.2,73.5,1137.0,Tomato,Loamy,NPK 15-15-15
34.9,17.3,33.0,5.41,0.83,31.1,67.5,1593.0,Millet,Sandy,DAP
36.6,29.0,20.0,6.35,1.69,29.0,71.1,1108.0,Maize,Silt,NPK 15-15-15
14.0,35.0,48.9,7.41,1.58,30.8,93.7,1948.0,Millet,Loamy,Urea
24.1,27.4,8.1,5.84,0.76,25.7,64.3,685.0,Rice,Sandy,Potash
32.7,10.1,20.4,5.77,1.33,25.8,93.8,1462.0,Wheat,Sandy,NPK 20-10-10
42.9,24.9,39.8,4.99,1.63,25.4,43.7,1446.0,Millet,Clay,Organic Compost
58.0,30.2,32.8,4.67,1.46,34.8,46.1,668.0,Millet,Clay,Organic Compost
28.4,27.2,23.0,4.57,1.33,20.2,56.1,1798.0,Tomato,Clay,Urea
25.3,48.9,31.9,4.64,2.15,29.1,82.7,642.0,Beans,Silt,NPK 20-10-10
30.5,34.0,39.7,6.45,2.05,22.5,90.6,486.0,Tomato,Loamy,NPK 15-15-15
35.7,28.3,48.0,4.79,1.33,36.1,77.4,989.0,Beans,Silt,NPK 15-15-15
49.0,32.5,8.3,8.1,2.21,29.0,48.8,1810.0,Maize,Silt,Potash
28.7,49.3,32.6,7.13,1.85,28.4,78.1,713.0,Beans,Silt,NPK 20-10-10
13.1,17.5,8.1,7.94,0.99,29.6,61.9,955.0,Millet,Sandy,NPK 15-15-15
20.1,24.6,16.1,6.82,0.59,31.3,67.7,1436.0,Cassava,Silt,Organic Compost
21.9,58.5,53.3,4.96,1.62,37.1,53.3,516.0,Tomato,Clay,Organic Compost
45.4,51.2,31.3,8.19,0.82,36.4,57.8,1843.0,Rice,Loamy,Potash
5.6,14.1,18.1,8.14,1.92,30.7,75.5,1034.0,Maize,Sandy,NPK 15-15-15
44.3,40.0,44.1,5.06,1.62,21.8,57.2,1667.0,Maize,Loamy,Organic Compost
45.5,12.5,28.9,6.26,1.28,18.1,54.0,649.0,Wheat,Silt,DAP
47.4,16.3,26.3,6.65,0.49,28.5,65.5,1773.0,Rice,Loamy,DAP
18.3,32.5,16.5,6.78,2.15,29.1,59.7,1115.0,Wheat,Loamy,NPK 20-10-10
21.6,44.1,48.6,5.45,2.29,34.7,73.6,1734.0,Millet,Silt,NPK 20-10-10
37.0,62.0,42.3,5.38,1.87,33.2,87.4,420.0,Sorghum,Clay,Organic Compost
38.5,30.1,21.8,4.63,1.1,31.1,40.5,1874.0,Sorghum,Silt,NPK 15-15-15
49.9,19.8,14.5,4.79,1.56,23.7,86.3,1273.0,Wheat,Loamy,Superphosphate
47.6,44.2,13.7,7.73,1.21,25.7,67.7,1629.0,Sorghum,Silt,Potash
10.1,13.9,33.4,6.05,2.0,19.6,41.7,484.0,Tomato,Sandy,NPK 20-10-10
33.3,18.5,13.9,7.06,1.6,35.8,80.0,916.0,Wheat,Silt,Superphosphate
15.4,10.0,22.2,6.95,1.03,32.4,43.7,1568.0,Tomato,Sandy,NPK 20-10-10
18.1,9.6,5.6,7.63,2.34,25.4,76.3,1792.0,Tomato,Sandy,DAP
29.1,30.5,58.6,7.07,1.77,30.9,62.7,1660.0,Beans,Clay,Organic Compost
18.3,16.2,46.2,7.1,1.39,20.7,82.5,975.0,Maize,Loamy,NPK 20-10-10
52.0,14.9,39.7,7.43,1.04,32.7,56.4,1416.0,Tomato,Loamy,DAP
59.9,61.9,49.1,6.64,1.9,32.9,84.9,865.0,Rice,Clay,Organic Compost
12.3,41.3,32.4,6.26,1.28,23.1,72.2,536.0,Rice,Silt,Urea
23.9,5.9,16.2,5.98,1.67,36.0,79.4,1690.0,Cassava,Sandy,Superphosphate
34.1,43.6,35.0,8.01,1.54,29.0,46.6,527.0,Beans,Loamy,NPK 20-10-10
40.9,19.7,16.6,6.77,2.29,18.7,67.8,707.0,Rice,Loamy,Superphosphate
35.2,26.3,42.3,6.32,2.48,25.2,79.7,542.0,Cassava,Silt,NPK 15-15-15
23.2,14.5,22.7,5.5,1.77,21.3,91.1,859.0,Sorghum,Loamy,DAP
38.8,36.5,19.8,6.14,0.9,35.7,88.7,976.0,Cassava,Silt,Potash
24.9,15.8,39.5,7.34,1.15,28.0,41.2,1408.0,Maize,Loamy,DAP
20.5,37.9,48.1,5.39,0.77,30.3,72.6,888.0,Rice,Clay,Organic Compost
29.5,32.7,25.3,5.58,1.89,26.4,50.0,679.0,Sorghum,Sandy,NPK 15-15-15
45.0,60.9,48.3,5.36,2.24,37.7,62.7,1808.0,Cassava,Clay,Organic Compost
5.2,25.9,34.0,5.0,2.41,22.1,69.8,1284.0,Maize,Sandy,NPK 20-10-10
10.2,16.7,10.7,6.98,1.47,25.1,52.8,1460.0,Wheat,Sandy,NPK 15-15-15
17.3,5.8,28.7,6.44,0.54,32.5,52.7,878.0,Tomato,Sandy,NPK 20-10-10
33.5,49.3,33.2,4.84,0.62,28.8,94.9,1237.0,Rice,Clay,Organic Compost
56.9,38.8,43.7,6.85,0.42,18.9,92.8,1104.0,Beans,Clay,Organic Compost
23.1,14.3,44.8,5.46,2.14,33.6,45.7,857.0,Wheat,Loamy,DAP
46.3,35.2,41.9,7.97,1.3,20.6,47.5,1000.0,Millet,Loamy,NPK 20-10-10
21.2,28.1,34.8,5.99,2.16,32.7,54.0,585.0,Beans,Sandy,NPK 20-10-10
24.3,30.4,16.2,7.38,0.45,20.7,91.7,888.0,Rice,Silt,Potash
15.5,37.7,46.0,6.6,0.98,35.0,56.2,1706.0,Cassava,Silt,Urea
43.0,53.2,50.5,7.95,1.34,22.9,94.9,623.0,Maize,Loamy,Organic Compost
23.0,19.7,14.2,4.65,2.55,26.8,56.0,696.0,Beans,Silt,Superphosphate
30.3,31.4,61.5,6.69,0.63,33.1,44.3,910.0,Wheat,Clay,Organic Compost
23.2,44.3,42.2,5.74,1.46,27.3,93.6,1474.0,Beans,Clay,Organic Compost
38.9,24.0,25.9,6.6,0.76,34.7,48.9,993.0,Sorghum,Clay,Organic Compost
10.0,34.6,28.9,6.17,0.92,18.2,84.4,1606.0,Beans,Silt,Urea
22.1,12.5,27.3,4.52,1.43,20.8,59.4,1002.0,Cassava,Silt,DAP
29.5,35.7,42.6,5.7,1.51,33.5,59.5,1289.0,Sorghum,Silt,NPK 15-15-15
34.9,22.4,18.4,7.45,2.3,34.1,74.0,519.0,Maize,Loamy,Potash
46.1,41.9,37.2,6.37,1.37,29.8,66.0,1060.0,Beans,Silt,Potash
11.6,9.1,9.7,7.09,2.31,33.3,62.2,1304.0,Beans,Sandy,Potash
46.1,38.3,47.8,5.78,0.59,28.3,94.6,1825.0,Beans,Loamy,NPK 20-10-10
60.1,43.5,38.3,6.94,1.62,32.0,60.8,1957.0,Wheat,Clay,Organic Compost
21.4,31.1,59.3,7.5,0.96,29.4,41.5,1726.0,Rice,Clay,Organic Compost
13.9,9.4,47.7,7.2,0.98,18.5,75.0,1790.0,Beans,Silt,NPK 20-10-10
53.0,32.8,46.9,5.78,0.43,35.1,92.2,493.0,Wheat,Loamy,NPK 20-10-10
56.4,48.3,54.5,7.22,1.24,20.7,89.2,1923.0,Cassava,Clay,Potash
24.1,49.7,29.0,8.12,2.04,32.0,52.0,781.0,Tomato,Clay,Organic Compost
25.7,51.4,31.6,5.76,2.29,31.4,64.8,1632.0,Rice,Loamy,NPK 20-10-10
24.4,25.6,50.7,8.08,0.52,35.8,85.5,703.0,Wheat,Loamy,NPK 15-15-15
11.2,16.5,9.8,6.57,1.15,27.2,67.2,1240.0,Cassava,Sandy,NPK 15-15-15
32.1,20.8,10.7,5.89,2.57,30.4,79.8,1750.0,Wheat,Silt,Potash
56.5,32.8,30.7,5.46,1.17,33.5,45.9,1237.0,Cassava,Clay,Organic Compost
36.1,40.1,48.9,5.11,1.3,18.6,40.1,1079.0,Beans,Clay,Organic Compost
21.6,19.1,17.9,6.77,2.49,29.0,86.7,936.0,Cassava,Sandy,Superphosphate
37.1,43.7,39.0,7.65,0.86,31.3,67.3,906.0,Wheat,Loamy,NPK 20-10-10
50.3,37.8,40.5,7.96,2.03,22.4,82.2,605.0,Tomato,Loamy,NPK 20-10-10
8.4,29.9,25.3,7.29,1.63,33.2,92.5,1587.0,Beans,Sandy,NPK 20-10-10
32.6,18.8,50.9,6.03,0.95,30.8,94.8,1750.0,Beans,Loamy,DAP
12.6,20.4,9.2,5.57,2.58,27.1,80.8,1101.0,Tomato,Sandy,Potash
31.0,28.2,40.4,7.82,1.15,29.3,42.8,1556.0,Cassava,Clay,Organic Compost
30.9,15.0,51.6,6.54,0.71,32.9,82.8,722.0,Sorghum,Loamy,DAP
28.0,49.2,42.4,7.77,1.57,34.2,53.0,847.0,Rice,Loamy,NPK 20-10-10
13.9,37.2,12.7,5.21,1.09,34.8,50.8,1025.0,Tomato,Loamy,NPK 20-10-10
15.2,12.3,53.4,4.65,1.84,18.1,85.5,1471.0,Beans,Loamy,NPK 20-10-10
34.0,7.3,22.6,7.26,0.67,22.2,62.4,1759.0,Tomato,Sandy,DAP
19.6,40.2,12.0,8.01,1.49,32.3,93.6,1064.0,Sorghum,Silt,NPK 20-10-10
11.9,36.4,49.8,7.73,2.53,22.2,43.8,842.0,Cassava,Silt,Urea
45.6,14.0,38.1,5.48,0.98,33.7,89.2,1357.0,Maize,Loamy,Superphosphate
52.4,38.7,47.9,6.27,1.38,29.1,86.4,1916.0,Maize,Loamy,NPK 20-10-10
40.9,40.6,47.7,5.02,0.51,20.4,71.2,1774.0,Beans,Silt,Potash
45.6,32.2,30.2,4.58,0.75,18.3,66.8,1461.0,Cassava,Clay,Organic Compost
23.5,43.8,28.6,6.89,2.18,30.8,61.7,1018.0,Cassava,Clay,Organic Compost
47.6,24.1,53.0,4.7,1.22,25.6,74.3,1738.0,Maize,Clay,Organic Compost
32.3,33.6,8.8,6.39,2.46,22.9,83.2,1554.0,Beans,Silt,Potash
55.8,31.6,39.2,6.28,1.94,23.0,58.5,1961.0,Beans,Clay,Organic Compost
14.4,54.9,44.9,8.12,1.14,20.5,81.0,1580.0,Wheat,Loamy,Urea
44.7,26.0,40.1,8.2,2.04,23.3,74.4,1170.0,Tomato,Clay,Organic Compost
24.3,23.4,7.7,4.98,1.41,28.8,50.5,1731.0,Maize,Sandy,Potash
29.1,22.6,14.5,7.57,1.53,26.7,40.9,1714.0,Wheat,Sandy,Potash
30.1,7.6,33.6,5.73,1.13,32.0,59.9,833.0,Wheat,Sandy,DAP
53.8,17.6,52.3,6.62,1.88,33.9,42.4,1959.0,Tomato,Loamy,DAP
30.3,37.7,36.1,4.86,0.83,33.4,67.2,697.0,Cassava,Loamy,NPK 15-15-15
46.8,39.7,42.3,6.37,1.5,20.4,91.4,1023.0,Sorghum,Silt,NPK 20-10-10
11.0,31.1,18.1,5.92,0.98,37.2,77.1,1190.0,Beans,Sandy,NPK 20-10-10
32.9,9.8,17.3,6.52,0.79,30.7,80.5,783.0,Millet,Sandy,Superphosphate
44.7,49.2,53.4,5.32,1.98,35.7,92.4,558.0,Sorghum,Clay,Organic Compost
24.6,20.6,32.7,5.4,1.94,37.2,45.6,743.0,Wheat,Silt,NPK 15-15-15
22.4,14.4,16.4,7.51,2.06,26.4,55.7,1932.0,Tomato,Sandy,Superphosphate
29.4,9.8,31.0,7.99,0.44,24.1,67.6,810.0,Sorghum,Silt,DAP
16.6,14.3,34.8,8.06,1.79,19.1,44.3,1519.0,Wheat,Sandy,NPK 20-10-10
50.0,42.9,20.7,7.85,2.02,36.2,89.0,405.0,Beans,Loamy,Potash
15.2,13.9,20.4,7.63,0.72,27.3,87.0,1148.0,Cassava,Sandy,NPK 20-10-10
5.5,18.6,20.8,5.32,0.95,20.1,89.1,478.0,Beans,Sandy,NPK 20-10-10
44.2,57.5,41.9,4.63,0.95,37.4,84.7,1973.0,Rice,Clay,Organic Compost
19.2,42.7,16.5,6.75,2.38,34.3,63.3,1024.0,Wheat,Silt,NPK 20-10-10
13.2,8.4,14.3,5.02,0.54,35.9,76.3,1943.0,Millet,Sandy,NPK 15-15-15
32.5,38.6,16.1,6.96,1.81,27.8,76.1,1691.0,Wheat,Loamy,Potash
32.3,56.8,60.6,7.48,1.92,34.8,82.1,880.0,Rice,Clay,Organic Compost
48.9,24.3,23.7,8.07,1.67,33.1,42.2,1214.0,Millet,Loamy,Potash
21.4,43.8,8.8,7.08,1.52,25.5,89.2,1615.0,Sorghum,Silt,Potash
51.3,52.4,43.5,6.07,2.56,18.9,86.7,875.0,Sorghum,Loamy,Organic Compost
32.1,21.9,25.6,6.59,2.54,22.5,58.9,784.0,Sorghum,Loamy,NPK 15-15-15
10.8,24.6,10.3,6.58,0.52,32.4,40.0,1486.0,Millet,Sandy,NPK 20-10-10
15.5,25.7,42.5,6.79,1.04,27.1,58.3,419.0,Tomato,Loamy,Urea
41.6,35.6,40.8,7.15,0.62,26.9,49.5,1436.0,Cassava,Clay,Organic Compost
24.4,19.4,24.2,6.2,2.11,29.2,67.6,449.0,Cassava,Silt,NPK 20-10-10
29.9,9.2,31.4,8.12,1.97,27.3,52.2,1821.0,Millet,Sandy,DAP
44.2,58.1,56.6,7.5,1.08,33.3,89.4,1741.0,Rice,Clay,Organic Compost
48.3,34.5,22.6,6.17,2.27,18.4,62.8,1773.0,Sorghum,Loamy,Potash
42.7,38.4,36.2,5.36,2.43,19.7,78.0,1471.0,Cassava,Loamy,Potash
26.7,15.5,53.0,7.68,2.49,37.8,52.1,1632.0,Wheat,Loamy,DAP
29.6,11.5,49.4,7.58,2.22,19.6,40.4,828.0,Wheat,Silt,DAP
24.6,8.9,18.8,6.22,2.55,33.5,47.4,1134.0,Sorghum,Sandy,Superphosphate
27.1,42.6,28.0,4.62,2.19,37.9,55.3,1466.0,Millet,Silt,NPK 20-10-10
58.5,60.3,24.6,7.19,0.8,28.6,84.0,758.0,Cassava,Clay,Organic Compost
17.5,7.3,17.5,6.17,2.11,25.0,47.0,1645.0,Beans,Sandy,NPK 15-15-15
30.0,34.0,33.9,6.8,0.98,35.3,49.8,1599.0,Wheat,Sandy,NPK 15-15-15
43.9,60.2,21.5,4.64,2.08,38.0,48.1,999.0,Beans,Clay,Organic Compost
25.3,45.4,26.9,5.76,1.69,23.6,76.1,865.0,Millet,Silt,NPK 20-10-10
56.2,21.7,50.5,7.79,2.02,22.6,81.1,1687.0,Millet,Clay,Organic Compost
23.7,52.7,33.5,4.98,1.96,29.3,82.0,878.0,Beans,Loamy,NPK 15-15-15
6.4,24.8,20.1,5.28,2.16,31.1,70.2,1557.0,Millet,Sandy,NPK 20-10-10
35.5,22.8,45.1,6.96,1.71,28.7,54.2,1447.0,Millet,Loamy,NPK 15-15-15
15.5,33.1,29.0,4.73,1.01,35.0,81.5,710.0,Sorghum,Sandy,NPK 20-10-10
37.4,15.8,23.3,4.81,2.43,21.6,68.7,688.0,Maize,Loamy,DAP
7.5,20.9,20.8,5.44,2.45,26.8,84.4,1215.0,Sorghum,Sandy,NPK 20-10-10
10.3,25.2,27.5,5.12,2.57,36.3,53.4,902.0,Beans,Sandy,NPK 20-10-10
17.3,30.1,32.6,7.76,1.87,26.4,67.8,1541.0,Maize,Sandy,NPK 20-10-10
30.1,32.4,43.1,7.99,1.07,33.3,73.0,865.0,Sorghum,Silt,NPK 15-15-15
54.4,37.0,54.1,5.4,1.41,30.4,72.9,478.0,Wheat,Clay,Organic Compost
60.7,60.7,35.2,7.41,1.61,25.9,83.0,1923.0,Millet,Clay,Organic Compost
52.9,42.5,21.3,4.53,1.86,30.5,52.3,1428.0,Maize,Loamy,Potash
14.3,30.9,13.8,5.54,2.06,18.3,79.5,475.0,Millet,Sandy,Urea
60.2,26.8,32.8,7.02,2.36,27.9,67.4,898.0,Cassava,Clay,Organic Compost
13.1,38.9,28.3,7.38,1.83,18.1,67.7,1279.0,Rice,Silt,Urea
41.5,45.8,33.1,7.58,0.8,35.1,90.6,430.0,Beans,Silt,Potash
39.8,50.5,19.8,6.33,0.61,31.0,46.5,1955.0,Wheat,Loamy,Potash
53.0,39.7,33.0,7.29,2.3,34.2,59.6,1034.0,Rice,Loamy,Potash
32.6,25.7,38.4,7.52,1.01,25.5,55.1,1376.0,Sorghum,Clay,Organic Compost
28.4,24.9,34.6,4.87,2.4,34.2,89.8,1601.0,Rice,Sandy,NPK 15-15-15
8.3,5.1,33.4,7.56,0.58,27.1,55.9,876.0,Cassava,Sandy,NPK 20-10-10
17.7,29.4,10.0,7.35,0.51,24.8,71.3,501.0,Beans,Sandy,NPK 20-10-10
19.2,11.4,14.5,5.13,0.62,26.4,52.2,1443.0,Maize,Sandy,NPK 15-15-15
16.0,8.1,6.2,7.33,0.78,30.2,56.8,922.0,Rice,Sandy,NPK 15-15-15
36.6,37.3,24.3,5.28,1.16,19.8,69.1,1717.0,Rice,Loamy,NPK 15-15-15
19.5,27.8,46.2,5.13,0.56,28.6,70.8,1971.0,Wheat,Silt,Urea
25.1,11.2,29.4,6.13,2.3,21.5,72.8,1524.0,Wheat,Sandy,DAP
38.8,16.6,13.4,5.3,0.93,30.0,41.3,836.0,Beans,Loamy,Superphosphate
34.9,50.3,54.7,7.12,0.65,32.8,86.7,1000.0,Beans,Clay,Organic Compost
37.8,31.0,24.1,5.69,2.16,34.8,58.3,1410.0,Maize,Silt,NPK 15-15-15
46.5,34.3,31.5,5.67,1.12,27.9,59.5,1551.0,Tomato,Clay,Organic Compost
21.5,25.5,31.9,6.69,0.52,24.0,58.2,1974.0,Cassava,Sandy,NPK 15-15-15
22.8,48.4,40.2,5.26,1.44,22.5,94.4,1315.0,Wheat,Silt,Urea
30.3,29.5,17.3,7.04,0.91,37.7,85.3,1116.0,Maize,Silt,Potash
15.6,44.5,50.1,6.35,2.37,37.0,72.5,807.0,Rice,Loamy,Urea
52.0,20.2,27.3,4.95,1.02,28.1,61.4,1406.0,Rice,Loamy,Potash
46.4,58.9,57.0,5.48,1.44,20.0,52.2,870.0,Sorghum,Clay,Organic Compost
31.9,14.0,30.8,7.36,0.72,24.4,79.1,922.0,Millet,Sandy,DAP
40.3,34.6,35.0,6.79,1.82,35.3,76.1,1900.0,Beans,Clay,Organic Compost
45.8,21.2,39.3,5.98,0.69,24.4,74.8,1907.0,Cassava,Loamy,Potash
57.6,28.4,23.4,5.7,0.59,26.4,53.3,700.0,Cassava,Clay,Organic Compost
35.2,12.1,38.5,7.1,1.97,28.2,65.5,1363.0,Rice,Loamy,DAP
29.3,44.4,28.4,5.53,0.86,19.3,90.9,924.0,Wheat,Silt,NPK 20-10-10
31.1,30.1,25.6,6.86,0.87,24.8,56.2,999.0,Beans,Loamy,NPK 20-10-10
52.9,37.7,50.9,4.98,1.67,21.8,71.9,1076.0,Rice,Clay,Organic Compost
32.1,19.5,25.2,5.45,1.99,36.8,92.6,1676.0,Millet,Sandy,DAP
13.0,27.6,13.5,5.54,1.0,24.4,70.0,1514.0,Tomato,Sandy,NPK 20-10-10
29.9,10.9,23.3,6.56,1.41,36.0,40.6,1684.0,Sorghum,Sandy,DAP
31.4,19.8,36.3,8.1,0.64,35.7,74.3,1715.0,Beans,Loamy,DAP
24.7,32.1,42.3,5.61,2.52,18.9,71.5,1438.0,Millet,Silt,NPK 15-15-15
18.6,10.8,21.3,5.85,2.22,19.3,63.5,1774.0,Beans,Sandy,NPK 20-10-10
29.2,15.1,20.7,6.67,0.66,31.2,77.6,1415.0,Wheat,Sandy,DAP
11.9,12.5,12.9,5.84,0.95,37.3,44.6,1758.0,Sorghum,Sandy,NPK 15-15-15
14.5,32.1,7.0,5.48,2.51,25.2,53.8,875.0,Millet,Sandy,NPK 20-10-10
33.4,31.7,23.4,6.7,1.91,32.1,48.9,1436.0,Millet,Clay,Organic Compost
50.4,17.9,53.0,5.7,0.47,25.3,56.9,1482.0,Millet,Loamy,DAP
36.5,15.1,38.2,5.51,1.01,26.7,89.1,747.0,Beans,Silt,DAP
22.9,48.3,48.2,8.07,1.1,20.0,64.4,851.0,Maize,Clay,Organic Compost
26.7,53.0,19.5,5.3,1.25,28.8,69.5,1529.0,Maize,Loamy,DAP
6.7,24.1,20.8,5.42,1.23,27.8,43.0,978.0,Beans,Sandy,NPK 20-10-10
19.5,34.2,31.5,7.1,2.55,24.6,56.7,1143.0,Cassava,Sandy,NPK 20-10-10
35.4,16.1,17.2,5.66,1.36,25.3,76.7,1468.0,Tomato,Silt,Superphosphate
35.4,21.5,47.4,7.42,1.89,21.8,63.7,1680.0,Tomato,Clay,Organic Compost
15.9,33.8,27.9,6.72,1.4,34.7,93.1,1633.0,Beans,Silt,Urea
24.0,28.8,28.6,4.53,1.94,22.1,69.3,1593.0,Beans,Sandy,NPK 15-15-15
26.1,14.6,45.2,5.14,0.67,19.9,79.1,544.0,Maize,Loamy,DAP
23.9,9.3,12.0,7.67,0.44,18.7,80.4,739.0,Maize,Sandy,Superphosphate
20.3,16.9,30.0,4.88,2.6,19.1,52.1,624.0,Tomato,Sandy,DAP
5.7,20.9,12.2,6.79,1.38,19.7,89.5,763.0,Maize,Sandy,NPK 20-10-10
47.6,33.2,48.5,4.77,1.03,30.8,82.5,525.0,Sorghum,Loamy,NPK 20-10-10
25.3,26.2,41.3,6.1,1.34,35.4,43.6,1577.0,Millet,Clay,Organic Compost
41.8,37.2,23.4,6.39,0.53,34.2,43.1,866.0,Cassava,Loamy,Potash
34.9,37.9,51.4,6.27,1.84,19.8,86.3,941.0,Cassava,Loamy,NPK 15-15-15
44.6,29.4,31.4,5.04,1.79,29.1,72.6,828.0,Beans,Loamy,Potash
38.8,26.3,50.0,5.15,1.69,34.5,72.4,1368.0,Maize,Clay,Organic Compost
10.9,19.3,15.9,4.76,1.21,32.0,86.8,1716.0,Beans,Sandy,Superphosphate
35.8,54.1,26.8,5.98,1.4,35.1,56.0,1100.0,Maize,Loamy,NPK 20-10-10
25.1,45.0,22.8,6.52,0.55,37.0,76.4,1940.0,Beans,Silt,NPK 20-10-10
17.8,32.9,12.7,6.58,2.51,25.7,59.1,857.0,Beans,Loamy,NPK 20-10-10
32.7,39.7,23.5,5.87,0.92,19.9,86.0,1563.0,Millet,Silt,NPK 15-15-15
34.3,44.3,13.9,4.92,0.97,22.8,48.1,1804.0,Sorghum,Silt,Potash
51.8,42.0,46.2,7.65,2.35,24.5,83.9,426.0,Rice,Clay,Organic Compost
40.7,29.8,56.6,6.5,1.31,33.9,78.8,1606.0,Beans,Clay,Organic Compost
24.9,46.0,28.4,4.95,1.5,22.2,71.7,1240.0,Beans,Loamy,NPK 20-10-10
30.9,34.9,42.7,6.86,0.49,27.9,89.6,1822.0,Rice,Loamy,NPK 15-15-15
19.6,46.5,48.7,6.12,1.93,21.3,76.3,477.0,Tomato,Silt,Urea
44.0,8.5,21.9,6.85,1.07,18.1,69.2,597.0,Cassava,Silt,DAP
44.9,50.7,26.7,7.27,0.77,35.5,77.9,1473.0,Beans,Clay,Organic Compost
6.2,15.4,5.7,4.52,0.8,31.5,52.8,1840.0,Cassava,Sandy,NPK 15-15-15
37.8,38.8,28.8,6.05,0.43,26.3,61.0,468.0,Cassava,Clay,Organic Compost
10.7,18.8,32.4,7.83,0.97,22.4,52.1,1342.0,Millet,Sandy,NPK 20-10-10
47.0,49.8,25.6,4.83,0.59,27.0,54.1,971.0,Rice,Clay,Organic Compost
26.1,43.8,52.5,6.89,2.09,22.6,50.3,1996.0,Maize,Loamy,NPK 20-10-10
29.1,13.5,6.6,7.07,1.58,19.1,63.3,1337.0,Maize,Sandy,Superphosphate
33.1,32.8,31.6,7.08,2.39,35.1,69.9,1219.0,Wheat,Sandy,NPK 15-15-15
8.6,32.9,19.7,4.82,2.48,34.2,75.6,1986.0,Maize,Sandy,NPK 20-10-10
43.0,17.1,45.3,5.5,1.17,34.6,47.2,1910.0,Wheat,Loamy,DAP
9.1,42.0,28.2,6.38,2.24,28.3,92.6,406.0,Wheat,Silt,Urea
32.5,26.2,13.9,7.61,0.88,26.8,83.1,1047.0,Millet,Sandy,Potash
30.8,12.0,24.1,6.95,1.31,26.7,90.5,755.0,Sorghum,Sandy,Potash
61.0,57.7,52.4,4.9,1.77,31.0,67.2,1747.0,Beans,Clay,Organic Compost
8.9,9.5,10.2,5.66,2.04,29.5,66.7,1576.0,Beans,Silt,NPK 15-15-15
18.4,23.6,43.8,7.42,0.74,19.2,76.0,1513.0,Sorghum,Silt,Urea
44.5,22.2,23.2,6.89,2.29,26.3,40.4,1437.0,Wheat,Silt,Potash
20.8,23.9,31.2,5.5,0.43,33.0,77.6,1809.0,Cassava,Sandy,NPK 15-15-15
10.0,37.9,16.0,6.55,1.51,26.2,42.7,1370.0,Beans,Silt,NPK 20-10-10
40.5,53.8,52.0,7.79,2.05,34.0,79.2,1055.0,Rice,Loamy,Organic Compost
23.5,29.2,33.6,5.96,2.39,19.4,54.1,1148.0,Sorghum,Sandy,NPK 15-15-15
29.5,32.5,26.9,7.8,2.28,23.1,43.7,517.0,Wheat,Silt,NPK 15-15-15
15.2,37.5,25.2,6.66,1.72,31.6,55.6,1880.0,Cassava,Silt,Urea
48.8,42.7,41.3,4.92,1.58,32.7,40.8,1078.0,Wheat,Clay,Organic Compost
34.7,25.6,25.5,6.17,0.59,36.0,43.1,1645.0,Rice,Sandy,NPK 15-15-15
19.7,18.6,35.0,8.19,0.52,35.9,40.3,1361.0,Tomato,Sandy,NPK 20-10-10
49.5,45.4,39.3,7.65,1.9,33.9,44.2,732.0,Beans,Clay,Organic Compost
45.2,32.1,47.3,7.78,1.7,21.0,73.3,902.0,Cassava,Loamy,NPK 20-10-10
49.4,37.8,21.2,5.54,0.49,19.2,44.1,1482.0,Maize,Silt,Potash
49.6,38.0,33.3,6.53,2.51,30.3,42.0,1343.0,Beans,Silt,Potash
19.6,28.5,29.6,4.69,2.52,28.4,85.6,1426.0,Tomato,Sandy,NPK 20-10-10
15.9,37.9,11.3,5.4,1.56,22.4,70.2,978.0,Beans,Silt,NPK 20-10-10
22.4,20.5,19.3,5.25,0.43,32.3,71.1,476.0,Tomato,Loamy,Potash
40.1,62.0,24.3,6.77,1.56,29.7,68.5,1300.0,Sorghum,Clay,Organic Compost
35.7,17.3,22.9,6.49,1.96,36.3,78.7,1503.0,Sorghum,Silt,DAP
42.5,28.1,49.6,7.69,0.57,18.8,65.3,759.0,Wheat,Loamy,NPK 20-10-10
28.4,10.0,33.6,6.74,2.08,21.2,48.3,906.0,Tomato,Sandy,DAP
23.4,29.9,33.5,5.7,2.49,31.6,63.7,413.0,Millet,Loamy,Superphosphate
44.5,38.5,46.9,7.36,2.17,30.2,87.4,940.0,Sorghum,Loamy,NPK 20-10-10
20.5,17.7,31.4,6.58,0.57,30.5,52.5,613.0,Millet,Silt,DAP
37.3,26.0,59.8,4.56,0.42,26.1,46.7,711.0,Maize,Clay,Organic Compost
57.4,37.7,53.1,8.05,2.26,35.1,83.9,583.0,Cassava,Clay,Organic Compost
36.3,25.6,29.1,7.51,0.47,35.3,71.0,1346.0,Maize,Silt,NPK 15-15-15
22.2,30.3,27.7,7.46,1.14,30.6,71.1,542.0,Rice,Sandy,NPK 15-15-15
27.1,31.7,31.6,5.7,1.74,32.9,75.2,422.0,Wheat,Sandy,NPK 15-15-15
54.0,53.8,47.7,5.07,1.63,35.7,49.0,1772.0,Sorghum,Clay,Urea
49.3,22.3,43.8,5.77,0.62,26.6,84.1,439.0,Wheat,Silt,NPK 20-10-10
42.3,18.5,12.6,5.25,1.75,30.4,59.8,1228.0,Wheat,Silt,Superphosphate
23.8,41.3,59.0,6.12,1.55,34.2,70.0,487.0,Rice,Clay,Organic Compost
32.6,34.4,11.7,6.52,0.57,22.4,44.8,406.0,Cassava,Sandy,Potash
25.9,34.1,31.9,4.63,1.3,36.7,92.9,1558.0,Cassava,Sandy,NPK 15-15-15
24.1,22.9,23.1,7.05,1.95,29.4,91.7,1618.0,Rice,Loamy,NPK 15-15-15
22.4,29.9,14.3,7.89,1.01,20.1,82.5,1912.0,Maize,Loamy,Potash
49.9,19.6,17.7,5.24,0.43,29.6,80.4,1374.0,Cassava,Silt,Superphosphate
49.5,25.3,32.5,7.84,1.0,18.9,58.3,1462.0,Millet,Loamy,Potash
30.5,28.1,51.7,6.46,2.35,26.0,72.1,1304.0,Rice,Loamy,NPK 15-15-15
19.3,10.2,39.3,7.63,1.15,21.5,48.2,1215.0,Wheat,Silt,NPK 20-10-10
46.1,47.9,35.4,7.64,2.18,24.0,73.9,1210.0,Beans,Silt,Potash
30.5,53.4,26.5,5.5,2.19,36.0,91.4,1927.0,Cassava,Clay,Organic Compost
15.5,28.4,39.0,8.11,2.53,29.6,61.6,975.0,Sorghum,Silt,Urea
23.9,13.6,10.6,8.05,1.1,27.5,78.3,1216.0,Wheat,Silt,Superphosphate
19.7,26.0,16.4,7.95,0.53,34.1,85.7,1806.0,Beans,Silt,NPK 20-10-10
33.3,16.0,15.4,7.43,1.6,36.6,54.7,852.0,Sorghum,Silt,Superphosphate
43.9,19.2,36.2,4.87,1.3,29.2,69.2,1960.0,Wheat,Loamy,DAP
47.4,51.1,60.1,5.05,1.97,18.3,40.3,1542.0,Sorghum,Clay,Organic Compost
35.9,26.4,47.0,6.43,1.06,27.3,70.2,730.0,Millet,Clay,Organic Compost
14.8,33.5,23.6,7.79,1.39,20.9,76.6,823.0,Sorghum,Loamy,Urea
25.5,61.7,59.8,4.73,1.23,36.8,54.9,1775.0,Wheat,Clay,Organic Compost
40.5,46.6,26.8,8.14,1.27,18.8,82.2,748.0,Millet,Loamy,Potash
46.6,30.3,28.8,5.66,1.91,19.2,87.4,1941.0,Wheat,Clay,Organic Compost
30.1,29.6,33.1,7.66,2.3,24.2,46.1,1289.0,Rice,Silt,Urea
37.9,36.2,18.9,7.25,1.04,26.5,78.5,897.0,Tomato,Silt,Potash
56.1,59.5,35.7,4.69,0.96,33.4,45.2,1801.0,Maize,Clay,Organic Compost
51.9,51.6,21.0,7.23,1.89,30.0,87.1,1246.0,Millet,Clay,Organic Compost
44.0,52.0,37.8,5.81,1.53,36.9,50.1,1850.0,Sorghum,Loamy,Potash
44.9,39.5,47.8,6.38,1.98,25.1,61.0,688.0,Maize,Silt,NPK 20-10-10
58.6,33.9,46.1,8.1,1.32,19.4,60.6,1969.0,Wheat,Clay,Organic Compost
41.2,32.8,33.7,6.55,1.27,34.3,90.0,1780.0,Tomato,Loamy,Potash
61.0,26.6,35.7,4.69,0.86,26.5,43.4,1319.0,Rice,Clay,Organic Compost
44.8,29.0,14.9,7.03,1.93,28.3,40.3,1918.0,Cassava,Loamy,Potash
15.8,34.7,33.0,7.79,1.78,23.4,83.2,864.0,Maize,Silt,Urea
37.8,61.2,51.7,5.77,2.04,18.3,41.0,1048.0,Wheat,Clay,Organic Compost
16.3,36.8,50.8,6.62,1.02,37.5,91.8,1154.0,Sorghum,Loamy,Urea
29.3,39.0,57.4,7.33,2.59,33.8,83.2,1754.0,Maize,Clay,DAP
40.9,40.1,51.7,7.98,0.78,36.6,79.0,1380.0,Millet,Clay,Organic Compost
6.9,11.4,15.6,6.09,0.67,33.1,70.4,1458.0,Cassava,Sandy,NPK 20-10-10
49.6,49.0,42.2,6.74,2.43,20.1,42.2,1563.0,Sorghum,Loamy,Organic Compost
47.3,8.8,41.2,5.99,1.24,26.3,59.2,573.0,Rice,Silt,DAP
36.7,42.4,40.1,5.41,0.74,34.0,79.3,708.0,Sorghum,Clay,Organic Compost
40.1,37.2,23.8,7.21,0.87,28.3,50.5,960.0,Sorghum,Loamy,Potash
12.5,23.0,30.6,7.45,0.97,33.8,93.1,1435.0,Sorghum,Silt,Urea
31.0,7.9,14.5,6.37,1.14,22.4,90.3,1632.0,Millet,Sandy,Superphosphate
24.0,19.0,14.2,7.59,2.45,25.3,75.5,937.0,Rice,Sandy,Superphosphate
11.2,17.0,14.6,6.38,0.61,30.4,82.6,821.0,Cassava,Sandy,NPK 15-15-15
41.6,24.3,43.2,6.94,2.55,37.3,57.5,1466.0,Maize,Clay,Organic Compost
15.7,17.6,24.8,5.49,2.12,34.3,65.7,1161.0,Millet,Loamy,NPK 20-10-10
16.9,7.7,9.0,7.03,1.6,26.7,81.7,1330.0,Wheat,Sandy,NPK 15-15-15
24.4,16.8,53.1,7.58,1.6,19.9,63.4,1321.0,Tomato,Loamy,DAP
29.3,45.2,21.3,7.73,1.24,23.6,87.5,550.0,Rice,Silt,NPK 20-10-10
7.4,25.2,16.1,7.3,1.53,34.1,41.3,1176.0,Cassava,Sandy,NPK 20-10-10
30.7,19.4,13.3,6.13,2.0,19.5,93.8,1420.0,Millet,Sandy,Superphosphate
57.5,36.9,29.5,6.97,0.52,25.5,51.5,1603.0,Sorghum,Clay,Organic Compost
24.3,26.0,59.1,6.8,1.0,30.0,80.1,1477.0,Millet,Clay,Organic Compost
15.8,51.3,46.4,7.76,0.97,22.7,70.9,1000.0,Sorghum,Loamy,Urea
15.7,13.1,47.6,5.31,2.33,29.2,73.2,433.0,Millet,Loamy,NPK 20-10-10
44.0,23.1,13.8,5.03,2.15,27.9,66.8,1773.0,Beans,Loamy,Potash
6.9,28.7,18.3,7.98,0.9,21.8,40.2,1503.0,Cassava,Sandy,NPK 20-10-10
26.2,25.0,28.5,5.63,1.36,34.9,69.2,1643.0,Maize,Loamy,NPK 15-15-15
60.7,27.7,59.9,7.96,0.81,21.2,56.1,1372.0,Maize,Clay,Organic Compost
61.2,38.6,20.6,8.12,1.33,28.0,74.5,1621.0,Millet,Clay,Organic Compost
34.1,26.9,30.7,5.52,0.41,20.6,72.0,1433.0,Wheat,Silt,NPK 15-15-15
46.4,37.9,49.3,7.96,1.12,33.9,53.1,1325.0,Cassava,Clay,Organic Compost
29.9,47.5,32.3,6.89,1.57,29.2,43.7,1757.0,Beans,Loamy,NPK 20-10-10
35.2,23.4,21.1,5.88,1.49,36.0,61.3,1693.0,Wheat,Clay,Organic Compost
10.0,43.8,33.9,5.3,1.01,32.9,85.0,1562.0,Cassava,Silt,Urea
30.8,35.2,35.2,6.54,1.96,29.4,53.0,463.0,Wheat,Loamy,NPK 15-15-15
25.2,17.6,28.3,5.36,1.06,21.8,72.7,1495.0,Rice,Silt,DAP
17.8,10.5,29.7,6.18,1.24,28.8,47.4,1860.0,Beans,Sandy,NPK 20-10-10
40.0,33.9,25.9,6.96,0.92,24.1,40.8,1939.0,Beans,Clay,Organic Compost
27.7,29.9,11.6,6.23,1.36,18.9,73.7,608.0,Tomato,Sandy,Potash
16.3,19.5,49.4,7.19,2.12,21.1,77.7,620.0,Tomato,Loamy,NPK 20-10-10
26.1,53.6,41.9,4.64,2.09,25.8,56.0,707.0,Wheat,Loamy,NPK 20-10-10
32.6,26.0,32.4,4.63,0.49,30.6,73.9,1549.0,Maize,Sandy,NPK 15-15-15
25.6,29.9,26.1,7.54,1.38,20.1,89.4,1623.0,Wheat,Sandy,NPK 15-15-15
19.3,20.3,18.6,7.54,1.38,23.8,58.5,829.0,Rice,Loamy,NPK 20-10-10
50.7,19.5,48.8,5.66,2.55,31.8,91.0,1843.0,Cassava,Loamy,DAP
19.5,26.9,25.0,5.79,0.79,22.2,84.5,1670.0,Cassava,Loamy,Urea
48.0,18.5,16.2,4.99,0.7,23.4,93.9,1553.0,Rice,Silt,Superphosphate
22.7,19.1,31.8,5.5,0.82,23.5,81.2,1287.0,Maize,Sandy,DAP
29.5,22.9,46.7,5.81,0.49,24.0,48.6,1294.0,Cassava,Loamy,NPK 15-15-15
22.8,16.4,17.2,5.81,1.78,18.3,40.4,609.0,Cassava,Loamy,Superphosphate
18.3,14.2,25.6,5.62,0.85,33.3,93.1,1299.0,Maize,Sandy,Organic Compost
37.1,32.5,29.0,5.86,0.86,25.7,48.9,1475.0,Millet,Silt,DAP
46.3,38.4,47.4,5.77,1.5,28.1,75.0,1152.0,Tomato,Loamy,Superphosphate
38.3,21.4,40.2,5.87,1.52,28.6,83.7,1908.0,Cassava,Clay,Organic Compost
16.3,9.9,23.1,5.95,1.11,30.5,78.3,1115.0,Wheat,Sandy,NPK 20-10-10
35.2,34.5,46.6,8.19,0.5,23.1,84.6,561.0,Wheat,Silt,Superphosphate
45.9,29.7,21.2,5.13,1.61,25.0,74.6,1668.0,Maize,Loamy,NPK 15-15-15
41.1,25.1,32.4,4.89,0.61,35.2,69.6,1141.0,Cassava,Loamy,Potash
37.7,30.9,24.0,7.47,2.48,36.6,49.3,1431.0,Millet,Clay,Organic Compost
42.2,45.8,13.7,4.52,0.83,34.2,90.4,1489.0,Rice,Silt,Urea
17.6,28.4,27.6,5.24,1.1,22.3,69.1,531.0,Sorghum,Sandy,NPK 20-10-10
31.5,43.2,28.5,7.41,2.46,19.8,44.2,695.0,Cassava,Silt,NPK 20-10-10
23.1,25.2,18.7,5.57,0.81,36.8,53.6,946.0,Tomato,Sandy,Potash
34.7,34.3,53.6,6.21,2.38,37.7,43.5,1450.0,Millet,Loamy,NPK 15-15-15
28.3,28.1,44.8,6.98,1.37,29.7,72.9,867.0,Cassava,Loamy,NPK 20-10-10
25.6,32.7,30.2,5.78,1.59,27.0,51.4,732.0,Sorghum,Sandy,NPK 15-15-15
15.0,23.9,33.0,4.67,1.15,34.6,60.4,1351.0,Wheat,Loamy,Urea
25.4,34.1,7.8,7.96,0.74,18.7,65.6,1816.0,Wheat,Sandy,Potash
20.8,36.4,61.4,7.01,1.52,22.1,92.3,467.0,Wheat,Clay,NPK 15-15-15
18.6,31.7,26.4,5.96,1.83,32.5,50.3,942.0,Maize,Sandy,NPK 20-10-10
57.3,57.6,44.9,5.81,1.52,35.6,77.5,1733.0,Millet,Clay,NPK 20-10-10
42.3,32.8,34.8,4.74,2.34,31.9,89.6,660.0,Sorghum,Clay,Organic Compost
11.9,34.1,21.6,5.12,1.15,36.9,73.6,1395.0,Wheat,Silt,Urea
44.4,39.1,24.1,7.37,0.93,21.2,91.4,1464.0,Sorghum,Clay,Organic Compost
22.9,45.2,28.9,6.51,1.14,37.6,67.1,457.0,Beans,Silt,NPK 20-10-10
44.7,31.2,21.4,4.85,1.03,34.7,94.5,578.0,Cassava,Clay,Organic Compost
25.3,51.9,32.1,5.78,2.19,20.0,66.8,726.0,Cassava,Loamy,NPK 20-10-10
34.2,14.0,41.8,7.9,2.35,29.5,77.1,1851.0,Wheat,Silt,DAP
43.9,50.2,28.2,5.6,2.42,19.9,90.9,1553.0,Cassava,Clay,Organic Compost
57.8,28.5,49.0,8.06,0.96,36.3,47.1,1564.0,Beans,Clay,Potash
10.3,49.0,43.2,7.69,2.44,32.4,56.0,2000.0,Sorghum,Silt,Urea
44.3,39.3,40.9,4.5,1.66,19.9,94.9,737.0,Millet,Loamy,NPK 20-10-10
48.2,44.2,38.0,7.32,1.25,33.1,50.1,1710.0,Millet,Clay,Organic Compost
37.2,49.5,41.4,5.5,1.43,26.0,48.9,424.0,Millet,Clay,Organic Compost
21.0,49.9,17.2,6.75,2.2,32.4,61.8,1771.0,Tomato,Silt,Potash
43.7,26.2,23.3,5.9,1.28,18.3,54.5,1494.0,Maize,Loamy,Potash
40.2,54.1,30.4,6.69,1.98,31.5,69.2,1671.0,Tomato,Loamy,Potash
24.3,46.1,36.2,7.63,0.75,25.8,78.5,1852.0,Tomato,Loamy,NPK 20-10-10
39.0,25.3,15.2,6.3,2.5,25.5,69.1,1909.0,Sorghum,Silt,Potash
23.6,15.4,24.9,5.96,1.52,37.3,65.7,1485.0,Wheat,Sandy,DAP
20.4,49.6,47.0,5.81,2.01,33.3,52.7,710.0,Cassava,Clay,Organic Compost
13.3,12.7,8.3,4.8,1.88,36.8,83.8,1170.0,Cassava,Silt,NPK 15-15-15
12.0,17.0,19.3,5.51,2.47,23.6,78.2,925.0,Sorghum,Sandy,NPK 15-15-15
40.0,17.8,31.0,6.86,0.48,33.2,74.4,1424.0,Tomato,Silt,DAP
36.5,26.9,41.4,4.65,1.51,19.2,64.1,1827.0,Cassava,Loamy,NPK 15-15-15
27.6,33.4,31.3,7.67,1.13,34.5,58.5,1756.0,Beans,Sandy,NPK 15-15-15
58.4,49.3,48.8,7.74,2.52,33.3,71.3,685.0,Wheat,Clay,Organic Compost
42.1,47.5,51.9,5.46,1.1,22.8,81.5,1143.0,Sorghum,Clay,Organic Compost
43.6,32.5,49.2,6.71,1.51,19.2,63.3,937.0,Sorghum,Silt,NPK 20-10-10
33.0,62.0,33.4,7.65,2.18,24.5,60.9,1586.0,Maize,Clay,Organic Compost
29.1,30.3,22.0,4.7,1.36,37.2,91.1,1735.0,Wheat,Silt,NPK 15-15-15
34.3,30.8,10.9,6.08,1.72,30.2,75.5,1921.0,Rice,Sandy,Potash
19.6,31.2,31.3,7.08,1.17,20.3,86.5,689.0,Beans,Silt,Urea
41.4,45.4,41.9,4.81,2.24,19.2,94.0,998.0,Wheat,Clay,Organic Compost
20.8,30.3,28.5,6.65,0.43,30.8,83.4,1703.0,Tomato,Sandy,NPK 15-15-15
15.8,16.0,25.8,7.09,1.71,33.3,66.4,1255.0,Maize,Sandy,NPK 20-10-10
24.9,30.0,22.9,5.33,1.74,18.3,57.1,1426.0,Sorghum,Loamy,NPK 15-15-15
39.0,39.1,34.9,7.34,1.93,34.8,54.1,1084.0,Beans,Loamy,NPK 15-15-15
23.3,12.7,28.0,6.19,2.16,31.7,58.7,1579.0,Maize,Loamy,DAP
33.9,21.1,56.6,6.08,1.07,32.9,69.3,1816.0,Maize,Clay,Organic Compost
26.6,28.4,17.9,4.89,1.46,28.8,53.8,768.0,Beans,Sandy,Potash
38.7,24.5,15.0,5.73,0.89,30.4,60.7,1334.0,Cassava,Loamy,Potash
20.2,45.0,22.1,7.33,2.4,28.6,41.3,891.0,Sorghum,Clay,Organic Compost
24.2,25.0,23.7,5.06,0.79,24.0,62.5,767.0,Wheat,Sandy,NPK 15-15-15
28.3,47.9,49.4,5.7,1.79,34.1,52.5,1288.0,Wheat,Silt,NPK 20-10-10
50.1,38.2,38.8,5.36,2.18,33.4,63.7,1771.0,Beans,Loamy,Potash
23.8,6.4,15.7,7.04,1.99,25.4,52.6,679.0,Millet,Sandy,Superphosphate
17.1,10.0,16.3,8.12,1.5,32.1,91.8,1879.0,Cassava,Sandy,NPK 15-15-15
38.3,49.3,46.1,8.17,2.34,28.8,40.1,1990.0,Beans,Loamy,NPK 20-10-10
30.1,39.9,49.8,5.08,1.2,35.5,67.3,1454.0,Beans,Loamy,NPK 15-15-15
23.1,48.4,38.4,8.02,2.3,18.9,87.6,542.0,Cassava,Silt,NPK 20-10-10
20.6,36.0,46.1,8.17,0.89,32.8,51.8,465.0,Sorghum,Silt,NPK 15-15-15
13.1,38.6,48.1,7.22,0.99,35.6,83.8,1365.0,Millet,Silt,Urea
5.2,12.9,13.8,5.14,1.61,20.1,74.2,598.0,Rice,Sandy,NPK 15-15-15
9.8,34.0,7.9,5.24,1.25,34.3,70.0,971.0,Cassava,Sandy,NPK 20-10-10
30.9,22.0,20.9,7.61,0.95,28.7,78.4,646.0,Millet,Loamy,Potash
47.8,31.8,17.4,6.43,2.08,30.0,66.1,1294.0,Tomato,Silt,Potash
27.1,39.9,30.4,6.16,2.5,22.2,84.5,407.0,Tomato,Silt,NPK 15-15-15
32.7,33.2,28.8,4.7,0.91,23.2,65.5,1078.0,Wheat,Loamy,NPK 15-15-15
19.1,11.6,7.3,4.95,0.55,18.9,45.3,944.0,Beans,Sandy,NPK 15-15-15
57.9,58.0,27.7,7.71,1.64,32.8,83.5,1044.0,Rice,Clay,Organic Compost
47.4,30.9,22.6,6.98,2.11,33.3,61.5,692.0,Millet,Loamy,Potash
21.2,36.8,21.6,7.47,1.26,21.4,64.9,960.0,Beans,Silt,NPK 15-15-15
22.3,44.4,44.9,6.06,1.04,30.5,76.3,1281.0,Beans,Loamy,NPK 20-10-10
24.5,20.4,14.6,4.99,0.82,27.8,51.0,1940.0,Tomato,Sandy,Potash
52.1,48.1,22.8,6.97,1.99,27.9,72.4,1749.0,Sorghum,Loamy,Potash
27.2,33.3,32.7,6.78,1.6,30.5,43.1,1824.0,Rice,Sandy,DAP
13.7,43.3,24.1,6.01,0.95,36.4,94.8,1104.0,Wheat,Loamy,Urea
47.2,25.6,56.3,6.09,1.99,30.8,83.0,1005.0,Maize,Clay,Organic Compost
20.6,20.0,42.5,5.36,1.78,37.2,54.9,1804.0,Sorghum,Loamy,NPK 15-15-15
13.0,32.8,26.3,7.13,2.28,20.2,45.5,532.0,Sorghum,Sandy,NPK 20-10-10
30.4,40.6,48.5,5.83,0.98,37.4,50.6,1202.0,Beans,Loamy,NPK 20-10-10
28.7,41.9,38.2,7.44,1.02,23.3,53.8,1256.0,Cassava,Silt,NPK 20-10-10
42.5,49.3,18.3,6.89,2.4,26.8,66.7,465.0,Beans,Silt,Potash
60.6,29.4,52.4,5.27,0.73,36.3,47.0,1475.0,Tomato,Clay,Organic Compost
20.5,24.2,27.9,5.8,2.47,19.5,47.1,1467.0,Beans,Sandy,NPK 15-15-15
51.8,52.2,56.5,5.14,2.18,31.5,86.9,1353.0,Maize,Clay,Organic Compost
32.9,24.4,17.4,5.97,1.29,31.6,58.4,417.0,Millet,Sandy,Superphosphate
11.0,21.7,30.1,7.34,1.93,37.8,72.2,1073.0,Rice,Silt,Urea
16.8,19.4,21.0,6.27,1.04,35.0,94.5,1944.0,Millet,Silt,NPK 20-10-10
14.2,32.9,37.9,7.88,0.59,28.2,63.8,641.0,Tomato,Loamy,Urea
26.1,30.3,44.0,5.45,1.89,34.0,63.0,1933.0,Wheat,Clay,Organic Compost
38.4,30.5,34.2,6.49,2.31,25.6,43.3,1495.0,Wheat,Silt,NPK 15-15-15
12.1,28.7,6.9,5.23,0.42,31.8,82.1,1265.0,Millet,Sandy,NPK 20-10-10
32.3,36.2,39.9,7.32,2.47,34.1,59.3,431.0,Tomato,Clay,Organic Compost
14.6,32.9,7.7,5.77,1.5,23.6,46.3,599.0,Sorghum,Sandy,NPK 20-10-10
61.4,39.9,52.1,5.28,1.92,27.1,75.5,451.0,Rice,Clay,Organic Compost
31.1,17.3,23.0,4.69,1.16,23.5,83.0,616.0,Tomato,Silt,DAP
44.6,47.2,25.4,6.91,1.82,27.4,92.7,835.0,Beans,Clay,Organic Compost
24.2,19.1,37.2,7.32,2.29,23.0,75.7,1211.0,Maize,Silt,DAP
26.3,23.7,32.2,6.72,1.93,24.9,50.3,1915.0,Tomato,Sandy,NPK 15-15-15
35.0,12.9,26.2,5.33,1.37,25.6,81.5,1148.0,Tomato,Sandy,DAP
48.0,21.0,31.8,6.07,1.44,31.3,88.8,652.0,Rice,Loamy,Potash
12.3,12.3,50.5,7.63,1.12,31.0,48.2,1607.0,Rice,Loamy,NPK 20-10-10
24.0,18.4,16.0,5.52,0.59,22.2,70.7,835.0,Sorghum,Sandy,Superphosphate
28.0,46.0,42.2,4.79,2.17,34.6,59.1,1189.0,Beans,Silt,Superphosphate
52.9,52.1,41.4,4.57,0.45,29.9,52.7,1443.0,Maize,Loamy,NPK 20-10-10
22.1,12.1,24.1,5.74,1.82,35.2,84.6,1573.0,Rice,Silt,DAP
28.7,8.9,23.2,7.5,1.86,20.3,50.1,1819.0,Tomato,Sandy,DAP
13.8,12.5,7.2,6.23,1.27,22.9,75.8,731.0,Maize,Sandy,Superphosphate
43.3,19.9,37.3,4.82,0.99,34.7,48.1,1466.0,Cassava,Loamy,Superphosphate
29.3,41.2,61.5,5.37,1.61,25.6,78.2,1887.0,Rice,Clay,Organic Compost
32.5,31.1,12.4,7.1,1.14,21.8,65.4,1170.0,Maize,Sandy,Potash
11.4,20.2,42.4,7.7,0.55,22.1,43.3,1200.0,Maize,Silt,Urea
47.3,33.4,32.0,6.48,0.93,31.9,77.2,629.0,Wheat,Loamy,Potash
46.3,14.8,11.0,4.99,0.92,30.2,41.7,454.0,Rice,Silt,Superphosphate
26.1,27.5,46.2,7.87,2.1,28.0,69.8,1102.0,Millet,Loamy,NPK 15-15-15
27.8,31.4,21.6,6.58,2.04,25.0,76.4,1077.0,Maize,Sandy,NPK 15-15-15
34.7,8.8,32.4,7.37,2.23,35.5,67.8,1338.0,Tomato,Silt,DAP
39.2,23.0,50.4,6.86,1.91,20.5,41.1,1340.0,Wheat,Loamy,NPK 15-15-15
33.4,21.7,26.3,7.57,1.9,24.2,67.6,1127.0,Maize,Silt,Potash
17.2,19.3,26.5,8.18,1.71,24.2,49.0,1010.0,Maize,Loamy,NPK 20-10-10
34.6,52.2,26.0,4.98,2.28,30.8,78.0,648.0,Millet,Loamy,NPK 20-10-10
23.7,40.9,46.7,7.96,1.16,23.2,86.8,975.0,Wheat,Loamy,NPK 20-10-10
22.2,28.1,27.7,7.25,1.81,19.3,40.9,1157.0,Rice,Clay,Organic Compost
20.7,31.6,33.4,4.61,2.58,36.9,60.7,1350.0,Tomato,Silt,NPK 15-15-15
23.8,27.3,50.5,5.41,2.57,34.7,85.6,668.0,Millet,Clay,Organic Compost
37.8,51.3,46.3,7.72,2.15,31.4,74.9,1677.0,Millet,Clay,Organic Compost
33.2,28.8,31.4,6.99,1.23,36.5,53.9,908.0,Sorghum,Sandy,NPK 15-15-15
32.6,32.1,37.5,7.56,0.97,33.3,68.7,1826.0,Tomato,Silt,Superphosphate
6.7,25.1,28.7,6.45,2.23,30.8,75.5,773.0,Sorghum,Sandy,NPK 20-10-10
33.9,17.1,18.5,7.12,2.17,22.7,94.7,463.0,Tomato,Sandy,DAP
31.7,34.7,45.8,6.16,2.12,30.3,62.8,1318.0,Wheat,Silt,NPK 15-15-15
35.3,47.4,27.8,5.21,1.47,27.8,57.5,1367.0,Millet,Loamy,NPK 20-10-10
34.9,12.9,40.7,6.02,2.16,32.5,83.5,821.0,Sorghum,Loamy,DAP
58.6,47.4,24.7,6.49,1.81,36.4,55.5,978.0,Tomato,Clay,Organic Compost
31.2,43.1,13.3,5.93,1.31,19.7,93.1,1966.0,Sorghum,Loamy,Potash
47.3,58.9,56.7,5.69,1.97,21.1,77.0,778.0,Maize,Clay,Organic Compost
